species,community,site,ind,plant_height,floral_height,
Agrostis schleicheri,Temperate,Los Cazadores,1,9,17,
Agrostis schleicheri,Temperate,Los Cazadores,2,7,14,
Agrostis schleicheri,Temperate,Los Cazadores,3,4,15,
Agrostis schleicheri,Temperate,Los Cazadores,4,7,17,
Agrostis schleicheri,Temperate,Los Cazadores,5,8,12,
Agrostis schleicheri,Temperate,Los Cazadores,6,7,20,
Agrostis schleicheri,Temperate,Los Cazadores,7,3,14,
Agrostis schleicheri,Temperate,Los Cazadores,8,5,18,
Agrostis schleicheri,Temperate,Los Cazadores,9,6,15,
Agrostis schleicheri,Temperate,Los Cazadores,10,10,23,
Agrostis tileni,Mediterranean,Penouta,1,9,16.2,
Agrostis tileni,Mediterranean,Penouta,2,7.2,16.8,
Agrostis tileni,Mediterranean,Penouta,3,6.2,16,
Agrostis tileni,Mediterranean,Penouta,4,9.4,17,
Agrostis tileni,Mediterranean,Penouta,5,10.8,21,
Agrostis tileni,Mediterranean,Penouta,6,12.8,23.8,
Agrostis tileni,Mediterranean,Penouta,7,5.4,10.2,
Agrostis tileni,Mediterranean,Penouta,8,0.8,17.2,
Agrostis tileni,Mediterranean,Penouta,9,6.8,11.4,
Agrostis tileni,Mediterranean,Penouta,10,8.4,16.2,
Agrostis tileni,Mediterranean,Ca鎙da,1,6.2,14.6,
Agrostis tileni,Mediterranean,Ca鎙da,2,11.4,17,
Agrostis tileni,Mediterranean,Ca鎙da,3,8.2,13.2,
Agrostis tileni,Mediterranean,Ca鎙da,4,7,3.8,
Agrostis tileni,Mediterranean,Ca鎙da,5,6.6,6.2,
Agrostis tileni,Mediterranean,Ca鎙da,6,3.8,11.6,
Agrostis tileni,Mediterranean,Ca鎙da,7,5.8,15.6,
Agrostis tileni,Mediterranean,Ca鎙da,8,8.8,19.4,
Agrostis tileni,Mediterranean,Ca鎙da,9,10.2,19.4,
Agrostis tileni,Mediterranean,Ca鎙da,10,6.6,21.2,
Alchemilla catalaunica,Temperate,Hoyo sin Tierra,1,6.4,7.5,
Alchemilla catalaunica,Temperate,Hoyo sin Tierra,2,8,14.2,
Alchemilla catalaunica,Temperate,Hoyo sin Tierra,3,9.2,13,
Alchemilla catalaunica,Temperate,Hoyo sin Tierra,4,2,3.4,
Alchemilla catalaunica,Temperate,Hoyo sin Tierra,5,7.4,9.5,
Alchemilla catalaunica,Temperate,Hoyo sin Tierra,6,4.8,8.1,
Alchemilla catalaunica,Temperate,Hoyo sin Tierra,7,5,8.2,
Alchemilla catalaunica,Temperate,Hoyo sin Tierra,8,3.2,7.9,
Alchemilla catalaunica,Temperate,Hoyo sin Tierra,9,5.2,7.2,
Alchemilla catalaunica,Temperate,Hoyo sin Tierra,10,10.2,12.6,
Alchemilla catalaunica,Temperate,Los Cazadores,1,3.8,3.2,
Alchemilla catalaunica,Temperate,Los Cazadores,2,3.2,6.2,
Alchemilla catalaunica,Temperate,Los Cazadores,3,5.2,,
Alchemilla catalaunica,Temperate,Los Cazadores,4,3.8,7.2,
Alchemilla catalaunica,Temperate,Los Cazadores,5,1.4,2.8,
Alchemilla catalaunica,Temperate,Los Cazadores,6,3.4,4.6,
Alchemilla catalaunica,Temperate,Los Cazadores,7,4.2,7,
Alchemilla catalaunica,Temperate,Los Cazadores,8,6.4,9.2,
Alchemilla catalaunica,Temperate,Los Cazadores,9,2.2,4,
Alchemilla catalaunica,Temperate,Los Cazadores,10,3.5,4.6,
Androsace villosa,Temperate,Hoyo sin Tierra,1,2,3,
Androsace villosa,Temperate,Hoyo sin Tierra,2,2,4.3,
Androsace villosa,Temperate,Hoyo sin Tierra,3,2,3.5,
Androsace villosa,Temperate,Hoyo sin Tierra,4,1.5,2.5,
Androsace villosa,Temperate,Hoyo sin Tierra,5,1.2,2.2,
Androsace villosa,Temperate,Hoyo sin Tierra,6,2.1,3,
Androsace villosa,Temperate,Hoyo sin Tierra,7,0.4,1.2,
Androsace villosa,Temperate,Hoyo sin Tierra,8,0.6,2.5,
Androsace villosa,Temperate,Hoyo sin Tierra,9,1.1,2.2,
Androsace villosa,Temperate,Hoyo sin Tierra,10,1.5,2.5,
Androsace villosa,Temperate,Los Cazadores,1,1,2.2,
Androsace villosa,Temperate,Los Cazadores,2,1.8,2.2,
Androsace villosa,Temperate,Los Cazadores,3,0.4,1.4,
Androsace villosa,Temperate,Los Cazadores,4,0.6,2,
Androsace villosa,Temperate,Los Cazadores,5,1.4,2.4,
Androsace villosa,Temperate,Los Cazadores,6,0.8,1.6,
Androsace villosa,Temperate,Los Cazadores,7,0.8,1.8,
Androsace villosa,Temperate,Los Cazadores,8,1,2.6,
Androsace villosa,Temperate,Los Cazadores,9,0.6,1,
Androsace villosa,Temperate,Los Cazadores,10,2.4,3.9,
Anthyllis vulneraria,Temperate,Hoyo sin Tierra,1,3.5,2.4,
Anthyllis vulneraria,Temperate,Hoyo sin Tierra,2,2.9,5.2,
Anthyllis vulneraria,Temperate,Hoyo sin Tierra,3,4.2,6,
Anthyllis vulneraria,Temperate,Hoyo sin Tierra,4,6,5.4,
Anthyllis vulneraria,Temperate,Hoyo sin Tierra,5,2.5,5.2,
Anthyllis vulneraria,Temperate,Hoyo sin Tierra,6,3,7.6,
Anthyllis vulneraria,Temperate,Hoyo sin Tierra,7,2.7,5,
Anthyllis vulneraria,Temperate,Hoyo sin Tierra,8,3,4.3,
Anthyllis vulneraria,Temperate,Hoyo sin Tierra,9,4.3,45.6,
Anthyllis vulneraria,Temperate,Hoyo sin Tierra,10,2.8,5.2,
Anthyllis vulneraria,Temperate,Los Cazadores,1,0.9,2,
Anthyllis vulneraria,Temperate,Los Cazadores,2,1.5,2.4,
Anthyllis vulneraria,Temperate,Los Cazadores,3,3,3.4,
Anthyllis vulneraria,Temperate,Los Cazadores,4,2,7.2,
Anthyllis vulneraria,Temperate,Los Cazadores,5,1.2,4.2,
Anthyllis vulneraria,Temperate,Los Cazadores,6,1.5,3.4,
Anthyllis vulneraria,Temperate,Los Cazadores,7,5.4,4.5,
Anthyllis vulneraria,Temperate,Los Cazadores,8,0.8,3,
Anthyllis vulneraria,Temperate,Los Cazadores,9,2.8,4.9,
Anthyllis vulneraria,Temperate,Los Cazadores,10,4.8,7,
Arabis alpina,Temperate,Hoyo sin Tierra,1,5.5,10.1,
Arabis alpina,Temperate,Hoyo sin Tierra,2,2.8,7,
Arabis alpina,Temperate,Hoyo sin Tierra,3,2,6.5,
Arabis alpina,Temperate,Hoyo sin Tierra,4,4.5,16,
Arabis alpina,Temperate,Hoyo sin Tierra,5,5.4,14.1,
Arabis alpina,Temperate,Hoyo sin Tierra,6,1.8,8.3,
Arabis alpina,Temperate,Hoyo sin Tierra,7,5.5,14.6,
Arabis alpina,Temperate,Hoyo sin Tierra,8,5.5,10.6,
Arabis alpina,Temperate,Hoyo sin Tierra,9,9,12,
Arabis alpina,Temperate,Hoyo sin Tierra,10,5,9,
Arabis alpina,Temperate,Urriellu,1,3.4,9.4,
Arabis alpina,Temperate,Urriellu,2,1.8,8.2,
Arabis alpina,Temperate,Urriellu,3,3.6,9.3,
Arabis alpina,Temperate,Urriellu,4,3.4,10.4,
Arabis alpina,Temperate,Urriellu,5,1.9,8.8,
Arabis alpina,Temperate,Urriellu,6,4.9,16,
Arabis alpina,Temperate,Urriellu,7,2,5,
Arabis alpina,Temperate,Urriellu,8,8,17,
Arabis alpina,Temperate,Urriellu,9,3.9,13.2,
Arabis alpina,Temperate,Urriellu,10,4.9,9.8,
Arenaria erinacea,Temperate,Hoyo sin Tierra,1,1.9,3,
Arenaria erinacea,Temperate,Hoyo sin Tierra,2,0.9,1.8,
Arenaria erinacea,Temperate,Hoyo sin Tierra,3,0.6,14,
Arenaria erinacea,Temperate,Hoyo sin Tierra,4,1.2,2,
Arenaria erinacea,Temperate,Hoyo sin Tierra,5,1.4,2.3,
Arenaria erinacea,Temperate,Hoyo sin Tierra,6,1,2.3,
Arenaria erinacea,Temperate,Hoyo sin Tierra,7,1.4,2.5,
Arenaria erinacea,Temperate,Hoyo sin Tierra,8,0.9,2.2,
Arenaria erinacea,Temperate,Hoyo sin Tierra,9,2.6,3.3,
Arenaria erinacea,Temperate,Hoyo sin Tierra,10,0.8,1.6,
Arenaria erinacea,Temperate,Hoyo sin Tierra,1,1.2,1.9,
Arenaria erinacea,Temperate,Hoyo sin Tierra,2,1.7,2.3,
Arenaria erinacea,Temperate,Hoyo sin Tierra,3,0.9,1.8,
Arenaria erinacea,Temperate,Hoyo sin Tierra,4,1.6,2.1,
Arenaria erinacea,Temperate,Hoyo sin Tierra,5,0.9,1.5,
Arenaria erinacea,Temperate,Hoyo sin Tierra,6,2.5,3.2,
Arenaria erinacea,Temperate,Hoyo sin Tierra,7,2.9,3.7,
Arenaria erinacea,Temperate,Hoyo sin Tierra,8,0.9,1.3,
Arenaria erinacea,Temperate,Hoyo sin Tierra,9,1,1.8,
Arenaria erinacea,Temperate,Hoyo sin Tierra,10,0.7,1.2,
Arenaria grandiflora,Temperate,Horcados Rojos,1,0.8,1.8,
Arenaria grandiflora,Temperate,Horcados Rojos,2,2.2,1.6,
Arenaria grandiflora,Temperate,Horcados Rojos,3,0.8,1.6,
Arenaria grandiflora,Temperate,Horcados Rojos,4,1.2,2,
Arenaria grandiflora,Temperate,Horcados Rojos,5,1.8,2.4,
Arenaria grandiflora,Temperate,Horcados Rojos,6,2.8,3.2,
Arenaria grandiflora,Temperate,Horcados Rojos,7,2.2,3,
Arenaria grandiflora,Temperate,Horcados Rojos,8,1.8,2.4,
Arenaria grandiflora,Temperate,Horcados Rojos,9,1,2.2,
Arenaria grandiflora,Temperate,Horcados Rojos,10,1,1.8,
Arenaria moehringioides,Temperate,Urriellu,1,2.5,4.1,
Arenaria moehringioides,Temperate,Urriellu,2,2,3.1,
Arenaria moehringioides,Temperate,Urriellu,3,4.6,6.4,
Arenaria moehringioides,Temperate,Urriellu,4,4,6.1,
Arenaria moehringioides,Temperate,Urriellu,5,1.9,3.2,
Arenaria moehringioides,Temperate,Urriellu,6,3.6,5.8,
Arenaria moehringioides,Temperate,Urriellu,7,1.6,2,
Arenaria moehringioides,Temperate,Urriellu,8,1.9,3.4,
Arenaria moehringioides,Temperate,Urriellu,9,2,4.5,
Arenaria moehringioides,Temperate,Urriellu,10,4.8,6.9,
Arenaria moehringioides,Temperate,Los Boches,1,3,3.5,
Arenaria moehringioides,Temperate,Los Boches,2,2.8,4.3,
Arenaria moehringioides,Temperate,Los Boches,3,1.6,2.8,
Arenaria moehringioides,Temperate,Los Boches,4,1.6,2.5,
Arenaria moehringioides,Temperate,Los Boches,5,2,3.8,
Arenaria moehringioides,Temperate,Los Boches,6,1.2,2.5,
Arenaria moehringioides,Temperate,Los Boches,7,1,2.4,
Arenaria moehringioides,Temperate,Los Boches,8,2.4,3.8,
Arenaria moehringioides,Temperate,Los Boches,9,0.5,2.6,
Arenaria moehringioides,Temperate,Los Boches,10,1.9,3.2,
Arenaria purpurascens,Temperate,Hoyo sin Tierra,1,1.8,4,
Arenaria purpurascens,Temperate,Hoyo sin Tierra,2,2.2,4.3,
Arenaria purpurascens,Temperate,Hoyo sin Tierra,3,2.5,3.5,
Arenaria purpurascens,Temperate,Hoyo sin Tierra,4,4,4.6,
Arenaria purpurascens,Temperate,Hoyo sin Tierra,5,2.5,4.5,
Arenaria purpurascens,Temperate,Hoyo sin Tierra,6,2.3,4,
Arenaria purpurascens,Temperate,Hoyo sin Tierra,7,3.2,5,
Arenaria purpurascens,Temperate,Hoyo sin Tierra,8,2.2,3.5,
Arenaria purpurascens,Temperate,Hoyo sin Tierra,9,3.7,5.4,
Arenaria purpurascens,Temperate,Hoyo sin Tierra,10,4.5,5.4,
Arenaria purpurascens,Temperate,Los Cazadores,1,2.8,3.2,
Arenaria purpurascens,Temperate,Los Cazadores,2,2.5,3.6,
Arenaria purpurascens,Temperate,Los Cazadores,3,1.8,2.4,
Arenaria purpurascens,Temperate,Los Cazadores,4,2.4,3,
Arenaria purpurascens,Temperate,Los Cazadores,5,1.4,2.4,
Arenaria purpurascens,Temperate,Los Cazadores,6,1.5,3.5,
Arenaria purpurascens,Temperate,Los Cazadores,7,2.6,3,
Arenaria purpurascens,Temperate,Los Cazadores,8,2,3.5,
Arenaria purpurascens,Temperate,Los Cazadores,9,1.6,2.2,
Arenaria purpurascens,Temperate,Los Cazadores,10,1.8,3.6,
Armeria cantabrica,Temperate,Hoyo sin Tierra,1,2,21.2,
Armeria cantabrica,Temperate,Hoyo sin Tierra,2,2,28.6,
Armeria cantabrica,Temperate,Hoyo sin Tierra,3,3,31.2,
Armeria cantabrica,Temperate,Hoyo sin Tierra,4,2,22.4,
Armeria cantabrica,Temperate,Hoyo sin Tierra,5,5.5,25.6,
Armeria cantabrica,Temperate,Hoyo sin Tierra,6,2,19.5,
Armeria cantabrica,Temperate,Hoyo sin Tierra,7,3.4,19.3,
Armeria cantabrica,Temperate,Hoyo sin Tierra,8,2,18.3,
Armeria cantabrica,Temperate,Hoyo sin Tierra,9,2.2,21,
Armeria cantabrica,Temperate,Hoyo sin Tierra,10,2.3,27.2,
Armeria cantabrica,Temperate,Hou sin Tierri,1,1.5,14,
Armeria cantabrica,Temperate,Hou sin Tierri,2,2,10.3,
Armeria cantabrica,Temperate,Hou sin Tierri,3,1,11.5,
Armeria cantabrica,Temperate,Hou sin Tierri,4,1,8.5,
Armeria cantabrica,Temperate,Hou sin Tierri,5,1.1,11.4,
Armeria cantabrica,Temperate,Hou sin Tierri,6,0.8,11.2,
Armeria cantabrica,Temperate,Hou sin Tierri,7,1.4,13.5,
Armeria cantabrica,Temperate,Hou sin Tierri,8,0.4,17.5,
Armeria cantabrica,Temperate,Hou sin Tierri,9,2,11.1,
Armeria cantabrica,Temperate,Hou sin Tierri,10,2.5,19.1,
Armeria cantabrica,Temperate,Hoyo sin Tierra,1,4.5,33,
Armeria cantabrica,Temperate,Hoyo sin Tierra,2,2.5,21,
Armeria cantabrica,Temperate,Hoyo sin Tierra,3,3,25.5,
Armeria cantabrica,Temperate,Hoyo sin Tierra,4,1,9.5,
Armeria cantabrica,Temperate,Hoyo sin Tierra,5,2.5,27,
Armeria cantabrica,Temperate,Hoyo sin Tierra,6,3,23,
Armeria cantabrica,Temperate,Hoyo sin Tierra,7,3.5,16,
Armeria cantabrica,Temperate,Hoyo sin Tierra,8,2.5,25,
Armeria cantabrica,Temperate,Hoyo sin Tierra,9,3,24,
Armeria cantabrica,Temperate,Hoyo sin Tierra,10,2.5,21,
Armeria duriaei,Mediterranean,Solana,1,6.2,23.8,
Armeria duriaei,Mediterranean,Solana,2,8.4,24.2,
Armeria duriaei,Mediterranean,Solana,3,9,18.6,
Armeria duriaei,Mediterranean,Solana,4,5.4,17,
Armeria duriaei,Mediterranean,Solana,5,5.2,23,
Armeria duriaei,Mediterranean,Solana,6,6.8,16.8,
Armeria duriaei,Mediterranean,Solana,7,7.2,21.8,
Armeria duriaei,Mediterranean,Solana,8,6.2,21.4,
Armeria duriaei,Mediterranean,Solana,9,4.8,16.4,
Armeria duriaei,Mediterranean,Solana,10,7.2,22,
Armeria duriaei,Mediterranean,Rabinalto,1,6,21.2,
Armeria duriaei,Mediterranean,Rabinalto,2,9,19.8,
Armeria duriaei,Mediterranean,Rabinalto,3,5.8,12.6,
Armeria duriaei,Mediterranean,Rabinalto,4,8,16.2,
Armeria duriaei,Mediterranean,Rabinalto,5,10,19.2,
Armeria duriaei,Mediterranean,Rabinalto,6,10,19.4,
Armeria duriaei,Mediterranean,Rabinalto,7,8.8,20,
Armeria duriaei,Mediterranean,Rabinalto,8,10.2,20.4,
Armeria duriaei,Mediterranean,Rabinalto,9,9,17.4,
Armeria duriaei,Mediterranean,Rabinalto,10,6.6,18.2,
Avenella flexuosa,Mediterranean,Rabinalto,1,12,33.2,58.2
Avenella flexuosa,Mediterranean,Rabinalto,2,3,8,21
Avenella flexuosa,Mediterranean,Rabinalto,3,5,20.2,29.2
Avenella flexuosa,Mediterranean,Rabinalto,4,4.8,10,23.4
Avenella flexuosa,Mediterranean,Rabinalto,5,9,11,25.8
Avenella flexuosa,Mediterranean,Rabinalto,6,3,7,18
Avenella flexuosa,Mediterranean,Rabinalto,7,10,13,20.2
Avenella flexuosa,Mediterranean,Rabinalto,8,1.5,7,19.2
Avenella flexuosa,Mediterranean,Rabinalto,9,3,11,19.8
Avenella flexuosa,Mediterranean,Rabinalto,10,4,10.6,20
Avenella flexuosa,Mediterranean,Penouta,1,4.2,7,15
Avenella flexuosa,Mediterranean,Penouta,2,2,7.8,15.6
Avenella flexuosa,Mediterranean,Penouta,3,5,13,15.8
Avenella flexuosa,Mediterranean,Penouta,4,9,13.2,21
Avenella flexuosa,Mediterranean,Penouta,5,5.6,7,14.8
Avenella flexuosa,Mediterranean,Penouta,6,1.2,10,21.2
Avenella flexuosa,Mediterranean,Penouta,7,2,9.2,17.2
Avenella flexuosa,Mediterranean,Penouta,8,3.8,12,23.4
Avenella flexuosa,Mediterranean,Penouta,9,2.6,8,20.2
Avenella flexuosa,Mediterranean,Penouta,10,4.8,9,20
Biscutela laevigata,Mediterranean,Rabinalto,1,13,21.2,
Biscutela laevigata,Mediterranean,Rabinalto,2,6.4,13.6,
Biscutela laevigata,Mediterranean,Rabinalto,3,2.8,12.2,
Biscutela laevigata,Mediterranean,Rabinalto,4,7.2,18.4,
Biscutela laevigata,Mediterranean,Rabinalto,5,10.6,19.8,
Biscutela laevigata,Mediterranean,Rabinalto,6,2.6,9.2,
Biscutela laevigata,Mediterranean,Rabinalto,7,10.2,24.4,
Biscutela laevigata,Mediterranean,Rabinalto,8,7.8,13.8,
Biscutela laevigata,Mediterranean,Rabinalto,9,4.8,12.2,
Biscutela laevigata,Mediterranean,Rabinalto,10,7.2,16.4,
Carex ornithopoda,Temperate,Hoyo sin Tierra,1,4,12.4,
Carex ornithopoda,Temperate,Hoyo sin Tierra,2,5.5,17.2,
Carex ornithopoda,Temperate,Hoyo sin Tierra,3,5,12.4,
Carex ornithopoda,Temperate,Hoyo sin Tierra,4,8.3,14,
Carex ornithopoda,Temperate,Hoyo sin Tierra,5,5.4,14,
Carex ornithopoda,Temperate,Hoyo sin Tierra,6,5,10.4,
Carex ornithopoda,Temperate,Hoyo sin Tierra,7,5.6,13.4,
Carex ornithopoda,Temperate,Hoyo sin Tierra,8,4.4,16.1,
Carex ornithopoda,Temperate,Hoyo sin Tierra,9,6.8,15.5,
Carex ornithopoda,Temperate,Hoyo sin Tierra,10,7.4,17,
Carex ornithopoda,Temperate,Los Boches,1,2.6,7.2,
Carex ornithopoda,Temperate,Los Boches,2,2.5,3,
Carex ornithopoda,Temperate,Los Boches,3,1.4,5.2,
Carex ornithopoda,Temperate,Los Boches,4,1,2.5,
Carex ornithopoda,Temperate,Los Boches,5,2.5,2.6,
Carex ornithopoda,Temperate,Los Boches,6,1.5,2.5,
Carex ornithopoda,Temperate,Los Boches,7,1.5,4,
Carex ornithopoda,Temperate,Los Boches,8,1,2.5,
Carex ornithopoda,Temperate,Los Boches,9,2.3,4,
Carex ornithopoda,Temperate,Los Boches,10,4,5.6,
Carex sempervirens,Temperate,Hoyo sin Tierra,1,12,36,
Carex sempervirens,Temperate,Hoyo sin Tierra,2,12,18.4,
Carex sempervirens,Temperate,Hoyo sin Tierra,3,10,17.2,
Carex sempervirens,Temperate,Hoyo sin Tierra,4,12,34,
Carex sempervirens,Temperate,Hoyo sin Tierra,5,12,19.2,
Carex sempervirens,Temperate,Hoyo sin Tierra,6,17.4,38.2,
Carex sempervirens,Temperate,Hoyo sin Tierra,7,11.2,35.3,
Carex sempervirens,Temperate,Hoyo sin Tierra,8,17,22.2,
Carex sempervirens,Temperate,Hoyo sin Tierra,9,11.5,33.2,
Carex sempervirens,Temperate,Hoyo sin Tierra,10,10.2,32.3,
Carex sempervirens,Temperate,Los Cazadores,1,7.2,12.6,
Carex sempervirens,Temperate,Los Cazadores,2,11.5,21.5,
Carex sempervirens,Temperate,Los Cazadores,3,8.9,14.2,
Carex sempervirens,Temperate,Los Cazadores,4,11.5,22,
Carex sempervirens,Temperate,Los Cazadores,5,8,20.2,
Carex sempervirens,Temperate,Los Cazadores,6,9,17,
Carex sempervirens,Temperate,Los Cazadores,7,13.5,17.2,
Carex sempervirens,Temperate,Los Cazadores,8,6,16.8,
Carex sempervirens,Temperate,Los Cazadores,9,6.5,18.4,
Carex sempervirens,Temperate,Los Cazadores,10,11.3,16.4,
Cerastium ramossissimum,Mediterranean,Rabinalto,1,3.4,4.4,
Cerastium ramossissimum,Mediterranean,Rabinalto,2,1.6,3,
Cerastium ramossissimum,Mediterranean,Rabinalto,3,3,3.8,
Cerastium ramossissimum,Mediterranean,Rabinalto,4,3.4,4.2,
Cerastium ramossissimum,Mediterranean,Rabinalto,5,2,3.2,
Cerastium ramossissimum,Mediterranean,Rabinalto,6,2.2,3.8,
Cerastium ramossissimum,Mediterranean,Rabinalto,7,3.2,6.8,
Cerastium ramossissimum,Mediterranean,Rabinalto,8,1.4,2,
Cerastium ramossissimum,Mediterranean,Rabinalto,9,1.8,3.4,
Cerastium ramossissimum,Mediterranean,Rabinalto,10,3.2,4.8,
Cerastium ramossissimum,Mediterranean,Ca鎙da,1,4.8,7.8,
Cerastium ramossissimum,Mediterranean,Ca鎙da,2,0.8,4.2,
Cerastium ramossissimum,Mediterranean,Ca鎙da,3,5.8,7,
Cerastium ramossissimum,Mediterranean,Ca鎙da,4,3.8,6,
Cerastium ramossissimum,Mediterranean,Ca鎙da,5,2,3.4,
Cerastium ramossissimum,Mediterranean,Ca鎙da,6,3.4,5,
Cerastium ramossissimum,Mediterranean,Ca鎙da,7,2.4,4.2,
Cerastium ramossissimum,Mediterranean,Ca鎙da,8,2.2,4,
Cerastium ramossissimum,Mediterranean,Ca鎙da,9,4.6,6.2,
Cerastium ramossissimum,Mediterranean,Ca鎙da,10,2.4,4,
Conopodium majus,Mediterranean,Penouta,1,13.8,17.4,
Conopodium majus,Mediterranean,Penouta,2,19,23.8,
Conopodium majus,Mediterranean,Penouta,3,14.2,19.2,
Conopodium majus,Mediterranean,Penouta,4,11.4,18.2,
Conopodium majus,Mediterranean,Penouta,5,11.4,16,
Conopodium majus,Mediterranean,Penouta,6,16,20.6,
Conopodium majus,Mediterranean,Penouta,7,12,15.2,
Conopodium majus,Mediterranean,Penouta,8,17.4,20.4,
Conopodium majus,Mediterranean,Penouta,9,13.2,17.4,
Conopodium majus,Mediterranean,Penouta,10,7,10.2,
Conopodium majus,Mediterranean,Ca鎙da,1,8.2,11.4,
Conopodium majus,Mediterranean,Ca鎙da,2,11.8,14.6,
Conopodium majus,Mediterranean,Ca鎙da,3,11,14.8,
Conopodium majus,Mediterranean,Ca鎙da,4,10.2,13.6,
Conopodium majus,Mediterranean,Ca鎙da,5,13.2,16.8,
Conopodium majus,Mediterranean,Ca鎙da,6,12.2,15.8,
Conopodium majus,Mediterranean,Ca鎙da,7,9.8,14.8,
Conopodium majus,Mediterranean,Ca鎙da,8,6.6,11.8,
Conopodium majus,Mediterranean,Ca鎙da,9,9.4,13.4,
Conopodium majus,Mediterranean,Ca鎙da,10,12.8,18.2,
Cystopteris fragilis,Temperate,Hoyo sin Tierra,1,6.4,6.4,
Cystopteris fragilis,Temperate,Hoyo sin Tierra,2,7,7,
Cystopteris fragilis,Temperate,Hoyo sin Tierra,3,7.1,7.1,
Cystopteris fragilis,Temperate,Hoyo sin Tierra,4,4.2,4.2,
Cystopteris fragilis,Temperate,Hoyo sin Tierra,5,7,7,
Cystopteris fragilis,Temperate,Hoyo sin Tierra,6,12.1,12.1,
Cystopteris fragilis,Temperate,Hoyo sin Tierra,7,7.4,7.4,
Cystopteris fragilis,Temperate,Hoyo sin Tierra,8,5.8,5.8,
Cystopteris fragilis,Temperate,Hoyo sin Tierra,9,6.2,6.2,
Cystopteris fragilis,Temperate,Hoyo sin Tierra,10,9.4,9.4,
Cystopteris fragilis,Temperate,Hou sin Tierri,1,3.4,3.4,
Cystopteris fragilis,Temperate,Hou sin Tierri,2,7.5,7.5,
Cystopteris fragilis,Temperate,Hou sin Tierri,3,9,9,
Cystopteris fragilis,Temperate,Hou sin Tierri,4,5.5,5.5,
Cystopteris fragilis,Temperate,Hou sin Tierri,5,12.5,12.5,
Cystopteris fragilis,Temperate,Hou sin Tierri,6,9.2,9.2,
Cystopteris fragilis,Temperate,Hou sin Tierri,7,12.2,12.2,
Cystopteris fragilis,Temperate,Hou sin Tierri,8,10.6,10.6,
Cystopteris fragilis,Temperate,Hou sin Tierri,9,9.8,9.8,
Cystopteris fragilis,Temperate,Hou sin Tierri,10,9,9,
Dethawia splendes,Temperate,Hoyo sin Tierra,1,3.8,5.8,
Dethawia splendes,Temperate,Hoyo sin Tierra,2,4,7,
Dethawia splendes,Temperate,Hoyo sin Tierra,3,2.5,4.2,
Dethawia splendes,Temperate,Hoyo sin Tierra,4,16.8,21.1,
Dethawia splendes,Temperate,Hoyo sin Tierra,5,16.5,21.8,
Dethawia splendes,Temperate,Hoyo sin Tierra,6,11.4,16,
Dethawia splendes,Temperate,Hoyo sin Tierra,7,2.3,5.6,
Dethawia splendes,Temperate,Hoyo sin Tierra,8,4.6,8.6,
Dethawia splendes,Temperate,Hoyo sin Tierra,9,3.5,6.2,
Dethawia splendes,Temperate,Hoyo sin Tierra,10,2.5,4.5,
Dethawia splendes,Temperate,Los Cazadores,1,7,10,
Dethawia splendes,Temperate,Los Cazadores,2,8,16,
Dethawia splendes,Temperate,Los Cazadores,3,3.4,16.8,
Dethawia splendes,Temperate,Los Cazadores,4,2.1,6.2,
Dethawia splendes,Temperate,Los Cazadores,5,4,5.8,
Dethawia splendes,Temperate,Los Cazadores,6,5.8,3.8,
Dethawia splendes,Temperate,Los Cazadores,7,5,7.6,
Dethawia splendes,Temperate,Los Cazadores,8,6.4,9.2,
Dethawia splendes,Temperate,Los Cazadores,9,3.5,8.4,
Dethawia splendes,Temperate,Los Cazadores,10,5,6.5,
Dianthus langeanus,Mediterranean,Penouta,1,10.2,13.4,
Dianthus langeanus,Mediterranean,Penouta,2,7.4,12.2,
Dianthus langeanus,Mediterranean,Penouta,3,8,12.4,
Dianthus langeanus,Mediterranean,Penouta,4,4.2,6.2,
Dianthus langeanus,Mediterranean,Penouta,5,4,7.6,
Dianthus langeanus,Mediterranean,Penouta,6,6.2,10.4,
Dianthus langeanus,Mediterranean,Penouta,7,5.8,8.8,
Dianthus langeanus,Mediterranean,Penouta,8,5.8,7.6,
Dianthus langeanus,Mediterranean,Penouta,9,10.8,13.8,
Dianthus langeanus,Mediterranean,Penouta,10,6.2,8.4,
Dianthus langeanus,Mediterranean,Ca鎙da,1,3,8.2,
Dianthus langeanus,Mediterranean,Ca鎙da,2,2.6,9.6,
Dianthus langeanus,Mediterranean,Ca鎙da,3,1.8,6.2,
Dianthus langeanus,Mediterranean,Ca鎙da,4,2.8,5.6,
Dianthus langeanus,Mediterranean,Ca鎙da,5,2.6,7.8,
Dianthus langeanus,Mediterranean,Ca鎙da,6,1.6,5.6,
Dianthus langeanus,Mediterranean,Ca鎙da,7,6.2,10.2,
Dianthus langeanus,Mediterranean,Ca鎙da,8,7,13,
Dianthus langeanus,Mediterranean,Ca鎙da,9,6.4,10.8,
Dianthus langeanus,Mediterranean,Ca鎙da,10,3.8,11.8,
Epilobium anagallidifolium,Temperate,Hoyo sin Tierra,1,9,10.6,
Epilobium anagallidifolium,Temperate,Hoyo sin Tierra,2,6.2,7,
Epilobium anagallidifolium,Temperate,Hoyo sin Tierra,3,7,10.4,
Epilobium anagallidifolium,Temperate,Hoyo sin Tierra,4,5.5,6.6,
Epilobium anagallidifolium,Temperate,Hoyo sin Tierra,5,3,6.6,
Epilobium anagallidifolium,Temperate,Hoyo sin Tierra,6,3.8,5.8,
Epilobium anagallidifolium,Temperate,Hoyo sin Tierra,7,9,11.9,
Epilobium anagallidifolium,Temperate,Hoyo sin Tierra,8,3.8,5.2,
Epilobium anagallidifolium,Temperate,Hoyo sin Tierra,9,3.2,4,
Epilobium anagallidifolium,Temperate,Hoyo sin Tierra,10,3,4.4,
Epilobium anagallidifolium,Temperate,Urriellu,1,2.8,6.6,
Epilobium anagallidifolium,Temperate,Urriellu,2,1.4,4.3,
Epilobium anagallidifolium,Temperate,Urriellu,3,2.2,4.4,
Epilobium anagallidifolium,Temperate,,4,,,
Epilobium anagallidifolium,Temperate,,5,,,
Epilobium anagallidifolium,Temperate,,6,,,
Epilobium anagallidifolium,Temperate,,7,,,
Epilobium anagallidifolium,Temperate,,8,,,
Epilobium anagallidifolium,Temperate,,9,,,
Epilobium anagallidifolium,Temperate,,10,,,
Erigeron alpinus,Temperate,Hoyo sin Tierra,1,1.6,4.3,
Erigeron alpinus,Temperate,Hoyo sin Tierra,2,2.3,4.2,
Erigeron alpinus,Temperate,Hoyo sin Tierra,3,1.6,4.9,
Erigeron alpinus,Temperate,Hoyo sin Tierra,4,4.5,6.1,
Erigeron alpinus,Temperate,Hoyo sin Tierra,5,5,7.8,
Erigeron alpinus,Temperate,Hoyo sin Tierra,6,2.7,8.3,
Erigeron alpinus,Temperate,Hoyo sin Tierra,7,5,8,
Erigeron alpinus,Temperate,Hoyo sin Tierra,8,3.5,8.3,
Erigeron alpinus,Temperate,Hoyo sin Tierra,9,2.5,7.8,
Erigeron alpinus,Temperate,Hoyo sin Tierra,10,3.5,7.6,
Erigeron alpinus,Temperate,Los Cazadores,1,2.4,2.4,
Erigeron alpinus,Temperate,Los Cazadores,2,1.1,6.4,
Erigeron alpinus,Temperate,Los Cazadores,3,1.5,8.9,
Erigeron alpinus,Temperate,Los Cazadores,4,2,4,
Erigeron alpinus,Temperate,Los Cazadores,5,1,4,
Erigeron alpinus,Temperate,Los Cazadores,6,1.5,3,
Erigeron alpinus,Temperate,Los Cazadores,7,0.5,1,
Erigeron alpinus,Temperate,Los Cazadores,8,0.5,3,
Erigeron alpinus,Temperate,Los Cazadores,9,1,5,
Erigeron alpinus,Temperate,Los Cazadores,10,1,3.5,
Euphorbia pyrenaica,Temperate,Hoyo sin Tierra,1,4.5,4.4,
Euphorbia pyrenaica,Temperate,Hoyo sin Tierra,2,2.4,2.2,
Euphorbia pyrenaica,Temperate,Hoyo sin Tierra,3,2.3,2.3,
Euphorbia pyrenaica,Temperate,Hoyo sin Tierra,4,2.5,2.4,
Euphorbia pyrenaica,Temperate,Hoyo sin Tierra,5,2,1.8,
Euphorbia pyrenaica,Temperate,Hoyo sin Tierra,6,3.5,,
Euphorbia pyrenaica,Temperate,Hoyo sin Tierra,7,1.8,,
Euphorbia pyrenaica,Temperate,Hoyo sin Tierra,8,2.5,,
Euphorbia pyrenaica,Temperate,Hoyo sin Tierra,9,2,,
Euphorbia pyrenaica,Temperate,Hoyo sin Tierra,10,1,1.4,
Euphorbia pyrenaica,Temperate,Los Cazadores,1,4,,
Euphorbia pyrenaica,Temperate,Los Cazadores,2,2,1.8,
Euphorbia pyrenaica,Temperate,Los Cazadores,3,5,,
Euphorbia pyrenaica,Temperate,Los Cazadores,4,3.8,,
Euphorbia pyrenaica,Temperate,Los Cazadores,5,3.4,,
Euphorbia pyrenaica,Temperate,Los Cazadores,6,6.2,5,
Euphorbia pyrenaica,Temperate,Los Cazadores,7,1.2,,
Euphorbia pyrenaica,Temperate,Los Cazadores,8,1.6,,
Euphorbia pyrenaica,Temperate,Los Cazadores,9,2,1.8,
Euphorbia pyrenaica,Temperate,Los Cazadores,10,2.8,2.2,
Euphrasia salisburgensis,Temperate,Hoyo sin Tierra,1,4.7,,
Euphrasia salisburgensis,Temperate,Hoyo sin Tierra,2,5.1,,
Euphrasia salisburgensis,Temperate,Hoyo sin Tierra,3,5,,
Euphrasia salisburgensis,Temperate,Hoyo sin Tierra,4,3.1,,
Euphrasia salisburgensis,Temperate,Hoyo sin Tierra,5,2.5,,
Euphrasia salisburgensis,Temperate,Hoyo sin Tierra,6,4.2,,
Euphrasia salisburgensis,Temperate,Hoyo sin Tierra,7,3.5,,
Euphrasia salisburgensis,Temperate,Hoyo sin Tierra,8,4.2,,
Euphrasia salisburgensis,Temperate,Hoyo sin Tierra,9,1.6,,
Euphrasia salisburgensis,Temperate,Hoyo sin Tierra,10,1.5,,
Euphrasia salisburgensis,Temperate,Los Cazadores,1,3.6,,
Euphrasia salisburgensis,Temperate,Los Cazadores,2,1.8,,
Euphrasia salisburgensis,Temperate,Los Cazadores,3,1,,
Euphrasia salisburgensis,Temperate,Los Cazadores,4,2.2,,
Euphrasia salisburgensis,Temperate,Los Cazadores,5,2.6,,
Euphrasia salisburgensis,Temperate,Los Cazadores,6,1.8,,
Euphrasia salisburgensis,Temperate,Los Cazadores,7,1.8,,
Euphrasia salisburgensis,Temperate,Los Cazadores,8,1.6,,
Euphrasia salisburgensis,Temperate,Los Cazadores,9,1.8,,
Euphrasia salisburgensis,Temperate,Los Cazadores,10,2,,
Euphrasia salisburgensis,Temperate,Hoyo sin Tierra,1,,4.9,
Euphrasia salisburgensis,Temperate,Hoyo sin Tierra,2,,3.9,
Euphrasia salisburgensis,Temperate,Hoyo sin Tierra,3,,1.4,
Euphrasia salisburgensis,Temperate,Hoyo sin Tierra,4,,2,
Euphrasia salisburgensis,Temperate,Hoyo sin Tierra,5,,2.4,
Euphrasia salisburgensis,Temperate,Hoyo sin Tierra,6,,2.7,
Euphrasia salisburgensis,Temperate,Hoyo sin Tierra,7,,4.8,
Euphrasia salisburgensis,Temperate,Hoyo sin Tierra,8,,4.4,
Euphrasia salisburgensis,Temperate,Hoyo sin Tierra,9,,5.7,
Euphrasia salisburgensis,Temperate,Hoyo sin Tierra,10,,4.9,
Euphrasia salisburgensis,Temperate,Hoyo sin Tierra,11,,3.1,
Euphrasia salisburgensis,Temperate,Hoyo sin Tierra,12,,3.4,
Euphrasia salisburgensis,Temperate,Hoyo sin Tierra,13,,3.5,
Euphrasia salisburgensis,Temperate,Hoyo sin Tierra,14,,4,
Euphrasia salisburgensis,Temperate,Hoyo sin Tierra,15,,4.9,
Euphrasia salisburgensis,Temperate,Hoyo sin Tierra,16,,4.5,
Euphrasia salisburgensis,Temperate,Hoyo sin Tierra,17,,5,
Euphrasia salisburgensis,Temperate,Hoyo sin Tierra,18,,4.4,
Euphrasia salisburgensis,Temperate,Hoyo sin Tierra,19,,4.3,
Euphrasia salisburgensis,Temperate,Hoyo sin Tierra,20,,4.9,
Festuca glacialis,Temperate,Horcados Rojos,1,1.2,4,
Festuca glacialis,Temperate,Horcados Rojos,2,4.8,8,
Festuca glacialis,Temperate,Horcados Rojos,3,2.4,9.4,
Festuca glacialis,Temperate,Horcados Rojos,4,2.2,5.4,
Festuca glacialis,Temperate,Horcados Rojos,5,1.4,7.8,
Festuca glacialis,Temperate,Horcados Rojos,6,2.2,13.8,
Festuca glacialis,Temperate,Horcados Rojos,7,4,10.8,
Festuca glacialis,Temperate,Horcados Rojos,8,2,7.4,
Festuca glacialis,Temperate,Horcados Rojos,9,2.2,8.4,
Festuca glacialis,Temperate,Horcados Rojos,10,1.6,6.4,
Festuca glacialis,Temperate,Los Cazadores,1,1.2,1.6,
Festuca glacialis,Temperate,Los Cazadores,2,3,5,
Festuca glacialis,Temperate,Hou sin Tierri,3,2.1,15.6,
Festuca glacialis,Temperate,Hou sin Tierri,4,1.5,16.5,
Festuca glacialis,Temperate,Hou sin Tierri,5,2.4,15.6,
Festuca glacialis,Temperate,Hou sin Tierri,6,2.2,14.9,
Festuca glacialis,Temperate,Hou sin Tierri,7,2.5,17.6,
Festuca glacialis,Temperate,Hou sin Tierri,8,2,8.5,
Festuca glacialis,Temperate,Hou sin Tierri,9,2,12,
Festuca glacialis,Temperate,Hou sin Tierri,10,2.1,12.2,
Festuca rubra,Temperate,Hoyo sin Tierra,1,14.5,26,
Festuca rubra,Temperate,Hoyo sin Tierra,2,6,14.6,
Festuca rubra,Temperate,Hoyo sin Tierra,3,10.7,21,
Festuca rubra,Temperate,Hoyo sin Tierra,4,6.6,16.4,
Festuca rubra,Temperate,Hoyo sin Tierra,5,13.5,22.2,
Festuca rubra,Temperate,Hoyo sin Tierra,6,10,18,
Festuca rubra,Temperate,Hoyo sin Tierra,7,9.6,24.8,
Festuca rubra,Temperate,Hoyo sin Tierra,8,10.6,25,
Festuca rubra,Temperate,Hoyo sin Tierra,9,9.2,17,
Festuca rubra,Temperate,Hoyo sin Tierra,10,9.4,17.2,
Festuca rubra,Temperate,Los Cazadores,1,6,,
Festuca rubra,Temperate,Los Cazadores,2,3,,
Festuca rubra,Temperate,Los Cazadores,3,6,13,
Festuca rubra,Temperate,Los Cazadores,4,6,14,
Festuca rubra,Temperate,Los Cazadores,5,6,,
Festuca rubra,Temperate,Los Cazadores,6,8.5,,
Festuca rubra,Temperate,Los Cazadores,7,5,,
Festuca rubra,Temperate,Los Cazadores,8,6,,
Festuca rubra,Temperate,Los Cazadores,9,6,,
Festuca rubra,Temperate,Los Cazadores,10,6.5,18,
Festuca hystrix,Temperate,Hoyo sin Tierra,1,1.3,16.8,
Festuca hystrix,Temperate,Hoyo sin Tierra,2,1.5,9.9,
Festuca hystrix,Temperate,Hoyo sin Tierra,3,1,13.5,
Festuca hystrix,Temperate,Hoyo sin Tierra,4,1,12.6,
Festuca hystrix,Temperate,Hoyo sin Tierra,5,1.2,11.4,
Festuca hystrix,Temperate,Hoyo sin Tierra,6,1,12.3,
Festuca hystrix,Temperate,Hoyo sin Tierra,7,0.5,17.4,
Festuca hystrix,Temperate,Hoyo sin Tierra,8,0.1,12,
Festuca hystrix,Temperate,Hoyo sin Tierra,9,0.6,18.2,
Festuca hystrix,Temperate,Hoyo sin Tierra,10,1.1,12.4,
Festuca hystrix,Temperate,Los Cazadores,1,1.8,,
Festuca hystrix,Temperate,Los Cazadores,2,0.8,,
Festuca hystrix,Temperate,Hou sin Tierri,3,0.4,14.6,
Festuca hystrix,Temperate,Hou sin Tierri,4,0.5,12.4,
Festuca hystrix,Temperate,Hou sin Tierri,5,2.5,113,
Festuca hystrix,Temperate,Hou sin Tierri,6,0.8,12,
Festuca hystrix,Temperate,Hou sin Tierri,7,1.2,15.8,
Festuca hystrix,Temperate,Hou sin Tierri,8,1.1,17.3,
Festuca hystrix,Temperate,Hou sin Tierri,9,0.1,14.4,
Festuca hystrix,Temperate,Hou sin Tierri,10,0.5,13,
Festuca picoeuropeana,Temperate,Hoyo sin Tierra,1,6,12.6,
Festuca picoeuropeana,Temperate,Hoyo sin Tierra,2,5.8,13.8,
Festuca picoeuropeana,Temperate,Hoyo sin Tierra,3,9.5,18,
Festuca picoeuropeana,Temperate,Hoyo sin Tierra,4,8,19,
Festuca picoeuropeana,Temperate,Hoyo sin Tierra,5,9.2,17.2,
Festuca picoeuropeana,Temperate,Hoyo sin Tierra,6,10.4,20.4,
Festuca picoeuropeana,Temperate,Hoyo sin Tierra,7,4.5,9.5,
Festuca picoeuropeana,Temperate,Hoyo sin Tierra,8,8,23,
Festuca picoeuropeana,Temperate,Hoyo sin Tierra,9,6.5,14.6,
Festuca picoeuropeana,Temperate,Hoyo sin Tierra,10,8.5,16.5,
Festuca picoeuropeana,Temperate,Los Boches,1,6.5,,
Festuca picoeuropeana,Temperate,Los Boches,2,11.5,,
Festuca picoeuropeana,Temperate,Los Boches,3,9.5,,
Festuca picoeuropeana,Temperate,Los Boches,4,8.4,,
Festuca picoeuropeana,Temperate,Los Boches,5,8.8,,
Festuca picoeuropeana,Temperate,Los Boches,6,8.2,,
Festuca picoeuropeana,Temperate,Los Boches,7,7.5,,
Festuca picoeuropeana,Temperate,Los Boches,8,5,,
Festuca picoeuropeana,Temperate,Los Boches,9,4.5,,
Festuca picoeuropeana,Temperate,Los Boches,10,5.8,,
Festuca summilusitana,Mediterranean,Penouta,1,8.8,16.4,
Festuca summilusitana,Mediterranean,Penouta,2,11.2,16.2,
Festuca summilusitana,Mediterranean,Penouta,3,9.6,26,
Festuca summilusitana,Mediterranean,Penouta,4,5.6,20.8,
Festuca summilusitana,Mediterranean,Penouta,5,6.8,26.2,
Festuca summilusitana,Mediterranean,Penouta,6,8.6,26.8,
Festuca summilusitana,Mediterranean,Penouta,7,10,15,
Festuca summilusitana,Mediterranean,Penouta,8,11.2,14,
Festuca summilusitana,Mediterranean,Penouta,9,11.4,27.4,
Festuca summilusitana,Mediterranean,Penouta,10,12.4,32,
Festuca summilusitana,Mediterranean,Ca鎙da,1,20,29.8,
Festuca summilusitana,Mediterranean,Ca鎙da,2,16.4,31.6,
Festuca summilusitana,Mediterranean,Ca鎙da,3,11.8,20.6,
Festuca summilusitana,Mediterranean,Ca鎙da,4,8.8,24.6,
Festuca summilusitana,Mediterranean,Ca鎙da,5,14.6,27,
Festuca summilusitana,Mediterranean,Ca鎙da,6,19,30.4,
Festuca summilusitana,Mediterranean,Ca鎙da,7,8.8,26.2,
Festuca summilusitana,Mediterranean,Ca鎙da,8,11.4,20.2,
Festuca summilusitana,Mediterranean,Ca鎙da,9,9.2,26.6,
Festuca summilusitana,Mediterranean,Ca鎙da,10,14.8,22.2,
Galium pyrenaicum,Temperate,Horcados Rojos,1,2.4,1.6,
Galium pyrenaicum,Temperate,Horcados Rojos,2,2.6,2.4,
Galium pyrenaicum,Temperate,Horcados Rojos,3,2.8,2,
Galium pyrenaicum,Temperate,Horcados Rojos,4,1,1.2,
Galium pyrenaicum,Temperate,Horcados Rojos,5,0.8,1,
Galium pyrenaicum,Temperate,Horcados Rojos,6,2,1.8,
Galium pyrenaicum,Temperate,Horcados Rojos,7,0.8,1,
Galium pyrenaicum,Temperate,Horcados Rojos,8,2,2.4,
Galium pyrenaicum,Temperate,Horcados Rojos,9,0.8,1.4,
Galium pyrenaicum,Temperate,Horcados Rojos,10,1,0.8,
Galium pyrenaicum,Temperate,Urriellu,1,4.2,1.6,
Galium pyrenaicum,Temperate,Urriellu,2,1.1,1,
Galium pyrenaicum,Temperate,Urriellu,3,0.7,0.9,
Galium pyrenaicum,Temperate,Urriellu,4,1.8,1.8,
Galium pyrenaicum,Temperate,Urriellu,5,2.7,3,
Galium pyrenaicum,Temperate,Urriellu,6,0.7,1.2,
Galium pyrenaicum,Temperate,Urriellu,7,1.7,1.7,
Galium pyrenaicum,Temperate,Urriellu,8,0.8,1,
Galium pyrenaicum,Temperate,Urriellu,9,1.8,2.1,
Galium pyrenaicum,Temperate,Urriellu,10,1.3,1.6,
Gentiana verna,Temperate,Hoyo sin Tierra,1,2.6,6,
Gentiana verna,Temperate,Hoyo sin Tierra,2,1.5,4.5,
Gentiana verna,Temperate,Hoyo sin Tierra,3,4,8,
Gentiana verna,Temperate,Hoyo sin Tierra,4,1.8,6,
Gentiana verna,Temperate,Hoyo sin Tierra,5,2,4.6,
Gentiana verna,Temperate,Hoyo sin Tierra,6,1.2,4.5,
Gentiana verna,Temperate,Hoyo sin Tierra,7,4,6.2,
Gentiana verna,Temperate,Hoyo sin Tierra,8,3,5,
Gentiana verna,Temperate,Hoyo sin Tierra,9,1.5,4,
Gentiana verna,Temperate,Hoyo sin Tierra,10,1.5,4.5,
Gentiana verna,Temperate,Los Cazadores,1,2.2,4.2,
Gentiana verna,Temperate,Los Cazadores,2,0.5,2.5,
Gentiana verna,Temperate,Los Cazadores,3,2.1,4.5,
Gentiana verna,Temperate,Los Cazadores,4,0.8,3,
Gentiana verna,Temperate,Los Cazadores,5,0.2,3.4,
Gentiana verna,Temperate,Los Cazadores,6,0.3,2.2,
Gentiana verna,Temperate,Los Cazadores,7,1.5,3.8,
Gentiana verna,Temperate,Los Cazadores,8,2.3,4.2,
Gentiana verna,Temperate,Los Cazadores,9,1.7,3.2,
Gentiana verna,Temperate,Los Cazadores,10,0.8,1.9,
Gypsophila repens,Temperate,Hoyo sin Tierra,1,3.8,6,
Gypsophila repens,Temperate,Hoyo sin Tierra,2,1.1,2.9,
Gypsophila repens,Temperate,Hoyo sin Tierra,3,2,3.4,
Gypsophila repens,Temperate,Hoyo sin Tierra,4,1.4,3.6,
Gypsophila repens,Temperate,Hoyo sin Tierra,5,1.4,2.2,
Gypsophila repens,Temperate,Hoyo sin Tierra,6,0.6,3.5,
Gypsophila repens,Temperate,Hoyo sin Tierra,7,0.8,5.4,
Gypsophila repens,Temperate,Hoyo sin Tierra,8,1.6,4.2,
Gypsophila repens,Temperate,Hoyo sin Tierra,9,0.8,2.5,
Gypsophila repens,Temperate,Hoyo sin Tierra,10,1.5,3.6,
Gypsophila repens,Temperate,Los Cazadores,1,2.5,3.3,
Gypsophila repens,Temperate,Los Cazadores,2,1.8,3,
Gypsophila repens,Temperate,Los Cazadores,3,1.2,3.4,
Gypsophila repens,Temperate,Los Cazadores,4,1,1.8,
Gypsophila repens,Temperate,Los Cazadores,5,1.5,3.2,
Gypsophila repens,Temperate,Los Cazadores,6,1,1.8,
Gypsophila repens,Temperate,Los Cazadores,7,0.8,2.7,
Gypsophila repens,Temperate,Los Cazadores,8,1,3.2,
Gypsophila repens,Temperate,Los Cazadores,9,2.2,4.5,
Gypsophila repens,Temperate,Los Cazadores,10,1,4.8,
Helianthemum urrielense,Temperate,Hoyo sin Tierra,1,3,8.2,
Helianthemum urrielense,Temperate,Hoyo sin Tierra,2,1.2,3.6,
Helianthemum urrielense,Temperate,Hoyo sin Tierra,3,2.6,4.2,
Helianthemum urrielense,Temperate,Hoyo sin Tierra,4,2.5,5,
Helianthemum urrielense,Temperate,Hoyo sin Tierra,5,5.5,6.3,
Helianthemum urrielense,Temperate,Hoyo sin Tierra,6,4,6.5,
Helianthemum urrielense,Temperate,Hoyo sin Tierra,7,3.2,5.4,
Helianthemum urrielense,Temperate,Hoyo sin Tierra,8,6,8.5,
Helianthemum urrielense,Temperate,Hoyo sin Tierra,9,3.5,5.5,
Helianthemum urrielense,Temperate,Hoyo sin Tierra,10,1.4,3,
Helianthemum urrielense,Temperate,Los Cazadores,1,1.8,2.8,
Helianthemum urrielense,Temperate,Los Cazadores,2,2.5,4,
Helianthemum urrielense,Temperate,Los Cazadores,3,1.8,2.2,
Helianthemum urrielense,Temperate,Los Cazadores,4,1.5,2.5,
Helianthemum urrielense,Temperate,Los Cazadores,5,2,3,
Helianthemum urrielense,Temperate,Los Cazadores,6,0.5,0.8,
Helianthemum urrielense,Temperate,Los Cazadores,7,1.5,2,
Helianthemum urrielense,Temperate,Los Cazadores,8,2,2.8,
Helianthemum urrielense,Temperate,Los Cazadores,9,1,3.5,
Helianthemum urrielense,Temperate,Los Cazadores,10,0.8,1.4,
Helianthemum canum,Temperate,Hoyo sin Tierra,1,1,4.5,
Helianthemum canum,Temperate,Hoyo sin Tierra,2,4.5,0.5,
Helianthemum canum,Temperate,Hoyo sin Tierra,3,4,7.7,
Helianthemum canum,Temperate,Hoyo sin Tierra,4,0.5,1.7,
Helianthemum canum,Temperate,Hoyo sin Tierra,5,2,4.6,
Helianthemum canum,Temperate,Hoyo sin Tierra,6,6.5,8,
Helianthemum canum,Temperate,Hoyo sin Tierra,7,4,6.2,
Helianthemum canum,Temperate,Hoyo sin Tierra,8,2,3.5,
Helianthemum canum,Temperate,Hoyo sin Tierra,9,2,3,
Helianthemum canum,Temperate,Hoyo sin Tierra,10,2.4,4.5,
Helianthemum canum,Temperate,Horcados Rojos,1,1.2,0.8,
Helianthemum canum,Temperate,Horcados Rojos,2,0.8,2,
Helianthemum canum,Temperate,Horcados Rojos,3,0.8,2.2,
Helianthemum canum,Temperate,Horcados Rojos,4,2.8,3.8,
Helianthemum canum,Temperate,Horcados Rojos,5,1.4,3,
Helianthemum canum,Temperate,Horcados Rojos,6,0.8,2.2,
Helianthemum canum,Temperate,Horcados Rojos,7,1,2.4,
Helianthemum canum,Temperate,Horcados Rojos,8,2,3,
Helianthemum canum,Temperate,Horcados Rojos,9,1,2.2,
Helianthemum canum,Temperate,Horcados Rojos,10,1.4,3,
Helictochloa marginata,Mediterranean,Rabinalto,1,12.8,83,
Helictochloa marginata,Mediterranean,Rabinalto,2,14,61.2,
Helictochloa marginata,Mediterranean,Rabinalto,3,7,65,
Helictochloa marginata,Mediterranean,Rabinalto,4,11,62,
Helictochloa marginata,Mediterranean,Rabinalto,5,16.2,63.2,
Helictochloa marginata,Mediterranean,Rabinalto,6,14,53.8,
Helictochloa marginata,Mediterranean,Rabinalto,7,13.8,71,
Helictochloa marginata,Mediterranean,Rabinalto,8,11.4,78.9,
Helictochloa marginata,Mediterranean,Rabinalto,9,14,67,
Helictochloa marginata,Mediterranean,Rabinalto,10,12.1,59.8,
Helictochloa marginata,Mediterranean,Penouta,1,16,52,
Helictochloa marginata,Mediterranean,Penouta,2,9,35,
Helictochloa marginata,Mediterranean,Penouta,3,12,53,
Helictochloa marginata,Mediterranean,Penouta,4,10.2,71.2,
Helictochloa marginata,Mediterranean,Penouta,5,6,63.4,
Helictochloa marginata,Mediterranean,Penouta,6,5,51.2,
Helictochloa marginata,Mediterranean,Penouta,7,15,68,
Helictochloa marginata,Mediterranean,Penouta,8,19,64,
Helictochloa marginata,Mediterranean,Penouta,9,18.6,99,
Helictochloa marginata,Mediterranean,Penouta,10,19.8,64.6,
Helictotrichon sedenense,Temperate,Hoyo sin Tierra,1,11,53.5,
Helictotrichon sedenense,Temperate,Hoyo sin Tierra,2,15.2,51.6,
Helictotrichon sedenense,Temperate,Hoyo sin Tierra,3,11.5,52.6,
Helictotrichon sedenense,Temperate,Hoyo sin Tierra,4,13,50.7,
Helictotrichon sedenense,Temperate,Hoyo sin Tierra,5,6.4,32,
Helictotrichon sedenense,Temperate,Hoyo sin Tierra,6,5.6,26,
Helictotrichon sedenense,Temperate,Hoyo sin Tierra,7,12.5,293.5,
Helictotrichon sedenense,Temperate,Hoyo sin Tierra,8,7.2,23,
Helictotrichon sedenense,Temperate,Hoyo sin Tierra,9,11.8,32.5,
Helictotrichon sedenense,Temperate,Hoyo sin Tierra,10,11.2,27.6,
Helictotrichon sedenense,Temperate,Hou sin Tierri,1,9.4,55.2,
Helictotrichon sedenense,Temperate,Hou sin Tierri,2,8.5,44.2,
Helictotrichon sedenense,Temperate,Hou sin Tierri,3,5,43.2,
Helictotrichon sedenense,Temperate,Hou sin Tierri,4,4.6,46.1,
Helictotrichon sedenense,Temperate,Hou sin Tierri,5,4,49.9,
Helictotrichon sedenense,Temperate,Hou sin Tierri,6,8.1,50.1,
Helictotrichon sedenense,Temperate,Hou sin Tierri,7,2.6,52.1,
Helictotrichon sedenense,Temperate,Hou sin Tierri,8,4,42,
Helictotrichon sedenense,Temperate,Hou sin Tierri,9,6,42,
Helictotrichon sedenense,Temperate,Hou sin Tierri,10,4,48.5,
Hippocrepis comosa,Temperate,Los Cazadores,1,5,8.9,
Hippocrepis comosa,Temperate,Los Cazadores,2,3,4.6,
Hippocrepis comosa,Temperate,Los Cazadores,3,2,4.8,
Hippocrepis comosa,Temperate,Los Cazadores,4,1,4,
Hippocrepis comosa,Temperate,Los Cazadores,5,1.4,3.8,
Hippocrepis comosa,Temperate,Los Cazadores,6,4,5.6,
Hippocrepis comosa,Temperate,Los Cazadores,7,2.8,5.2,
Hippocrepis comosa,Temperate,Los Cazadores,8,5.2,8,
Hippocrepis comosa,Temperate,Los Cazadores,9,2.6,6.2,
Hippocrepis comosa,Temperate,Los Cazadores,10,4.2,7.8,
Hornungia alpina,Temperate,Urriellu,1,0.8,4.2,
Hornungia alpina,Temperate,Urriellu,2,2.8,6.5,
Hornungia alpina,Temperate,Urriellu,3,1,4.2,
Hornungia alpina,Temperate,Urriellu,4,0.4,7.6,
Hornungia alpina,Temperate,Urriellu,5,0.9,5.9,
Hornungia alpina,Temperate,Urriellu,6,0.4,4.9,
Hornungia alpina,Temperate,Urriellu,7,0.4,4.9,
Hornungia alpina,Temperate,Urriellu,8,0.4,6.6,
Hornungia alpina,Temperate,Urriellu,9,0.8,5,
Hornungia alpina,Temperate,Urriellu,10,2.2,6.4,
Hornungia alpina,Temperate,Los Cazadores,1,0.4,5,
Hornungia alpina,Temperate,Los Cazadores,2,0.4,5.2,
Hornungia alpina,Temperate,Los Cazadores,3,0.2,4.2,
Hornungia alpina,Temperate,Los Cazadores,4,0.2,4.8,
Hornungia alpina,Temperate,Los Cazadores,5,0.4,4.8,
Hornungia alpina,Temperate,Los Cazadores,6,0.4,4.2,
Hornungia alpina,Temperate,Los Cazadores,7,0.4,3.6,
Hornungia alpina,Temperate,Los Cazadores,8,0.2,3.8,
Hornungia alpina,Temperate,Los Cazadores,9,0.6,3.8,
Hornungia alpina,Temperate,Los Cazadores,10,0.2,1.4,
Iberis carnosa,Temperate,Hoyo sin Tierra,1,3.5,4.6,
Iberis carnosa,Temperate,Hoyo sin Tierra,2,4,4.9,
Iberis carnosa,Temperate,Hoyo sin Tierra,3,5,5.8,
Iberis carnosa,Temperate,Hoyo sin Tierra,4,6,7.4,
Iberis carnosa,Temperate,Hoyo sin Tierra,5,3.5,4.8,
Iberis carnosa,Temperate,Hoyo sin Tierra,6,4.8,6,
Iberis carnosa,Temperate,Hoyo sin Tierra,7,4,4.5,
Iberis carnosa,Temperate,Hoyo sin Tierra,8,3,3.6,
Iberis carnosa,Temperate,Hoyo sin Tierra,9,3,4.5,
Iberis carnosa,Temperate,Hoyo sin Tierra,10,3,3.5,
Iberis carnosa,Temperate,Los Cazadores,1,1.5,3.5,
Iberis carnosa,Temperate,Los Cazadores,2,1.4,2.6,
Iberis carnosa,Temperate,Los Cazadores,3,1.2,1.8,
Iberis carnosa,Temperate,Los Cazadores,4,0.8,1.4,
Iberis carnosa,Temperate,Los Cazadores,5,2.5,3.2,
Iberis carnosa,Temperate,Los Cazadores,6,3,3.8,
Iberis carnosa,Temperate,Los Cazadores,7,2.8,3,
Iberis carnosa,Temperate,Los Cazadores,8,1.2,2.8,
Iberis carnosa,Temperate,Los Cazadores,9,1.5,2.5,
Iberis carnosa,Temperate,Los Cazadores,10,2.8,3.5,
Jacobea boissieri,Temperate,Hou sin Tierri,1,1.9,6.7,
Jacobea boissieri,Temperate,Hou sin Tierri,2,2,7.8,
Jacobea boissieri,Temperate,Hou sin Tierri,3,1,10.9,
Jacobea boissieri,Temperate,Hou sin Tierri,4,0.8,7,
Jacobea boissieri,Temperate,Hou sin Tierri,5,1.6,8.5,
Jacobea boissieri,Temperate,Hou sin Tierri,6,0.5,7.8,
Jacobea boissieri,Temperate,Hou sin Tierri,7,1,10.8,
Jacobea boissieri,Temperate,Hou sin Tierri,8,0.7,9.6,
Jacobea boissieri,Temperate,Hou sin Tierri,9,0.3,9.2,
Jacobea boissieri,Temperate,Hou sin Tierri,10,0.5,6.2,
Jasione cavanillesii,Temperate,Horcados Rojos,1,1.4,3.2,
Jasione cavanillesii,Temperate,Horcados Rojos,2,0.8,2.2,
Jasione cavanillesii,Temperate,Horcados Rojos,3,1.8,2.6,
Jasione cavanillesii,Temperate,Horcados Rojos,4,2,2.8,
Jasione cavanillesii,Temperate,Horcados Rojos,5,1,2.2,
Jasione cavanillesii,Temperate,Horcados Rojos,6,3.6,4.2,
Jasione cavanillesii,Temperate,Horcados Rojos,7,1.2,2,
Jasione cavanillesii,Temperate,Horcados Rojos,8,0.4,1.6,
Jasione cavanillesii,Temperate,Horcados Rojos,9,0.6,1,
Jasione cavanillesii,Temperate,Horcados Rojos,10,2.4,4.6,
Jasione cavanillesii,Temperate,Urriellu,1,0.6,2,
Jasione cavanillesii,Temperate,Urriellu,2,0.4,1.8,
Jasione cavanillesii,Temperate,Urriellu,3,0.6,2.4,
Jasione cavanillesii,Temperate,Urriellu,4,0.6,2.2,
Jasione cavanillesii,Temperate,Urriellu,5,1.1,2.6,
Jasione cavanillesii,Temperate,Urriellu,6,0.8,3.5,
Jasione cavanillesii,Temperate,Urriellu,7,2.6,3.6,
Jasione cavanillesii,Temperate,Urriellu,8,0.8,1.8,
Jasione cavanillesii,Temperate,Urriellu,9,1,2.4,
Jasione cavanillesii,Temperate,Urriellu,10,2,3.4,
Jasione laevis,Mediterranean,Penouta,1,4,19,
Jasione laevis,Mediterranean,Penouta,2,5.6,12.4,
Jasione laevis,Mediterranean,Penouta,3,5.2,14,
Jasione laevis,Mediterranean,Penouta,4,5.4,13.6,
Jasione laevis,Mediterranean,Rabinalto,5,7.2,11.4,
Jasione laevis,Mediterranean,Rabinalto,6,4.2,7.4,
Jasione laevis,Mediterranean,Rabinalto,7,5.2,6.8,
Jasione laevis,Mediterranean,Rabinalto,8,8.2,12.8,
Jasione laevis,Mediterranean,Rabinalto,9,5.2,8,
Jasione laevis,Mediterranean,Rabinalto,10,4.2,5.8,
Jasione laevis,Mediterranean,Ca鎙da,1,2.8,6.2,
Jasione laevis,Mediterranean,Ca鎙da,2,3.6,6,
Jasione laevis,Mediterranean,Ca鎙da,3,4.6,6.4,
Jasione laevis,Mediterranean,Ca鎙da,4,4.4,5.8,
Jasione laevis,Mediterranean,Ca鎙da,5,5.8,8.6,
Jasione laevis,Mediterranean,Ca鎙da,6,5.6,7.8,
Jasione laevis,Mediterranean,Ca鎙da,7,4,5,
Jasione laevis,Mediterranean,Ca鎙da,8,3.6,5,
Jasione laevis,Mediterranean,Ca鎙da,9,4.4,5.6,
Jasione laevis,Mediterranean,Ca鎙da,10,3.4,4.8,
Jurinea humilis,Mediterranean,Rabinalto,1,5,4.8,
Jurinea humilis,Mediterranean,Rabinalto,2,6.6,7.6,
Jurinea humilis,Mediterranean,Rabinalto,3,3.2,2.6,
Jurinea humilis,Mediterranean,Solana,4,4.8,2.2,
Jurinea humilis,Mediterranean,Solana,5,4.8,4.2,
Jurinea humilis,Mediterranean,Solana,6,3.2,2.6,
Jurinea humilis,Mediterranean,Solana,7,3,1.2,
Jurinea humilis,Mediterranean,Solana,8,6.8,4.6,
Jurinea humilis,Mediterranean,Solana,9,4.8,3.4,
Jurinea humilis,Mediterranean,Solana,10,2.8,3,
Jurinea humilis,Mediterranean,Ca鎙da,1,1,3.2,
Jurinea humilis,Mediterranean,Ca鎙da,2,1.6,3,
Jurinea humilis,Mediterranean,Ca鎙da,3,2,3.2,
Jurinea humilis,Mediterranean,Ca鎙da,4,2.4,3.2,
Jurinea humilis,Mediterranean,Ca鎙da,5,4.6,4.4,
Jurinea humilis,Mediterranean,Ca鎙da,6,2.6,4.2,
Jurinea humilis,Mediterranean,Ca鎙da,7,6,4.8,
Jurinea humilis,Mediterranean,Ca鎙da,8,4.2,1.4,
Jurinea humilis,Mediterranean,Ca鎙da,9,4.4,3.4,
Jurinea humilis,Mediterranean,Ca鎙da,10,2,3.6,
Jurinea humilis,Temperate,Hoyo sin Tierra,1,3,2.5,
Jurinea humilis,Temperate,Hoyo sin Tierra,2,2.7,3.5,
Jurinea humilis,Temperate,Hoyo sin Tierra,3,0.6,2.5,
Jurinea humilis,Temperate,Hoyo sin Tierra,4,2.7,2.5,
Jurinea humilis,Temperate,Hoyo sin Tierra,5,2.9,3.1,
Jurinea humilis,Temperate,Hoyo sin Tierra,6,1.8,2.4,
Jurinea humilis,Temperate,Hoyo sin Tierra,7,3.6,3.7,
Jurinea humilis,Temperate,Hoyo sin Tierra,8,1,2.6,
Jurinea humilis,Temperate,Hoyo sin Tierra,9,3.9,3.5,
Jurinea humilis,Temperate,Hoyo sin Tierra,10,2.7,3.2,
Jurinea humilis,Temperate,Los Cazadores,1,1.5,3.1,
Jurinea humilis,Temperate,Los Cazadores,2,2,2.4,
Jurinea humilis,Temperate,Los Cazadores,3,3.1,4,
Jurinea humilis,Temperate,Los Cazadores,4,2,3.5,
Jurinea humilis,Temperate,Los Cazadores,5,2.2,2.5,
Jurinea humilis,Temperate,Los Cazadores,6,2,3.4,
Jurinea humilis,Temperate,Los Cazadores,7,1.2,1.8,
Jurinea humilis,Temperate,Los Cazadores,8,2.9,2.6,
Jurinea humilis,Temperate,Los Cazadores,9,1.8,2.1,
Jurinea humilis,Temperate,Los Cazadores,10,1.8,2.6,
Kobresia myosuroides,Temperate,Horcados Rojos,1,7.2,7.4,
Kobresia myosuroides,Temperate,Horcados Rojos,2,3.4,2.8,
Kobresia myosuroides,Temperate,Horcados Rojos,3,5.8,6.2,
Kobresia myosuroides,Temperate,Horcados Rojos,4,10,10.8,
Kobresia myosuroides,Temperate,Horcados Rojos,5,6.2,9.4,
Kobresia myosuroides,Temperate,Horcados Rojos,6,9.2,5.4,
Kobresia myosuroides,Temperate,Horcados Rojos,7,2.4,4.2,
Kobresia myosuroides,Temperate,Horcados Rojos,8,7.2,6.8,
Kobresia myosuroides,Temperate,Horcados Rojos,9,9.8,7.8,
Kobresia myosuroides,Temperate,Horcados Rojos,10,10,8.8,
Kobresia myosuroides,Temperate,Hou sin Tierri,1,7.8,9.8,
Kobresia myosuroides,Temperate,Hou sin Tierri,2,4.2,6.2,
Kobresia myosuroides,Temperate,Hou sin Tierri,3,5.5,7.8,
Kobresia myosuroides,Temperate,Hou sin Tierri,4,5.6,6.8,
Kobresia myosuroides,Temperate,Hou sin Tierri,5,8.4,11.4,
Kobresia myosuroides,Temperate,Hou sin Tierri,6,6.8,7.6,
Kobresia myosuroides,Temperate,Hou sin Tierri,7,8.2,8.6,
Kobresia myosuroides,Temperate,Hou sin Tierri,8,7.8,5.6,
Kobresia myosuroides,Temperate,Hou sin Tierri,9,8.2,8.4,
Kobresia myosuroides,Temperate,Hou sin Tierri,10,6.8,9,
Koeleria crassipes,Mediterranean,Rabinalto,1,7.2,16.8,32.4
Koeleria crassipes,Mediterranean,Rabinalto,2,13.2,22.3,35.2
Koeleria crassipes,Mediterranean,Rabinalto,3,4.6,14.2,25
Koeleria crassipes,Mediterranean,Rabinalto,4,5.4,16,25.2
Koeleria crassipes,Mediterranean,Rabinalto,5,6.2,16.2,28.6
Koeleria crassipes,Mediterranean,Rabinalto,6,5.2,11.8,31.2
Koeleria crassipes,Mediterranean,Rabinalto,7,3,9.2,34.2
Koeleria crassipes,Mediterranean,Rabinalto,8,6,13.4,27.2
Koeleria crassipes,Mediterranean,Rabinalto,9,5,8,22.2
Koeleria crassipes,Mediterranean,Rabinalto,10,2,13,36.4
Koeleria vallesiana,Temperate,Hoyo sin Tierra,1,4.5,21,
Koeleria vallesiana,Temperate,Hoyo sin Tierra,2,7,29.5,
Koeleria vallesiana,Temperate,Hoyo sin Tierra,3,3,12.4,
Koeleria vallesiana,Temperate,Hoyo sin Tierra,4,3.5,16.8,
Koeleria vallesiana,Temperate,Hoyo sin Tierra,5,2.4,13.5,
Koeleria vallesiana,Temperate,Hoyo sin Tierra,6,3,7,
Koeleria vallesiana,Temperate,Hoyo sin Tierra,7,2,10.5,
Koeleria vallesiana,Temperate,Hoyo sin Tierra,8,1.5,12.4,
Koeleria vallesiana,Temperate,Hoyo sin Tierra,9,3.8,9.4,
Koeleria vallesiana,Temperate,Hoyo sin Tierra,10,1.8,16,
Koeleria vallesiana,Temperate,Los Cazadores,1,4.5,15.1,
Koeleria vallesiana,Temperate,Los Cazadores,2,4.4,12.1,
Koeleria vallesiana,Temperate,Los Cazadores,3,3.2,11,
Koeleria vallesiana,Temperate,Los Cazadores,4,9.5,15.7,
Koeleria vallesiana,Temperate,Los Cazadores,5,2.1,8.1,
Koeleria vallesiana,Temperate,Los Cazadores,6,3.8,12.1,
Koeleria vallesiana,Temperate,Los Cazadores,7,4.6,16.1,
Koeleria vallesiana,Temperate,Los Cazadores,8,2,10.2,
Koeleria vallesiana,Temperate,Los Cazadores,9,2.5,10.4,
Koeleria vallesiana,Temperate,Los Cazadores,10,2.5,13,
Linaria alpina,Temperate,Hoyo sin Tierra,1,0.7,4.5,
Linaria alpina,Temperate,Hoyo sin Tierra,2,2.6,6.2,
Linaria alpina,Temperate,Hoyo sin Tierra,3,1,4.6,
Linaria alpina,Temperate,Hoyo sin Tierra,4,2,3.2,
Linaria alpina,Temperate,Hoyo sin Tierra,5,2,5.2,
Linaria alpina,Temperate,Hoyo sin Tierra,6,1.5,5.5,
Linaria alpina,Temperate,Hoyo sin Tierra,7,1.2,5.4,
Linaria alpina,Temperate,Hoyo sin Tierra,8,1,4.3,
Linaria alpina,Temperate,Hoyo sin Tierra,9,3,6.2,
Linaria alpina,Temperate,Hoyo sin Tierra,10,1.9,4,
Linaria alpina,Temperate,Urriellu,1,0.9,4.9,
Linaria alpina,Temperate,Urriellu,2,2.9,7.4,
Linaria alpina,Temperate,Urriellu,3,3.8,7.4,
Linaria alpina,Temperate,Urriellu,4,3.8,4.6,
Linaria alpina,Temperate,Urriellu,5,6.4,8.8,
Linaria alpina,Temperate,Urriellu,6,2.8,3.8,
Linaria alpina,Temperate,Urriellu,7,4.5,5,
Linaria alpina,Temperate,Urriellu,8,5.9,6,
Linaria alpina,Temperate,Urriellu,9,9.8,11.4,
Linaria alpina,Temperate,Urriellu,10,3.6,4.9,
Linaria supina,Mediterranean,Rabinalto,1,4,6,
Linaria supina,Mediterranean,Rabinalto,2,3.4,6,
Linaria supina,Mediterranean,Rabinalto,3,6,7.8,
Linaria supina,Mediterranean,Rabinalto,4,4,5.6,
Linaria supina,Mediterranean,Rabinalto,5,12.8,17,
Linaria supina,Mediterranean,Rabinalto,6,4.2,6,
Linaria supina,Mediterranean,Rabinalto,7,,3.6,
Linaria supina,Mediterranean,Rabinalto,8,12,16.2,
Linaria supina,Mediterranean,Rabinalto,9,10.4,14.8,
Linaria supina,Mediterranean,Rabinalto,10,10.2,15.2,
Linaria supina,Mediterranean,Solana,1,4.2,5,
Lotus corniculatus,Temperate,Hoyo sin Tierra,1,4,6.5,
Lotus corniculatus,Temperate,Hoyo sin Tierra,2,11.5,13.5,
Lotus corniculatus,Temperate,Hoyo sin Tierra,3,0.6,3.2,
Lotus corniculatus,Temperate,Hoyo sin Tierra,4,2.5,3.5,
Lotus corniculatus,Temperate,Hoyo sin Tierra,5,3.2,5.4,
Lotus corniculatus,Temperate,Hoyo sin Tierra,6,1,3.2,
Lotus corniculatus,Temperate,Hoyo sin Tierra,7,2.5,5.6,
Lotus corniculatus,Temperate,Hoyo sin Tierra,8,2,3.2,
Lotus corniculatus,Temperate,Hoyo sin Tierra,9,3.2,5.5,
Lotus corniculatus,Temperate,Hoyo sin Tierra,10,2.6,3.4,
Lotus corniculatus,Temperate,Los Cazadores,1,1.2,2.6,
Lotus corniculatus,Temperate,Los Cazadores,2,2.4,2.8,
Lotus corniculatus,Temperate,Los Cazadores,3,1.6,2,
Lotus corniculatus,Temperate,Los Cazadores,4,1.5,2.4,
Lotus corniculatus,Temperate,Los Cazadores,5,1,2.1,
Lotus corniculatus,Temperate,Los Cazadores,6,2,3.5,
Lotus corniculatus,Temperate,Los Cazadores,7,1,1.9,
Lotus corniculatus,Temperate,Los Cazadores,8,2,2.5,
Lotus corniculatus,Temperate,Los Cazadores,9,4,4,
Lotus corniculatus,Temperate,Los Cazadores,10,2.4,3,
Luzula caespitosa,Mediterranean,Penouta,1,18.6,24.4,
Luzula caespitosa,Mediterranean,Penouta,2,24.8,28.6,
Luzula caespitosa,Mediterranean,Penouta,3,11.6,16.6,
Luzula caespitosa,Mediterranean,Penouta,4,18.6,21.8,
Luzula caespitosa,Mediterranean,Penouta,5,21.4,25.8,
Luzula caespitosa,Mediterranean,Penouta,6,11.8,16.8,
Luzula caespitosa,Mediterranean,Penouta,7,18,22.8,
Luzula caespitosa,Mediterranean,Penouta,8,18,28.8,
Luzula caespitosa,Mediterranean,Penouta,9,19.8,27,
Luzula caespitosa,Mediterranean,Penouta,10,26,31.8,
Luzula caespitosa,Mediterranean,Rabinalto,1,7,26.4,
Luzula caespitosa,Mediterranean,Rabinalto,2,13.6,21.2,
Luzula caespitosa,Mediterranean,Rabinalto,3,13.8,22,
Luzula caespitosa,Mediterranean,Rabinalto,4,16.2,25.2,
Luzula caespitosa,Mediterranean,Rabinalto,5,15.8,24.6,
Luzula caespitosa,Mediterranean,Rabinalto,6,10.2,19.2,
Luzula caespitosa,Mediterranean,Rabinalto,7,19,20.2,
Luzula caespitosa,Mediterranean,Rabinalto,8,16.6,21,
Luzula caespitosa,Mediterranean,Rabinalto,9,15.8,20.2,
Luzula caespitosa,Mediterranean,Rabinalto,10,15.4,19.2,
Luzula pediformis,Temperate,Hoyo sin Tierra,1,1.7,17,
Luzula pediformis,Temperate,Hoyo sin Tierra,2,4.6,18,
Luzula pediformis,Temperate,Hoyo sin Tierra,3,4.6,,
Luzula pediformis,Temperate,Hoyo sin Tierra,4,4.8,,
Luzula pediformis,Temperate,Hoyo sin Tierra,5,3.8,,
Luzula pediformis,Temperate,Hoyo sin Tierra,6,6.2,,
Luzula pediformis,Temperate,Hoyo sin Tierra,7,7.8,,
Luzula pediformis,Temperate,Hoyo sin Tierra,8,4.4,,
Luzula pediformis,Temperate,Hoyo sin Tierra,9,4.2,,
Luzula pediformis,Temperate,Hoyo sin Tierra,10,3.2,,
Luzula pediformis,Temperate,Los Cazadores,1,5.6,15.6,
Luzula pediformis,Temperate,Los Cazadores,2,2.5,,
Luzula pediformis,Temperate,Los Cazadores,3,2,,
Luzula pediformis,Temperate,Los Cazadores,4,2.8,,
Luzula pediformis,Temperate,Los Cazadores,5,2.8,,
Luzula pediformis,Temperate,Los Cazadores,6,3,,
Luzula pediformis,Temperate,Los Cazadores,7,3.1,,
Luzula pediformis,Temperate,Los Cazadores,8,4,,
Luzula pediformis,Temperate,Los Cazadores,9,4,,
Luzula pediformis,Temperate,Los Cazadores,10,2.7,,
Minuartia recurva,Mediterranean,Solana,1,6,9.2,
Minuartia recurva,Mediterranean,Solana,2,1,4.6,
Minuartia recurva,Mediterranean,Solana,3,1.6,5.8,
Minuartia recurva,Mediterranean,Solana,4,1.4,5,
Minuartia recurva,Mediterranean,Solana,5,4.4,8.6,
Minuartia recurva,Mediterranean,Solana,6,1.4,4.6,
Minuartia recurva,Mediterranean,Solana,7,1.2,6.8,
Minuartia recurva,Mediterranean,Solana,8,2,5,
Minuartia recurva,Mediterranean,Solana,9,2.4,8,
Minuartia recurva,Mediterranean,Solana,10,2,5.6,
Minuartia recurva,Mediterranean,Ca鎙da,1,5.6,6,
Minuartia recurva,Mediterranean,Ca鎙da,2,4,6.6,
Minuartia recurva,Mediterranean,Ca鎙da,3,4.8,8.2,
Minuartia recurva,Mediterranean,Ca鎙da,4,5.6,7.6,
Minuartia recurva,Mediterranean,Ca鎙da,5,4.2,7,
Minuartia recurva,Mediterranean,Ca鎙da,6,9,11.6,
Minuartia recurva,Mediterranean,Ca鎙da,7,5.6,6.8,
Minuartia recurva,Mediterranean,Ca鎙da,8,3,7,
Minuartia recurva,Mediterranean,Ca鎙da,9,5.2,6.4,
Minuartia recurva,Mediterranean,Ca鎙da,10,5.6,7.6,
Minuartia verna,Temperate,Hoyo sin Tierra,1,4,5.5,
Minuartia verna,Temperate,Hoyo sin Tierra,2,5.5,6.5,
Minuartia verna,Temperate,Hoyo sin Tierra,3,2.8,0.8,
Minuartia verna,Temperate,Hoyo sin Tierra,4,2.2,3.5,
Minuartia verna,Temperate,Hoyo sin Tierra,5,1,4.2,
Minuartia verna,Temperate,Hoyo sin Tierra,6,1.5,3.2,
Minuartia verna,Temperate,Hoyo sin Tierra,7,1,3.4,
Minuartia verna,Temperate,Hoyo sin Tierra,8,0.8,2.6,
Minuartia verna,Temperate,Hoyo sin Tierra,9,0.8,2.4,
Minuartia verna,Temperate,Hoyo sin Tierra,10,1.4,3.8,
Minuartia verna,Temperate,Los Cazadores,1,2.5,5.9,
Minuartia verna,Temperate,Los Cazadores,2,2.5,4.8,
Minuartia verna,Temperate,Los Cazadores,3,2,4.6,
Minuartia verna,Temperate,Los Cazadores,4,3,5.5,
Minuartia verna,Temperate,Los Cazadores,5,1.2,3.8,
Minuartia verna,Temperate,Los Cazadores,6,6.2,8.4,
Minuartia verna,Temperate,Los Cazadores,7,5.5,7.2,
Minuartia verna,Temperate,Los Cazadores,8,4.6,7,
Minuartia verna,Temperate,Los Cazadores,9,3.3,5.4,
Minuartia verna,Temperate,Los Cazadores,10,2.4,4.3,
Neoschischkinia truncatula,Mediterranean,Penouta,1,6,21.2,
Neoschischkinia truncatula,Mediterranean,Penouta,2,5.4,12.2,
Neoschischkinia truncatula,Mediterranean,Penouta,3,5.2,19.2,
Neoschischkinia truncatula,Mediterranean,Penouta,4,5.4,16.2,
Neoschischkinia truncatula,Mediterranean,Penouta,5,11,19.8,
Neoschischkinia truncatula,Mediterranean,Penouta,6,5,21.2,
Neoschischkinia truncatula,Mediterranean,Penouta,7,5.4,19.2,
Neoschischkinia truncatula,Mediterranean,Penouta,8,5,16,
Neoschischkinia truncatula,Mediterranean,Penouta,9,5.8,20,
Neoschischkinia truncatula,Mediterranean,Penouta,10,5.2,21.4,
Neoschischkinia truncatula,Mediterranean,Ca鎙da,1,3.8,12.2,
Neoschischkinia truncatula,Mediterranean,Ca鎙da,2,5.8,11.2,
Neoschischkinia truncatula,Mediterranean,Ca鎙da,3,3.8,17.6,
Neoschischkinia truncatula,Mediterranean,Ca鎙da,4,6.6,10.2,
Neoschischkinia truncatula,Mediterranean,Ca鎙da,5,10,14.6,
Neoschischkinia truncatula,Mediterranean,Ca鎙da,6,18,13.6,
Neoschischkinia truncatula,Mediterranean,Ca鎙da,7,5.2,18.2,
Neoschischkinia truncatula,Mediterranean,Ca鎙da,8,7.6,13.8,
Neoschischkinia truncatula,Mediterranean,Ca鎙da,9,5.2,14.8,
Neoschischkinia truncatula,Mediterranean,Ca鎙da,10,7.8,14.8,
Oxytropis neglecta,Temperate,Hoyo sin Tierra,1,0.4,4.2,
Oxytropis neglecta,Temperate,Hoyo sin Tierra,2,0.6,3,
Oxytropis neglecta,Temperate,Hoyo sin Tierra,3,3,4.5,
Oxytropis neglecta,Temperate,Hoyo sin Tierra,4,5,8.9,
Oxytropis neglecta,Temperate,Hoyo sin Tierra,5,5,9.4,
Oxytropis neglecta,Temperate,Hoyo sin Tierra,6,4.1,9.6,
Oxytropis neglecta,Temperate,Hoyo sin Tierra,7,1.2,4.3,
Oxytropis neglecta,Temperate,Hoyo sin Tierra,8,2.4,9.2,
Oxytropis neglecta,Temperate,Hoyo sin Tierra,9,6,9.4,
Oxytropis neglecta,Temperate,Hoyo sin Tierra,10,3,9,
Pedicularis pyrenaica,Temperate,Hoyo sin Tierra,1,5.5,8,
Pedicularis pyrenaica,Temperate,Hoyo sin Tierra,2,5,6.6,
Pedicularis pyrenaica,Temperate,Hoyo sin Tierra,3,2.1,5.4,
Pedicularis pyrenaica,Temperate,Hoyo sin Tierra,4,3.6,7.2,
Pedicularis pyrenaica,Temperate,Hoyo sin Tierra,5,4,6.2,
Pedicularis pyrenaica,Temperate,Hoyo sin Tierra,6,2.8,4.5,
Pedicularis pyrenaica,Temperate,Hoyo sin Tierra,7,3,6.2,
Pedicularis pyrenaica,Temperate,Hoyo sin Tierra,8,1.2,4.5,
Pedicularis pyrenaica,Temperate,Hoyo sin Tierra,9,4,5.5,
Pedicularis pyrenaica,Temperate,Hoyo sin Tierra,10,3.9,6,
Pedicularis pyrenaica,Temperate,Los Cazadores,1,2.4,5.8,
Pedicularis pyrenaica,Temperate,Los Cazadores,2,3.8,6.8,
Pedicularis pyrenaica,Temperate,Los Cazadores,3,3,6.8,
Pedicularis pyrenaica,Temperate,Los Cazadores,4,3,4.8,
Pedicularis pyrenaica,Temperate,Los Cazadores,5,4,6.4,
Pedicularis pyrenaica,Temperate,Los Cazadores,6,3,5.6,
Pedicularis pyrenaica,Temperate,Los Cazadores,7,2.4,4.4,
Pedicularis pyrenaica,Temperate,Los Cazadores,8,4.2,7.2,
Pedicularis pyrenaica,Temperate,Los Cazadores,9,4,5.4,
Pedicularis pyrenaica,Temperate,Los Cazadores,10,6,8.8,
Phalacrocarpum oppositifolium,Mediterranean,Penouta,1,10.4,14,
Phalacrocarpum oppositifolium,Mediterranean,Penouta,2,7.8,13.8,
Phalacrocarpum oppositifolium,Mediterranean,Penouta,3,5.6,12.8,
Phalacrocarpum oppositifolium,Mediterranean,Penouta,4,4.4,9.8,
Phalacrocarpum oppositifolium,Mediterranean,Penouta,5,7.2,14.4,
Phalacrocarpum oppositifolium,Mediterranean,Penouta,6,5.2,14.6,
Phalacrocarpum oppositifolium,Mediterranean,Penouta,7,5.2,13.6,
Phalacrocarpum oppositifolium,Mediterranean,Penouta,8,8,13.6,
Phalacrocarpum oppositifolium,Mediterranean,Penouta,9,5.6,10.4,
Phalacrocarpum oppositifolium,Mediterranean,Penouta,10,5.4,10.2,
Phalacrocarpum oppositifolium,Mediterranean,Solana,1,9.8,12.6,
Phalacrocarpum oppositifolium,Mediterranean,Solana,2,6,14.4,
Phalacrocarpum oppositifolium,Mediterranean,Solana,3,6.4,15.6,
Phalacrocarpum oppositifolium,Mediterranean,Solana,4,5.4,12.6,
Phalacrocarpum oppositifolium,Mediterranean,Solana,5,4.8,11,
Phalacrocarpum oppositifolium,Mediterranean,Solana,6,6,12.4,
Phalacrocarpum oppositifolium,Mediterranean,Solana,7,5.4,8.2,
Phalacrocarpum oppositifolium,Mediterranean,Solana,8,4.8,7.8,
Phalacrocarpum oppositifolium,Mediterranean,Solana,9,6.2,9.8,
Phalacrocarpum oppositifolium,Mediterranean,Solana,10,5,9.4,
Phyteuma hemisphaericum,Mediterranean,Penouta,1,12.2,16.5,
Phyteuma hemisphaericum,Mediterranean,Penouta,2,15,18.2,
Phyteuma hemisphaericum,Mediterranean,Penouta,3,9.4,11.2,
Phyteuma hemisphaericum,Mediterranean,Penouta,4,2.8,11.4,
Phyteuma hemisphaericum,Mediterranean,Penouta,5,12.8,17.6,
Phyteuma hemisphaericum,Mediterranean,Penouta,6,10.4,15.8,
Phyteuma hemisphaericum,Mediterranean,Penouta,7,902,15.4,
Phyteuma hemisphaericum,Mediterranean,Penouta,8,10.2,16.4,
Phyteuma hemisphaericum,Mediterranean,Penouta,9,11.6,15.8,
Phyteuma hemisphaericum,Mediterranean,Penouta,10,10.8,15.8,
Phyteuma hemisphaericum,Mediterranean,Ca鎙da,1,7,12,
Phyteuma hemisphaericum,Mediterranean,Ca鎙da,2,2,7.5,
Phyteuma hemisphaericum,Mediterranean,Ca鎙da,3,9,12,
Phyteuma hemisphaericum,Mediterranean,Ca鎙da,4,5,10,
Phyteuma hemisphaericum,Mediterranean,Ca鎙da,5,3.4,8.4,
Phyteuma hemisphaericum,Mediterranean,Ca鎙da,6,5.2,6,
Phyteuma hemisphaericum,Mediterranean,Ca鎙da,7,7.2,15.6,
Phyteuma hemisphaericum,Mediterranean,Ca鎙da,8,5.8,8,
Phyteuma hemisphaericum,Mediterranean,Ca鎙da,9,6,9.8,
Phyteuma hemisphaericum,Mediterranean,Ca鎙da,10,4,13.4,
Phyteuma orbiculare,Temperate,Hoyo sin Tierra,1,6.8,12.1,
Phyteuma orbiculare,Temperate,Hoyo sin Tierra,2,11,13.6,
Phyteuma orbiculare,Temperate,Hoyo sin Tierra,3,8.6,11.6,
Phyteuma orbiculare,Temperate,Hoyo sin Tierra,4,9.5,16.6,
Phyteuma orbiculare,Temperate,Hoyo sin Tierra,5,14.1,16.6,
Phyteuma orbiculare,Temperate,Hoyo sin Tierra,6,16.6,19.8,
Phyteuma orbiculare,Temperate,Hoyo sin Tierra,7,7.7,15.3,
Phyteuma orbiculare,Temperate,Hoyo sin Tierra,8,7.4,19.6,
Phyteuma orbiculare,Temperate,Hoyo sin Tierra,9,12.4,20,
Phyteuma orbiculare,Temperate,Hoyo sin Tierra,10,15,20.4,
Phyteuma orbiculare,Temperate,Los Cazadores,1,6,10.2,
Phyteuma orbiculare,Temperate,Los Cazadores,2,3.9,5,
Phyteuma orbiculare,Temperate,Los Cazadores,3,5.8,12.2,
Phyteuma orbiculare,Temperate,Los Cazadores,4,6,9.4,
Phyteuma orbiculare,Temperate,Los Cazadores,5,5,15,
Phyteuma orbiculare,Temperate,Los Cazadores,6,4.4,10.8,
Phyteuma orbiculare,Temperate,Los Cazadores,7,9,11.2,
Phyteuma orbiculare,Temperate,Los Cazadores,8,5.9,9,
Phyteuma orbiculare,Temperate,Los Cazadores,9,7.4,13.5,
Phyteuma orbiculare,Temperate,Los Cazadores,10,4.4,9,
Plantago alpina,Temperate,Hoyo sin Tierra,1,1.1,7.5,
Plantago alpina,Temperate,Hoyo sin Tierra,2,3,9.5,
Plantago alpina,Temperate,Hoyo sin Tierra,3,1.5,8.3,
Plantago alpina,Temperate,Hoyo sin Tierra,4,2.5,8.1,
Plantago alpina,Temperate,Hoyo sin Tierra,5,2.3,7.8,
Plantago alpina,Temperate,Hoyo sin Tierra,6,1.5,5.5,
Plantago alpina,Temperate,Hoyo sin Tierra,7,2.3,9.1,
Plantago alpina,Temperate,Hoyo sin Tierra,8,1.9,8.9,
Plantago alpina,Temperate,Hoyo sin Tierra,9,0.6,4.1,
Plantago alpina,Temperate,Hoyo sin Tierra,10,1.2,5.6,
Plantago alpina,Temperate,Los Cazadores,1,3,5.5,
Plantago alpina,Temperate,Los Cazadores,2,2,7.2,
Plantago alpina,Temperate,Los Cazadores,3,1.5,4.8,
Plantago alpina,Temperate,Los Cazadores,4,2,6.5,
Plantago alpina,Temperate,Los Cazadores,5,1,3.4,
Plantago alpina,Temperate,Los Cazadores,6,3,14,
Plantago alpina,Temperate,Los Cazadores,7,0.8,4.2,
Plantago alpina,Temperate,Los Cazadores,8,1,3.7,
Plantago alpina,Temperate,Los Cazadores,9,2,5.8,
Plantago alpina,Temperate,Los Cazadores,10,2,7.8,
Plantago holosteum,Mediterranean,Rabinalto,1,10.2,13.2,
Plantago holosteum,Mediterranean,Rabinalto,2,9.8,16,
Plantago holosteum,Mediterranean,Rabinalto,3,3.6,9.2,
Plantago holosteum,Mediterranean,Rabinalto,4,10.2,27.2,
Plantago holosteum,Mediterranean,Rabinalto,5,6,8.2,
Plantago holosteum,Mediterranean,Rabinalto,6,7.21,16.4,
Plantago holosteum,Mediterranean,Rabinalto,7,8,14.2,
Plantago holosteum,Mediterranean,Rabinalto,8,4.2,9.8,
Plantago holosteum,Mediterranean,Rabinalto,9,8.2,13.2,
Plantago holosteum,Mediterranean,Rabinalto,10,7.2,10.4,
Plantago holosteum,Mediterranean,Solana,1,5.6,13.4,
Plantago holosteum,Mediterranean,Solana,2,5.8,15.2,
Plantago holosteum,Mediterranean,Solana,3,3.2,9.2,
Plantago holosteum,Mediterranean,Solana,4,4.8,13.9,
Plantago holosteum,Mediterranean,Solana,5,3.2,13.9,
Plantago holosteum,Mediterranean,Solana,6,4.9,15,
Plantago holosteum,Mediterranean,Solana,7,9.4,15,
Plantago holosteum,Mediterranean,Solana,8,9.6,3.8,
Plantago holosteum,Mediterranean,Solana,9,3.2,9.8,
Plantago holosteum,Mediterranean,Solana,10,5.8,14.8,
Poa alpina,Temperate,Hoyo sin Tierra,1,0.5,9.4,
Poa alpina,Temperate,Hoyo sin Tierra,2,3,10.4,
Poa alpina,Temperate,Hoyo sin Tierra,3,1.5,9.6,
Poa alpina,Temperate,Hoyo sin Tierra,4,6.8,20.5,
Poa alpina,Temperate,Hoyo sin Tierra,5,2.5,29,
Poa alpina,Temperate,Hoyo sin Tierra,6,2,8,
Poa alpina,Temperate,Hoyo sin Tierra,7,1.8,6.1,
Poa alpina,Temperate,Hoyo sin Tierra,8,1.6,5.7,
Poa alpina,Temperate,Hoyo sin Tierra,9,1.5,7,
Poa alpina,Temperate,Hoyo sin Tierra,10,1.5,12.3,
Poa alpina,Temperate,Urriellu,1,6.1,15.4,
Poa alpina,Temperate,Urriellu,2,2.5,15,
Poa alpina,Temperate,Urriellu,3,4.5,17,
Poa alpina,Temperate,Urriellu,4,7,29.8,
Poa alpina,Temperate,Urriellu,5,1.8,12.3,
Poa alpina,Temperate,Urriellu,6,2.6,15,
Poa alpina,Temperate,Urriellu,7,4.6,23.8,
Poa alpina,Temperate,Urriellu,8,2.1,20.2,
Poa alpina,Temperate,Urriellu,9,3.6,17,
Poa alpina,Temperate,Urriellu,10,4.6,20.1,
Potentilla crantzii,Temperate,Hoyo sin Tierra,1,1.2,,
Potentilla crantzii,Temperate,Hoyo sin Tierra,2,0.5,,
Potentilla crantzii,Temperate,Hoyo sin Tierra,3,1.4,,
Potentilla crantzii,Temperate,Hoyo sin Tierra,4,2.2,,
Potentilla crantzii,Temperate,Hoyo sin Tierra,5,1.8,,
Potentilla crantzii,Temperate,Hoyo sin Tierra,6,3.2,,
Potentilla crantzii,Temperate,Hoyo sin Tierra,7,2.8,,
Potentilla crantzii,Temperate,Hoyo sin Tierra,8,3.4,,
Potentilla crantzii,Temperate,Hoyo sin Tierra,9,2.6,,
Potentilla crantzii,Temperate,Hoyo sin Tierra,10,2.6,,
Ranunculus carinthiacus,Temperate,Hoyo sin Tierra,1,1.8,7,
Ranunculus carinthiacus,Temperate,Hoyo sin Tierra,2,2.6,6.5,
Ranunculus carinthiacus,Temperate,Hoyo sin Tierra,3,1,3.5,
Ranunculus carinthiacus,Temperate,Hoyo sin Tierra,4,4,8.5,
Ranunculus carinthiacus,Temperate,Hoyo sin Tierra,5,3,7,
Ranunculus carinthiacus,Temperate,Hoyo sin Tierra,6,6.9,9.5,
Ranunculus carinthiacus,Temperate,Hoyo sin Tierra,7,5.5,13.5,
Ranunculus carinthiacus,Temperate,Hoyo sin Tierra,8,3,9.2,
Ranunculus carinthiacus,Temperate,Hoyo sin Tierra,9,4.4,10.1,
Ranunculus carinthiacus,Temperate,Hoyo sin Tierra,10,5,9.8,
Ranunculus carinthiacus,Temperate,Hoyo sin Tierra,1,1.8,4.4,
Ranunculus carinthiacus,Temperate,Hoyo sin Tierra,2,0.6,4.2,
Ranunculus carinthiacus,Temperate,Hoyo sin Tierra,3,0.4,3.4,
Ranunculus carinthiacus,Temperate,Hoyo sin Tierra,4,0.2,2.4,
Ranunculus carinthiacus,Temperate,Hoyo sin Tierra,5,3.6,5.8,
Ranunculus carinthiacus,Temperate,Hoyo sin Tierra,6,1.2,4.6,
Ranunculus carinthiacus,Temperate,Hoyo sin Tierra,7,2.8,5.8,
Ranunculus carinthiacus,Temperate,Hoyo sin Tierra,8,1.8,2.8,
Ranunculus carinthiacus,Temperate,Hoyo sin Tierra,9,3.8,6.4,
Ranunculus carinthiacus,Temperate,Hoyo sin Tierra,10,0.6,4.4,
Ranunculus parnassiifolius,Temperate,Los Cazadores,1,4.8,9,
Ranunculus parnassiifolius,Temperate,Los Cazadores,2,3.5,5.4,
Ranunculus parnassiifolius,Temperate,Los Cazadores,3,3.8,6.2,
Ranunculus parnassiifolius,Temperate,Los Cazadores,4,1.2,3.8,
Ranunculus parnassiifolius,Temperate,Los Cazadores,5,4.5,6.5,
Ranunculus parnassiifolius,Temperate,Los Cazadores,6,2.8,3.2,
Ranunculus parnassiifolius,Temperate,Los Cazadores,7,3,6.4,
Ranunculus parnassiifolius,Temperate,Los Cazadores,8,3,6.4,
Ranunculus parnassiifolius,Temperate,Los Cazadores,9,4,7,
Ranunculus parnassiifolius,Temperate,Los Cazadores,10,5,7.8,
Ranunculus parnassiifolius,Temperate,Hou sin Tierri,1,3.2,6.5,
Ranunculus parnassiifolius,Temperate,Hou sin Tierri,2,2.4,2.4,
Ranunculus parnassiifolius,Temperate,Hou sin Tierri,3,1,2.5,
Ranunculus parnassiifolius,Temperate,Hou sin Tierri,4,1.1,3,
Ranunculus parnassiifolius,Temperate,Hou sin Tierri,5,0.4,4,
Ranunculus parnassiifolius,Temperate,Hou sin Tierri,6,1.5,2.4,
Ranunculus parnassiifolius,Temperate,Hou sin Tierri,7,1,2.9,
Ranunculus parnassiifolius,Temperate,Hou sin Tierri,8,2.5,4.6,
Ranunculus parnassiifolius,Temperate,Hou sin Tierri,9,1.5,2.1,
Ranunculus parnassiifolius,Temperate,Hou sin Tierri,10,0.1,0.6,
Salix breviserrata,Temperate,Horcados Rojos,1,2.4,,
Salix breviserrata,Temperate,Horcados Rojos,2,2.6,,
Salix breviserrata,Temperate,Horcados Rojos,3,4,,
Salix breviserrata,Temperate,Horcados Rojos,4,4,,
Salix breviserrata,Temperate,Horcados Rojos,5,5.4,,
Salix breviserrata,Temperate,Horcados Rojos,6,2.6,,
Salix breviserrata,Temperate,Horcados Rojos,7,3.2,,
Salix breviserrata,Temperate,Horcados Rojos,8,2.6,,
Salix breviserrata,Temperate,Horcados Rojos,9,1.8,,
Salix breviserrata,Temperate,Horcados Rojos,10,1.8,3,
Salix breviserrata,Temperate,Los Boches,1,1.2,2.6,
Salix breviserrata,Temperate,Los Boches,2,2.2,2.6,
Salix breviserrata,Temperate,Los Boches,3,2.5,3.4,
Salix breviserrata,Temperate,Los Boches,4,3,3.5,
Salix breviserrata,Temperate,Los Boches,5,4,3,
Salix breviserrata,Temperate,Los Boches,6,1.2,3.4,
Salix breviserrata,Temperate,Los Boches,7,1.6,4,
Salix breviserrata,Temperate,Los Boches,8,1.3,2.5,
Salix breviserrata,Temperate,Los Boches,9,2.5,3.6,
Salix breviserrata,Temperate,Los Boches,10,2.2,2.6,
Saxifraga conifera,Temperate,Hoyo sin Tierra,1,1,6.2,
Saxifraga conifera,Temperate,Hoyo sin Tierra,2,1,6.5,
Saxifraga conifera,Temperate,Hoyo sin Tierra,3,1,8.3,
Saxifraga conifera,Temperate,Hoyo sin Tierra,4,0.9,8.5,
Saxifraga conifera,Temperate,Hoyo sin Tierra,5,1.1,7.2,
Saxifraga conifera,Temperate,Hoyo sin Tierra,6,2,8.8,
Saxifraga conifera,Temperate,Hoyo sin Tierra,7,1.5,7.6,
Saxifraga conifera,Temperate,Hoyo sin Tierra,8,1,9.9,
Saxifraga conifera,Temperate,Hoyo sin Tierra,9,0.6,7.2,
Saxifraga conifera,Temperate,Hoyo sin Tierra,10,1.2,9.8,
Saxifraga conifera,Temperate,Los Cazadores,1,1.2,7.2,
Saxifraga conifera,Temperate,Los Cazadores,2,0.8,8,
Saxifraga conifera,Temperate,Los Cazadores,3,0.8,6,
Saxifraga conifera,Temperate,Los Cazadores,4,1.4,7,
Saxifraga conifera,Temperate,Los Cazadores,5,0.8,7.5,
Saxifraga conifera,Temperate,Los Cazadores,6,1,6.8,
Saxifraga conifera,Temperate,Los Cazadores,7,2.4,7.2,
Saxifraga conifera,Temperate,Los Cazadores,8,1.2,6,
Saxifraga conifera,Temperate,Los Cazadores,9,0.8,6.2,
Saxifraga conifera,Temperate,Los Cazadores,10,1.4,7.8,
Saxifraga oppositifolia,Temperate,Horcados Rojos,1,2,3.4,
Saxifraga oppositifolia,Temperate,Horcados Rojos,2,1,2.6,
Saxifraga oppositifolia,Temperate,Horcados Rojos,3,0.8,2,
Saxifraga oppositifolia,Temperate,Horcados Rojos,4,1,1.4,
Saxifraga oppositifolia,Temperate,Horcados Rojos,5,1.2,1.4,
Saxifraga oppositifolia,Temperate,Horcados Rojos,6,1,3,
Saxifraga oppositifolia,Temperate,Horcados Rojos,7,1.2,1.4,
Saxifraga oppositifolia,Temperate,Horcados Rojos,8,1.8,2.2,
Saxifraga oppositifolia,Temperate,Horcados Rojos,9,1,2.4,
Saxifraga oppositifolia,Temperate,Horcados Rojos,10,0.8,1.6,
Saxifraga oppositifolia,Temperate,Boches,1,1.2,2.2,
Saxifraga oppositifolia,Temperate,Boches,2,1,2.8,
Saxifraga oppositifolia,Temperate,Boches,3,0.8,2.2,
Saxifraga oppositifolia,Temperate,Boches,4,0.9,2.6,
Saxifraga oppositifolia,Temperate,Boches,5,1.5,1.9,
Saxifraga oppositifolia,Temperate,Boches,6,1.7,3.1,
Saxifraga oppositifolia,Temperate,Boches,7,1,2.3,
Saxifraga oppositifolia,Temperate,Boches,8,0.8,3,
Saxifraga oppositifolia,Temperate,Boches,9,1.3,2.8,
Saxifraga oppositifolia,Temperate,Boches,10,0.9,1.7,
Saxifraga paniculata,Temperate,Hoyo sin Tierra,1,2.8,18.5,
Saxifraga paniculata,Temperate,Hoyo sin Tierra,2,9,9.6,
Saxifraga paniculata,Temperate,Hoyo sin Tierra,3,2.4,12.2,
Saxifraga paniculata,Temperate,Hoyo sin Tierra,4,3.5,19.6,
Saxifraga paniculata,Temperate,Hoyo sin Tierra,5,2.8,17,
Saxifraga paniculata,Temperate,Hoyo sin Tierra,6,1.4,13.5,
Saxifraga paniculata,Temperate,Hoyo sin Tierra,7,2.8,9.5,
Saxifraga paniculata,Temperate,Hoyo sin Tierra,8,2.4,13.5,
Saxifraga paniculata,Temperate,Hoyo sin Tierra,9,1.4,8.8,
Saxifraga paniculata,Temperate,Hoyo sin Tierra,10,2.6,15.4,
Saxifraga paniculata,Temperate,Los Cazadores,1,1.5,11.8,
Saxifraga paniculata,Temperate,Los Cazadores,2,0.6,14.2,
Saxifraga paniculata,Temperate,Los Cazadores,3,1,13.2,
Saxifraga paniculata,Temperate,Los Cazadores,4,1,12.2,
Saxifraga paniculata,Temperate,Los Cazadores,5,0.8,15.4,
Saxifraga paniculata,Temperate,Los Cazadores,6,1.8,11.4,
Saxifraga paniculata,Temperate,Los Cazadores,7,1.8,10,
Saxifraga paniculata,Temperate,Los Cazadores,8,1.4,12.2,
Saxifraga paniculata,Temperate,Los Cazadores,9,1.2,8.6,
Saxifraga paniculata,Temperate,Los Cazadores,10,1,10.4,
Scilla verna,Temperate,Hoyo sin Tierra,1,0.5,3.7,
Scilla verna,Temperate,Hoyo sin Tierra,2,3.5,5.4,
Scilla verna,Temperate,Hoyo sin Tierra,3,4,7.8,
Scilla verna,Temperate,Hoyo sin Tierra,4,1,4.6,
Scilla verna,Temperate,Hoyo sin Tierra,5,2,4.2,
Scilla verna,Temperate,Hoyo sin Tierra,6,2,5.4,
Scilla verna,Temperate,Hoyo sin Tierra,7,3.8,3,
Scilla verna,Temperate,Hoyo sin Tierra,8,1.4,4.5,
Scilla verna,Temperate,Hoyo sin Tierra,9,4,6.4,
Scilla verna,Temperate,Hoyo sin Tierra,10,3.5,7.8,
Scilla verna,Temperate,Los Cazadores,1,1,5.4,
Scilla verna,Temperate,Los Cazadores,2,1.2,5.4,
Scilla verna,Temperate,Los Cazadores,3,0.8,3.4,
Scilla verna,Temperate,Los Cazadores,4,1.7,2.2,
Scilla verna,Temperate,Los Cazadores,5,3,5.4,
Scilla verna,Temperate,Los Cazadores,6,1.2,3.8,
Scilla verna,Temperate,Los Cazadores,7,4.6,7.8,
Scilla verna,Temperate,Los Cazadores,8,3,5,
Scilla verna,Temperate,Los Cazadores,9,2,4.8,
Scilla verna,Temperate,Los Cazadores,10,3,3.8,
Sedum album,Temperate,Hoyo sin Tierra,1,2.5,3.5,
Sedum album,Temperate,Hoyo sin Tierra,2,1.4,3,
Sedum album,Temperate,Hoyo sin Tierra,3,1.5,3.2,
Sedum album,Temperate,Hoyo sin Tierra,4,1,2.2,
Sedum album,Temperate,Hoyo sin Tierra,5,1.2,2.7,
Sedum album,Temperate,Hoyo sin Tierra,6,2.9,5.4,
Sedum album,Temperate,Hoyo sin Tierra,7,3,24.5,
Sedum album,Temperate,Hoyo sin Tierra,8,3,4,
Sedum album,Temperate,Hoyo sin Tierra,9,1.4,2.6,
Sedum album,Temperate,Hoyo sin Tierra,10,1.5,2.8,
Sedum anglicum,Mediterranean,Penouta,1,2.2,3.4,
Sedum anglicum,Mediterranean,Penouta,2,2.8,3,
Sedum anglicum,Mediterranean,Penouta,3,1.4,1.8,
Sedum anglicum,Mediterranean,Penouta,4,3.2,4.8,
Sedum anglicum,Mediterranean,Penouta,5,2.4,3.2,
Sedum anglicum,Mediterranean,Penouta,6,2.2,3.2,
Sedum anglicum,Mediterranean,Penouta,7,2,2.4,
Sedum anglicum,Mediterranean,Penouta,8,2.8,3.2,
Sedum anglicum,Mediterranean,Penouta,9,5,6.2,
Sedum anglicum,Mediterranean,Penouta,10,2.8,3,
Sedum anglicum,Mediterranean,Ca鎙da,1,3.6,4.2,
Sedum anglicum,Mediterranean,Ca鎙da,2,2.8,3.8,
Sedum anglicum,Mediterranean,Ca鎙da,3,0.8,1.8,
Sedum anglicum,Mediterranean,Ca鎙da,4,3.6,4,
Sedum anglicum,Mediterranean,Ca鎙da,5,3.4,4.8,
Sedum anglicum,Mediterranean,Ca鎙da,6,6.4,7.4,
Sedum anglicum,Mediterranean,Ca鎙da,7,3.4,4.4,
Sedum anglicum,Mediterranean,Ca鎙da,8,2.2,3,
Sedum anglicum,Mediterranean,Ca鎙da,9,2.4,3.6,
Sedum anglicum,Mediterranean,Ca鎙da,10,5.4,6.2,
Sedum atratum,Temperate,Hoyo sin Tierra,1,1.8,2.4,
Sedum atratum,Temperate,Hoyo sin Tierra,2,2.4,3,
Sedum atratum,Temperate,Hoyo sin Tierra,3,1.8,2.6,
Sedum atratum,Temperate,Hoyo sin Tierra,4,2.4,3.4,
Sedum atratum,Temperate,Hoyo sin Tierra,5,1.2,1.6,
Sedum atratum,Temperate,Hoyo sin Tierra,6,2.2,2.6,
Sedum atratum,Temperate,Hoyo sin Tierra,7,2,2.6,
Sedum atratum,Temperate,Hoyo sin Tierra,8,2.5,3.2,
Sedum atratum,Temperate,Hoyo sin Tierra,9,2,3.4,
Sedum atratum,Temperate,Hoyo sin Tierra,10,0.8,1.6,
Sedum atratum,Temperate,Los Cazadores,1,1.2,2.2,
Sedum atratum,Temperate,Los Cazadores,2,2.2,3,
Sedum atratum,Temperate,Los Cazadores,3,2.4,4.4,
Sedum atratum,Temperate,Los Cazadores,4,3,4.5,
Sedum atratum,Temperate,Los Cazadores,5,2.2,3,
Sedum atratum,Temperate,Los Cazadores,6,2,3,
Sedum atratum,Temperate,Los Cazadores,7,2.8,3.4,
Sedum atratum,Temperate,Los Cazadores,8,1.5,2.4,
Sedum atratum,Temperate,Los Cazadores,9,2,2.8,
Sedum atratum,Temperate,Los Cazadores,10,2.5,3.4,
Sedum brevifolium,Mediterranean,Penouta,1,5.8,7.8,
Sedum brevifolium,Mediterranean,Penouta,2,3.8,4.2,
Sedum brevifolium,Mediterranean,Penouta,3,5,6.2,
Sedum brevifolium,Mediterranean,Penouta,4,7.6,8.4,
Sedum brevifolium,Mediterranean,Penouta,5,8.6,9,
Sedum brevifolium,Mediterranean,Penouta,6,8.4,9.4,
Sedum brevifolium,Mediterranean,Penouta,7,4.2,4.8,
Sedum brevifolium,Mediterranean,Penouta,8,2.8,3.8,
Sedum brevifolium,Mediterranean,Penouta,9,3.6,4,
Sedum brevifolium,Mediterranean,Penouta,10,3.6,4.8,
Sedum brevifolium,Mediterranean,Ca鎙da,1,5,5.6,
Sedum brevifolium,Mediterranean,Ca鎙da,2,2.8,3,
Sedum brevifolium,Mediterranean,Ca鎙da,3,1.6,2.2,
Sedum brevifolium,Mediterranean,Ca鎙da,4,3.4,4.2,
Sedum brevifolium,Mediterranean,Ca鎙da,5,4.2,4.8,
Sedum brevifolium,Mediterranean,Ca鎙da,6,3.6,4.6,
Sedum brevifolium,Mediterranean,Ca鎙da,7,2.9,3.2,
Sedum brevifolium,Mediterranean,Ca鎙da,8,6.4,7.6,
Sedum brevifolium,Mediterranean,Ca鎙da,9,3.2,4,
Sedum brevifolium,Mediterranean,Ca鎙da,10,3.2,7,
Sempervivum arachnoideum,Mediterranean,Rabinalto,1,1.6,11.8,
Sempervivum arachnoideum,Mediterranean,Rabinalto,2,2.4,15.2,
Sempervivum arachnoideum,Mediterranean,Rabinalto,3,3.6,11.6,
Sempervivum arachnoideum,Mediterranean,Rabinalto,4,3,18.8,
Sempervivum arachnoideum,Mediterranean,Rabinalto,5,2,12.2,
Sempervivum arachnoideum,Mediterranean,Rabinalto,6,2,8.8,
Sempervivum arachnoideum,Mediterranean,Rabinalto,7,2.6,12.8,
Sempervivum arachnoideum,Mediterranean,Rabinalto,8,1.8,12.6,
Sempervivum arachnoideum,Mediterranean,Rabinalto,9,5.6,9.8,
Sempervivum arachnoideum,Mediterranean,Rabinalto,10,2.8,14.2,
Sempervivum arachnoideum,Mediterranean,Ca鎙da,1,1,8.2,
Sempervivum arachnoideum,Mediterranean,Ca鎙da,2,2.2,8.6,
Sempervivum arachnoideum,Mediterranean,Ca鎙da,3,3,8.6,
Sempervivum arachnoideum,Mediterranean,Ca鎙da,4,3.2,16.2,
Sempervivum arachnoideum,Mediterranean,Ca鎙da,5,4.8,8.8,
Sempervivum arachnoideum,Mediterranean,Ca鎙da,6,4.2,9.8,
Sempervivum arachnoideum,Mediterranean,Ca鎙da,7,6.6,14.8,
Sempervivum arachnoideum,Mediterranean,Ca鎙da,8,2,11.2,
Sempervivum arachnoideum,Mediterranean,Ca鎙da,9,3.6,9.2,
Sempervivum arachnoideum,Mediterranean,Ca鎙da,10,3.6,11.5,
Sempervivum vicentei,Temperate,Hoyo sin Tierra,1,2.4,7.6,
Sempervivum vicentei,Temperate,Hoyo sin Tierra,2,1.5,6,
Sempervivum vicentei,Temperate,Hoyo sin Tierra,3,3,8.9,
Sempervivum vicentei,Temperate,Hoyo sin Tierra,4,2.4,8.6,
Sempervivum vicentei,Temperate,Hoyo sin Tierra,5,3.2,10.2,
Sempervivum vicentei,Temperate,Hoyo sin Tierra,6,0.5,6,
Sempervivum vicentei,Temperate,Hoyo sin Tierra,7,0.5,7.5,
Sempervivum vicentei,Temperate,Hoyo sin Tierra,8,2,7.6,
Sempervivum vicentei,Temperate,Hoyo sin Tierra,9,1,6.5,
Sempervivum vicentei,Temperate,Hoyo sin Tierra,10,0.6,7.4,
Sempervivum vicentei,Temperate,Los Cazadores,1,0.5,5.2,
Sempervivum vicentei,Temperate,Los Cazadores,2,0.5,5.6,
Sempervivum vicentei,Temperate,Los Cazadores,3,1.6,8.5,
Sempervivum vicentei,Temperate,Los Cazadores,4,1,7.2,
Sempervivum vicentei,Temperate,Los Cazadores,5,1.8,8,
Sempervivum vicentei,Temperate,Los Cazadores,6,0.6,1.2,
Sempervivum vicentei,Temperate,Hou sin Tierri,7,1.1,6.5,
Sempervivum vicentei,Temperate,Hou sin Tierri,8,0.8,8.4,
Sempervivum vicentei,Temperate,Hou sin Tierri,9,2.8,11,
Sempervivum vicentei,Temperate,Hou sin Tierri,10,1.5,8.8,
Sesleria caerula,Temperate,Los Cazadores,1,6,19,
Sesleria caerula,Temperate,Los Cazadores,2,7.5,14,
Sesleria caerula,Temperate,Los Cazadores,3,5,18,
Sesleria caerula,Temperate,Los Cazadores,4,5,13,
Sesleria caerula,Temperate,Los Cazadores,5,5.1,17.1,
Sesleria caerula,Temperate,Los Cazadores,6,5.3,19,
Sesleria caerula,Temperate,Los Cazadores,7,3,23.8,
Sesleria caerula,Temperate,Los Cazadores,8,4,21.6,
Sesleria caerula,Temperate,Los Cazadores,9,6,21.5,
Sesleria caerula,Temperate,Los Cazadores,10,5,17.5,
Sesleria caerula,Temperate,Urriellu,1,4.5,24.8,
Sesleria caerula,Temperate,Urriellu,2,4.9,25,
Sesleria caerula,Temperate,Urriellu,3,6.2,23.6,
Sesleria caerula,Temperate,Urriellu,4,7.3,19.4,
Sesleria caerula,Temperate,Urriellu,5,4,24.2,
Sesleria caerula,Temperate,Urriellu,6,4.2,29.8,
Sesleria caerula,Temperate,Urriellu,7,2,17.2,
Sesleria caerula,Temperate,Urriellu,8,7.2,24.5,
Sesleria caerula,Temperate,Urriellu,9,4.2,23.6,
Sesleria caerula,Temperate,Urriellu,10,4,21.2,
Silene acaulis,Temperate,Hoyo sin Tierra,1,0.5,1.2,
Silene acaulis,Temperate,Hoyo sin Tierra,2,1,1.3,
Silene acaulis,Temperate,Hoyo sin Tierra,3,1.4,3,
Silene acaulis,Temperate,Hoyo sin Tierra,4,0.4,1.6,
Silene acaulis,Temperate,Hoyo sin Tierra,5,1,2.4,
Silene acaulis,Temperate,Hoyo sin Tierra,6,0.9,1.6,
Silene acaulis,Temperate,Hoyo sin Tierra,7,1.5,2.6,
Silene acaulis,Temperate,Hoyo sin Tierra,8,0.9,2.2,
Silene acaulis,Temperate,Hoyo sin Tierra,9,1.4,2.6,
Silene acaulis,Temperate,Hoyo sin Tierra,10,1,2.2,
Silene acaulis,Temperate,Los Cazadores,1,0.4,1.4,
Silene acaulis,Temperate,Los Cazadores,2,0.4,0.8,
Silene acaulis,Temperate,Los Cazadores,3,0.8,1.6,
Silene acaulis,Temperate,Los Cazadores,4,0.4,1.6,
Silene acaulis,Temperate,Los Cazadores,5,0.8,1.4,
Silene acaulis,Temperate,Los Cazadores,6,2,2,
Silene acaulis,Temperate,Los Cazadores,7,1.8,2.2,
Silene acaulis,Temperate,Los Cazadores,8,0.2,0.8,
Silene acaulis,Temperate,Los Cazadores,9,0.8,1.2,
Silene acaulis,Temperate,Los Cazadores,10,0.6,1.5,
Silene acaulis,Temperate,Boches,1,0.9,1.9,
Silene ciliata,Mediterranean,Penouta,1,9.8,15,
Silene ciliata,Mediterranean,Penouta,2,12.2,20.8,
Silene ciliata,Mediterranean,Penouta,3,9,8.4,
Silene ciliata,Mediterranean,Penouta,4,9.4,15.8,
Silene ciliata,Mediterranean,Penouta,5,10.2,16.8,
Silene ciliata,Mediterranean,Penouta,6,11.2,16.6,
Silene ciliata,Mediterranean,Penouta,7,13.8,21,
Silene ciliata,Mediterranean,Penouta,8,6.2,16.4,
Silene ciliata,Mediterranean,Penouta,9,6.8,17.2,
Silene ciliata,Mediterranean,Penouta,10,6.2,15.8,
Silene ciliata,Mediterranean,Rabinalto,1,8,18.8,
Silene ciliata,Mediterranean,Rabinalto,2,8.8,15,
Silene ciliata,Mediterranean,Rabinalto,3,10.2,17,
Silene ciliata,Mediterranean,Rabinalto,4,14,24.8,
Silene ciliata,Mediterranean,Rabinalto,5,6,8.8,
Silene ciliata,Mediterranean,Rabinalto,6,11,17,
Silene ciliata,Mediterranean,Rabinalto,7,8,13,
Silene ciliata,Mediterranean,Rabinalto,8,15,19.2,
Silene ciliata,Mediterranean,Rabinalto,9,4,11.8,
Silene ciliata,Mediterranean,Rabinalto,10,4,11.4,
Silene ciliata,Temperate,Hoyo sin Tierra,1,5.3,11.4,
Silene ciliata,Temperate,Hoyo sin Tierra,2,3.5,6.9,
Silene ciliata,Temperate,Hoyo sin Tierra,3,7.9,14.5,
Silene ciliata,Temperate,Hoyo sin Tierra,4,8,16.8,
Silene ciliata,Temperate,Hoyo sin Tierra,5,5.6,10.6,
Silene ciliata,Temperate,Hoyo sin Tierra,6,7.9,13.6,
Silene ciliata,Temperate,Hoyo sin Tierra,7,5.5,9.4,
Silene ciliata,Temperate,Hoyo sin Tierra,8,3,11.6,
Silene ciliata,Temperate,Hoyo sin Tierra,9,5.6,11.2,
Silene ciliata,Temperate,Hoyo sin Tierra,10,2.5,9,
Silene ciliata,Temperate,Los Cazadores,1,2.2,10.4,
Silene ciliata,Temperate,Los Cazadores,2,4.4,9.4,
Silene ciliata,Temperate,Los Cazadores,3,1,7.2,
Silene ciliata,Temperate,Los Cazadores,4,3.8,10.8,
Silene ciliata,Temperate,Los Cazadores,5,8.6,14.5,
Silene ciliata,Temperate,Los Cazadores,6,3.2,9,
Silene ciliata,Temperate,Los Cazadores,7,5.4,10.2,
Silene ciliata,Temperate,Los Cazadores,8,12.8,24,
Silene ciliata,Temperate,Los Cazadores,9,1.8,13,
Silene ciliata,Temperate,Los Cazadores,10,2.5,18,
Solidago virgaurea,Mediterranean,Penouta,1,3,6.6,
Solidago virgaurea,Mediterranean,Penouta,2,6,9.2,
Solidago virgaurea,Mediterranean,Penouta,3,6.8,8.4,
Solidago virgaurea,Mediterranean,Penouta,4,6,7.8,
Solidago virgaurea,Mediterranean,Penouta,5,12,16.4,
Solidago virgaurea,Mediterranean,Penouta,6,9.4,12,
Solidago virgaurea,Mediterranean,Penouta,7,6.4,8.2,
Solidago virgaurea,Mediterranean,Penouta,8,12,14,
Solidago virgaurea,Mediterranean,Penouta,9,16,19.8,
Solidago virgaurea,Mediterranean,Penouta,10,16.2,19.2,
Solidago virgaurea,Mediterranean,Ca鎙da,1,4.4,7,
Solidago virgaurea,Mediterranean,Ca鎙da,2,10.2,13.6,
Solidago virgaurea,Mediterranean,Ca鎙da,3,2.8,4,
Solidago virgaurea,Mediterranean,Ca鎙da,4,10.2,14.2,
Solidago virgaurea,Mediterranean,Ca鎙da,5,10.4,13.8,
Solidago virgaurea,Mediterranean,Ca鎙da,6,13.2,16,
Solidago virgaurea,Mediterranean,Ca鎙da,7,6.8,8.2,
Solidago virgaurea,Mediterranean,Ca鎙da,8,11.8,14.6,
Solidago virgaurea,Mediterranean,Ca鎙da,9,11,12,
Solidago virgaurea,Mediterranean,Ca鎙da,10,8.8,10.6,
Spergula morisonii,Mediterranean,Rabinalto,1,5.8,9.5,
Spergula morisonii,Mediterranean,Rabinalto,2,6.4,14,
Spergula morisonii,Mediterranean,Rabinalto,3,5,9,
Spergula morisonii,Mediterranean,Rabinalto,4,4.8,6.2,
Spergula morisonii,Mediterranean,Rabinalto,5,4.2,8,
Spergula morisonii,Mediterranean,Rabinalto,6,5.4,9.6,
Spergula morisonii,Mediterranean,Rabinalto,7,9.8,18.8,
Spergula morisonii,Mediterranean,Rabinalto,8,2,4,
Spergula morisonii,Mediterranean,Rabinalto,9,3,5.2,
Spergula morisonii,Mediterranean,Rabinalto,10,3.8,8.8,
Spergula morisonii,Mediterranean,Ca鎙da,1,2.8,4.8,
Spergula morisonii,Mediterranean,Ca鎙da,2,2.8,9.2,
Spergula morisonii,Mediterranean,Ca鎙da,3,8.6,13.4,
Spergula morisonii,Mediterranean,Ca鎙da,4,3.6,6.8,
Spergula morisonii,Mediterranean,Ca鎙da,5,2.4,4,
Spergula morisonii,Mediterranean,Ca鎙da,6,2.4,6,
Spergula morisonii,Mediterranean,Ca鎙da,7,2.4,5.2,
Spergula morisonii,Mediterranean,Ca鎙da,8,4.8,6.8,
Spergula morisonii,Mediterranean,Ca鎙da,9,4.8,7.4,
Spergula morisonii,Mediterranean,Ca鎙da,10,5.2,8,
Thymus praecox,Mediterranean,Rabinalto,1,1,2,
Thymus praecox,Mediterranean,Rabinalto,2,2,2.4,
Thymus praecox,Mediterranean,Rabinalto,3,0.6,1.2,
Thymus praecox,Mediterranean,Rabinalto,4,4,1.2,
Thymus praecox,Mediterranean,Rabinalto,5,2.4,3.6,
Thymus praecox,Mediterranean,Rabinalto,6,2,3.2,
Thymus praecox,Mediterranean,Rabinalto,7,2,3.2,
Thymus praecox,Mediterranean,Rabinalto,8,3.6,4.4,
Thymus praecox,Mediterranean,Rabinalto,9,1.8,2.6,
Thymus praecox,Mediterranean,Rabinalto,10,4,6.4,
Thymus praecox,Mediterranean,Solana,1,1.8,2.8,
Thymus praecox,Mediterranean,Solana,2,1.8,3.8,
Thymus praecox,Mediterranean,Solana,3,3.4,3.8,
Thymus praecox,Mediterranean,Solana,4,2.2,2.4,
Thymus praecox,Mediterranean,Solana,5,3.8,5.2,
Thymus praecox,Mediterranean,Solana,6,2.8,3.4,
Thymus praecox,Mediterranean,Solana,7,1.8,3.2,
Thymus praecox,Mediterranean,Solana,8,1.8,3.8,
Thymus praecox,Mediterranean,Solana,9,1.4,3.6,
Thymus praecox,Mediterranean,Solana,10,3,5.9,
Thymus praecox,Temperate,Hoyo sin Tierra,1,4,5.5,
Thymus praecox,Temperate,Hoyo sin Tierra,2,4,5.2,
Thymus praecox,Temperate,Hoyo sin Tierra,3,3.5,4.5,
Thymus praecox,Temperate,Hoyo sin Tierra,4,2.6,3.2,
Thymus praecox,Temperate,Hoyo sin Tierra,5,4,5.3,
Thymus praecox,Temperate,Hoyo sin Tierra,6,1.2,1.5,
Thymus praecox,Temperate,Hoyo sin Tierra,7,2,2.4,
Thymus praecox,Temperate,Hoyo sin Tierra,8,2.6,3.2,
Thymus praecox,Temperate,Hoyo sin Tierra,9,3.9,5,
Thymus praecox,Temperate,Hoyo sin Tierra,10,2.8,3.2,
Thymus praecox,Temperate,Los Cazadores,1,1.4,3,
Thymus praecox,Temperate,Los Cazadores,2,1.2,2.4,
Thymus praecox,Temperate,Los Cazadores,3,1.8,2.4,
Thymus praecox,Temperate,Los Cazadores,4,1.8,2.2,
Thymus praecox,Temperate,Los Cazadores,5,1.8,4,
Thymus praecox,Temperate,Los Cazadores,6,3,3.4,
Thymus praecox,Temperate,Los Cazadores,7,2,1.8,
Thymus praecox,Temperate,Los Cazadores,8,2.8,3.4,
Thymus praecox,Temperate,Los Cazadores,9,1.2,2,
Thymus praecox,Temperate,Los Cazadores,10,2.8,4,
Veronica nummularia,Temperate,Hou sin Tierri,1,1.5,2.4,
Veronica nummularia,Temperate,Hou sin Tierri,2,1.5,2.2,
Veronica nummularia,Temperate,Hou sin Tierri,3,1.5,2.3,
Veronica nummularia,Temperate,Hou sin Tierri,4,2,2.7,
Veronica nummularia,Temperate,Hou sin Tierri,5,1.4,1.9,
Veronica nummularia,Temperate,Hou sin Tierri,6,1,1.5,
Veronica nummularia,Temperate,Hou sin Tierri,7,1.4,2.9,
Veronica nummularia,Temperate,Hou sin Tierri,8,2,2.8,
Veronica nummularia,Temperate,Hou sin Tierri,9,2.6,3.4,
Veronica nummularia,Temperate,Hou sin Tierri,10,1.5,1.6,
Veronica nummularia,Temperate,Boches,1,3.2,4,
Veronica nummularia,Temperate,Boches,2,2.6,3,
Veronica nummularia,Temperate,Boches,3,3,3.5,
Veronica nummularia,Temperate,Boches,4,1.5,3.5,
Veronica nummularia,Temperate,Boches,5,1.5,2.1,
Veronica nummularia,Temperate,Boches,6,1.5,2.4,
Veronica nummularia,Temperate,Boches,7,2.7,3.5,
Veronica nummularia,Temperate,Boches,8,2.8,3.7,
Veronica nummularia,Temperate,Boches,9,2.9,3.8,
Veronica nummularia,Temperate,Boches,10,1.7,3.2,
Veronica nummularia,Temperate,Boches,1,2.3,3.7,
Veronica nummularia,Temperate,Boches,2,1.5,2.1,
Veronica nummularia,Temperate,Boches,3,0.5,2,
Veronica nummularia,Temperate,Boches,4,1,2.5,
Veronica nummularia,Temperate,Boches,5,1.2,2.3,
Veronica nummularia,Temperate,Boches,6,1.3,1.9,
Veronica nummularia,Temperate,Boches,7,2.5,3.9,
Veronica nummularia,Temperate,Boches,8,3.4,4,
Veronica nummularia,Temperate,Boches,9,2.5,3.1,
Veronica nummularia,Temperate,Boches,10,1.1,2.3,
Teesdalia conferta,Mediterranean,Penouta,1,1,8.5,
Teesdalia conferta,Mediterranean,Penouta,2,1,5.3,
Teesdalia conferta,Mediterranean,Penouta,3,1.5,6.5,
Teesdalia conferta,Mediterranean,Penouta,4,1,5,
Teesdalia conferta,Mediterranean,Penouta,5,3,9.3,
Teesdalia conferta,Mediterranean,Penouta,6,2.5,12,
Teesdalia conferta,Mediterranean,Penouta,7,2.5,9,
Teesdalia conferta,Mediterranean,Penouta,8,1.5,8.2,
Teesdalia conferta,Mediterranean,Penouta,9,1.7,7.2,
Teesdalia conferta,Mediterranean,Penouta,10,1,7.4,
Teesdalia conferta,Mediterranean,Penouta,11,1,4.1,
Teesdalia conferta,Mediterranean,Penouta,12,2,7.2,
Teesdalia conferta,Mediterranean,Penouta,13,2,8.6,
Teesdalia conferta,Mediterranean,Penouta,14,1.5,7,
Teesdalia conferta,Mediterranean,Penouta,15,1.3,7.4,
Teesdalia conferta,Mediterranean,Penouta,16,2,8.1,
Teesdalia conferta,Mediterranean,Penouta,17,2,5.6,
Teesdalia conferta,Mediterranean,Penouta,18,2,5.4,
Teesdalia conferta,Mediterranean,Penouta,19,2,6.6,
Teesdalia conferta,Mediterranean,Penouta,20,2.5,10.4,
