species,code,treatment,temp,petri,sow_date,initial_pre,cold_strat,D7,D14,D21,D28,D35,D42,empty,fungus
Agrostis tileni,090822-01,A_alternate_light,15_5,1,21/04/2023,25,0,5,11,1,2,1,0,0,1
Agrostis tileni,090822-01,A_alternate_light,15_5,2,21/04/2023,25,0,5,6,5,1,0,0,0,1
Agrostis tileni,090822-01,A_alternate_light,15_5,3,21/04/2023,25,2,5,4,2,1,1,1,1,0
Agrostis tileni,090822-01,A_alternate_light,15_5,4,21/04/2023,25,0,4,7,1,4,0,1,1,0
Agrostis tileni,090822-01,B_alternate_dark,15_5,1,21/04/2023,25,,,,,,,10,1,0
Agrostis tileni,090822-01,B_alternate_dark,15_5,2,21/04/2023,25,,,,,,,11,0,1
Agrostis tileni,090822-01,B_alternate_dark,15_5,3,21/04/2023,25,,,,,,,13,0,1
Agrostis tileni,090822-01,B_alternate_dark,15_5,4,21/04/2023,25,,,,,,,8,1,1
Agrostis tileni,090822-01,C_alternate_WP,15_5,2,21/04/2023,24,0,0,0,2,1,2,1,0,0
Agrostis tileni,090822-01,C_alternate_WP,15_5,3,21/04/2023,25,0,0,0,1,1,3,1,0,3
Agrostis tileni,090822-01,C_alternate_WP,15_5,4,21/04/2023,25,0,0,0,1,0,2,0,0,2
Agrostis tileni,090822-01,C_alternate_WP,15_5,1,21/04/2023,25,1,1,1,1,0,1,1,0,2
Agrostis tileni,090822-01,D_constant_light,10,1,21/04/2023,25,0,1,12,5,2,1,0,0,0
Agrostis tileni,090822-01,D_constant_light,10,2,21/04/2023,25,0,2,13,2,3,0,2,0,0
Agrostis tileni,090822-01,D_constant_light,10,3,21/04/2023,25,1,1,15,4,0,1,0,1,0
Agrostis tileni,090822-01,D_constant_light,10,4,21/04/2023,25,0,2,17,2,0,0,2,0,0
Androsace villosa,310822-01,A_alternate_light,22_12,1,10/04/2023,25,0,0,0,2,1,0,0,1,0
Androsace villosa,310822-01,A_alternate_light,22_12,2,10/04/2023,25,0,0,1,1,0,0,1,0,0
Androsace villosa,310822-01,A_alternate_light,22_12,3,10/04/2023,25,0,0,0,2,2,0,0,0,0
Androsace villosa,310822-01,A_alternate_light,22_12,4,10/04/2023,25,0,1,1,1,0,0,0,0,0
Androsace villosa,310822-01,B_alternate_dark,22_12,1,10/04/2023,25,,,,,,,18,0,0
Androsace villosa,310822-01,B_alternate_dark,22_12,2,10/04/2023,25,,,,,,,18,0,0
Androsace villosa,310822-01,B_alternate_dark,22_12,3,10/04/2023,25,,,,,,,14,1,0
Androsace villosa,310822-01,B_alternate_dark,22_12,4,10/04/2023,25,,,,,,,13,1,1
Androsace villosa,310822-01,C_alternate_WP,22_12,1,10/04/2023,25,1,0,0,0,0,0,0,1,0
Androsace villosa,310822-01,C_alternate_WP,22_12,2,10/04/2023,25,0,0,0,0,0,0,0,0,0
Androsace villosa,310822-01,C_alternate_WP,22_12,3,10/04/2023,25,0,0,0,0,0,0,0,0,0
Androsace villosa,310822-01,C_alternate_WP,22_12,4,10/04/2023,25,0,0,0,0,0,0,0,0,1
Androsace villosa,310822-01,D_constant_light,17,1,10/04/2023,25,0,2,3,3,0,0,0,0,0
Androsace villosa,310822-01,D_constant_light,17,2,10/04/2023,25,0,6,3,0,0,0,0,0,1
Androsace villosa,310822-01,D_constant_light,17,3,10/04/2023,25,0,6,1,0,0,0,0,0,0
Androsace villosa,310822-01,D_constant_light,17,4,10/04/2023,25,0,6,4,0,0,0,0,0,1
Anthyllis vulneraria,120722-02,A_alternate_light,15_5,1,10/04/2023,24,18,0,1,1,0,1,0,0,0
Anthyllis vulneraria,120722-02,A_alternate_light,15_5,2,10/04/2023,25,11,1,1,2,0,0,0,0,4
Anthyllis vulneraria,120722-02,A_alternate_light,15_5,3,10/04/2023,25,17,0,0,0,0,0,0,0,1
Anthyllis vulneraria,120722-02,A_alternate_light,15_5,4,10/04/2023,25,12,2,0,0,0,0,0,2,1
Anthyllis vulneraria,120722-02,B_alternate_dark,15_5,1,10/04/2023,25,,,,,,,16,0,0
Anthyllis vulneraria,120722-02,B_alternate_dark,15_5,2,10/04/2023,25,,,,,,,12,0,3
Anthyllis vulneraria,120722-02,B_alternate_dark,15_5,3,10/04/2023,25,,,,,,,16,0,0
Anthyllis vulneraria,120722-02,B_alternate_dark,15_5,4,10/04/2023,25,,,,,,,11,0,0
Anthyllis vulneraria,120722-02,C_alternate_WP,15_5,1,10/04/2023,25,10,0,0,1,0,0,1,2,0
Anthyllis vulneraria,120722-02,C_alternate_WP,15_5,2,10/04/2023,24,19,1,1,0,0,1,0,2,0
Anthyllis vulneraria,120722-02,C_alternate_WP,15_5,3,10/04/2023,25,14,0,0,0,0,0,0,0,0
Anthyllis vulneraria,120722-02,C_alternate_WP,15_5,4,10/04/2023,24,13,0,1,1,1,0,0,2,0
Anthyllis vulneraria,120722-02,D_constant_light,10,1,10/04/2023,25,15,0,1,0,0,0,1,0,0
Anthyllis vulneraria,120722-02,D_constant_light,10,2,10/04/2023,25,17,1,0,0,1,0,0,0,0
Anthyllis vulneraria,120722-02,D_constant_light,10,3,10/04/2023,25,17,0,1,0,0,0,0,0,0
Anthyllis vulneraria,120722-02,D_constant_light,10,4,10/04/2023,25,14,1,0,0,0,1,0,0,1
Arenaria erinacea,300821-08,A_alternate_light,22_12,1,11/04/2023,24,0,0,0,0,0,1,0,0,1
Arenaria erinacea,300821-08,A_alternate_light,22_12,2,11/04/2023,24,0,0,0,0,1,0,0,0,2
Arenaria erinacea,300821-08,A_alternate_light,22_12,3,11/04/2023,25,0,0,0,0,1,1,2,0,0
Arenaria erinacea,300821-08,A_alternate_light,22_12,4,11/04/2023,25,0,0,1,1,0,2,0,0,0
Arenaria erinacea,300821-08,B_alternate_dark,22_12,1,11/04/2023,25,,,,,,,2,2,5
Arenaria erinacea,300821-08,B_alternate_dark,22_12,2,11/04/2023,25,,,,,,,6,0,0
Arenaria erinacea,300821-08,B_alternate_dark,22_12,3,11/04/2023,25,,,,,,,8,3,0
Arenaria erinacea,300821-08,B_alternate_dark,22_12,4,11/04/2023,25,,,,,,,7,1,1
Arenaria erinacea,300821-08,C_alternate_WP,22_12,1,11/04/2023,25,0,0,0,0,0,0,0,0,2
Arenaria erinacea,300821-08,C_alternate_WP,22_12,2,11/04/2023,25,0,0,0,0,0,0,0,1,1
Arenaria erinacea,300821-08,C_alternate_WP,22_12,3,11/04/2023,24,0,0,0,0,0,0,0,1,0
Arenaria erinacea,300821-08,C_alternate_WP,22_12,4,11/04/2023,25,0,0,0,0,0,0,0,1,1
Arenaria erinacea,300821-08,D_constant_light,17,1,11/04/2023,24,1,0,0,0,0,0,0,0,1
Arenaria erinacea,300821-08,D_constant_light,17,2,11/04/2023,25,0,0,0,0,0,0,0,1,0
Arenaria erinacea,300821-08,D_constant_light,17,3,11/04/2023,25,2,0,2,0,0,0,0,1,0
Arenaria erinacea,300821-08,D_constant_light,17,4,11/04/2023,25,0,0,2,1,0,0,0,2,1
Armeria cantabrica,230822-01,A_alternate_light,22_12,1,13/04/2023,25,0,4,4,3,1,0,1,5,1
Armeria cantabrica,230822-01,A_alternate_light,22_12,2,13/04/2023,25,0,6,7,1,1,0,0,4,2
Armeria cantabrica,230822-01,A_alternate_light,22_12,3,13/04/2023,23,0,5,9,2,1,0,0,0,0
Armeria cantabrica,230822-01,A_alternate_light,22_12,4,13/04/2023,25,0,0,9,3,0,1,2,4,2
Armeria cantabrica,230822-01,B_alternate_dark,22_12,1,13/04/2023,25,,,,,,,13,4,2
Armeria cantabrica,230822-01,B_alternate_dark,22_12,2,13/04/2023,25,,,,,,,14,3,1
Armeria cantabrica,230822-01,B_alternate_dark,22_12,3,13/04/2023,25,,,,,,,15,8,0
Armeria cantabrica,230822-01,B_alternate_dark,22_12,4,13/04/2023,25,,,,,,,16,3,0
Armeria cantabrica,230822-01,C_alternate_WP,22_12,1,13/04/2023,25,0,0,0,0,0,1,0,6,2
Armeria cantabrica,230822-01,C_alternate_WP,22_12,2,13/04/2023,25,0,0,0,0,0,0,0,10,0
Armeria cantabrica,230822-01,C_alternate_WP,22_12,3,13/04/2023,25,0,0,0,0,0,0,0,8,4
Armeria cantabrica,230822-01,C_alternate_WP,22_12,4,13/04/2023,25,0,0,1,0,0,0,0,6,1
Armeria cantabrica,230822-01,D_constant_light,17,1,13/04/2023,25,0,4,11,1,0,1,0,3,2
Armeria cantabrica,230822-01,D_constant_light,17,2,13/04/2023,24,0,8,4,1,0,1,0,4,2
Armeria cantabrica,230822-01,D_constant_light,17,3,13/04/2023,25,0,9,6,1,2,0,0,2,3
Armeria cantabrica,230822-01,D_constant_light,17,4,13/04/2023,25,0,16,4,0,0,0,0,4,0
Armeria duriaei,040822-02,A_alternate_light,22_12,1,13/04/2023,25,0,0,0,0,0,0,1,0,1
Armeria duriaei,040822-02,A_alternate_light,22_12,2,13/04/2023,25,0,0,0,0,0,0,2,0,0
Armeria duriaei,040822-02,A_alternate_light,22_12,3,13/04/2023,25,0,0,0,0,0,0,1,0,1
Armeria duriaei,040822-02,A_alternate_light,22_12,4,13/04/2023,25,0,0,0,0,2,0,1,0,0
Armeria duriaei,040822-02,B_alternate_dark,22_12,1,13/04/2023,25,,,,,,,0,0,0
Armeria duriaei,040822-02,B_alternate_dark,22_12,2,13/04/2023,25,,,,,,,0,0,0
Armeria duriaei,040822-02,B_alternate_dark,22_12,3,13/04/2023,25,,,,,,,0,2,0
Armeria duriaei,040822-02,B_alternate_dark,22_12,4,13/04/2023,25,,,,,,,0,0,1
Armeria duriaei,040822-02,C_alternate_WP,22_12,1,13/04/2023,25,0,0,0,0,0,0,0,0,0
Armeria duriaei,040822-02,C_alternate_WP,22_12,2,13/04/2023,25,0,0,0,0,0,0,0,0,0
Armeria duriaei,040822-02,C_alternate_WP,22_12,3,13/04/2023,25,0,0,0,0,0,0,0,0,0
Armeria duriaei,040822-02,C_alternate_WP,22_12,4,13/04/2023,25,0,0,0,0,0,0,0,0,1
Armeria duriaei,040822-02,D_constant_light,17,1,13/04/2023,25,0,3,0,0,2,6,2,1,0
Armeria duriaei,040822-02,D_constant_light,17,2,13/04/2023,25,0,1,0,1,0,3,7,0,0
Armeria duriaei,040822-02,D_constant_light,17,3,13/04/2023,25,0,5,1,3,1,2,4,0,0
Armeria duriaei,040822-02,D_constant_light,17,4,13/04/2023,25,0,2,1,1,1,4,9,1,0
Avenella flexuosa,110822-03,A_alternate_light,22_12,1,21/04/2023,20,11,0,0,0,0,0,0,0,9
Avenella flexuosa,110822-03,A_alternate_light,22_12,2,21/04/2023,20,17,0,0,0,0,0,0,0,2
Avenella flexuosa,110822-03,A_alternate_light,22_12,3,21/04/2023,20,16,0,0,0,0,0,0,0,1
Avenella flexuosa,110822-03,B_alternate_dark,22_12,1,21/04/2023,20,,,,,,,13,0,4
Avenella flexuosa,110822-03,B_alternate_dark,22_12,2,21/04/2023,20,,,,,,,15,0,4
Avenella flexuosa,110822-03,B_alternate_dark,22_12,3,21/04/2023,20,,,,,,,14,3,2
Avenella flexuosa,110822-03,C_alternate_WP,22_12,1,21/04/2023,20,17,0,0,0,0,0,0,0,0
Avenella flexuosa,110822-03,C_alternate_WP,22_12,2,21/04/2023,20,20,,,,,,,0,0
Avenella flexuosa,110822-03,C_alternate_WP,22_12,3,21/04/2023,20,15,0,0,0,0,0,0,0,5
Avenella flexuosa,110822-03,D_constant_light,17,1,21/04/2023,20,13,0,0,0,0,0,0,3,3
Avenella flexuosa,110822-03,D_constant_light,17,2,21/04/2023,20,14,0,0,0,0,0,0,1,4
Avenella flexuosa,110822-03,D_constant_light,17,3,21/04/2023,18,14,0,0,0,0,0,0,0,4
Carex sempervirens,190822-08,A_alternate_light,22_12,1,13/04/2023,25,0,0,7,11,3,1,0,1,0
Carex sempervirens,190822-08,A_alternate_light,22_12,2,13/04/2023,25,0,0,14,5,1,1,0,0,0
Carex sempervirens,190822-08,A_alternate_light,22_12,3,13/04/2023,25,0,0,13,4,3,1,0,0,1
Carex sempervirens,190822-08,A_alternate_light,22_12,4,13/04/2023,25,0,0,8,13,0,0,0,0,1
Carex sempervirens,190822-08,B_alternate_dark,22_12,1,13/04/2023,25,,,,,,,2,1,0
Carex sempervirens,190822-08,B_alternate_dark,22_12,2,13/04/2023,25,,,,,,,5,0,1
Carex sempervirens,190822-08,B_alternate_dark,22_12,3,13/04/2023,25,,,,,,,10,2,0
Carex sempervirens,190822-08,B_alternate_dark,22_12,4,13/04/2023,25,,,,,,,8,0,1
Carex sempervirens,190822-08,C_alternate_WP,22_12,1,13/04/2023,25,0,0,0,0,0,0,0,1,2
Carex sempervirens,190822-08,C_alternate_WP,22_12,2,13/04/2023,25,0,0,0,0,0,0,0,2,1
Carex sempervirens,190822-08,C_alternate_WP,22_12,3,13/04/2023,25,0,0,0,0,0,0,1,2,4
Carex sempervirens,190822-08,C_alternate_WP,22_12,4,13/04/2023,25,0,0,0,0,1,0,0,2,1
Carex sempervirens,190822-08,D_constant_light,17,1,13/04/2023,25,0,0,12,4,1,0,0,3,1
Carex sempervirens,190822-08,D_constant_light,17,2,13/04/2023,25,0,0,10,8,2,0,0,0,2
Carex sempervirens,190822-08,D_constant_light,17,3,13/04/2023,25,0,0,12,3,3,0,0,2,1
Carex sempervirens,190822-08,D_constant_light,17,4,13/04/2023,25,0,0,8,4,2,4,0,0,2
Cerastium ramosissimum,280721-02,A_alternate_light,22_12,1,13/04/2023,24,4,0,0,0,0,0,0,1,0
Cerastium ramosissimum,280721-02,A_alternate_light,22_12,2,13/04/2023,25,4,0,0,0,0,0,0,1,0
Cerastium ramosissimum,280721-02,A_alternate_light,22_12,3,13/04/2023,24,6,0,0,0,0,0,0,1,0
Cerastium ramosissimum,280721-02,A_alternate_light,22_12,4,13/04/2023,23,4,0,0,0,0,0,0,4,0
Cerastium ramosissimum,280721-02,B_alternate_dark,22_12,1,13/04/2023,25,,,,,,,3,3,2
Cerastium ramosissimum,280721-02,B_alternate_dark,22_12,2,13/04/2023,25,,,,,,,7,3,0
Cerastium ramosissimum,280721-02,B_alternate_dark,22_12,3,13/04/2023,25,,,,,,,2,7,0
Cerastium ramosissimum,280721-02,B_alternate_dark,22_12,4,13/04/2023,25,,,,,,,3,3,1
Cerastium ramosissimum,280721-02,C_alternate_WP,22_12,1,13/04/2023,24,3,0,0,0,0,0,0,3,0
Cerastium ramosissimum,280721-02,C_alternate_WP,22_12,2,13/04/2023,25,4,0,0,0,0,0,0,3,1
Cerastium ramosissimum,280721-02,C_alternate_WP,22_12,3,13/04/2023,24,6,0,0,0,0,0,0,1,2
Cerastium ramosissimum,280721-02,C_alternate_WP,22_12,4,13/04/2023,25,3,0,0,0,0,0,0,2,1
Cerastium ramosissimum,280721-02,D_constant_light,17,1,13/04/2023,24,7,0,0,0,0,0,0,1,0
Cerastium ramosissimum,280721-02,D_constant_light,17,2,13/04/2023,24,5,0,0,0,0,0,0,2,0
Cerastium ramosissimum,280721-02,D_constant_light,17,3,13/04/2023,25,2,0,0,0,0,0,0,4,0
Cerastium ramosissimum,280721-02,D_constant_light,17,4,13/04/2023,25,5,0,0,0,0,0,0,1,0
Conopodium majus,250821-04,A_alternate_light,15_5,1,10/04/2023,25,13,0,0,0,0,0,0,3,3
Conopodium majus,250821-04,A_alternate_light,15_5,2,10/04/2023,25,14,1,0,0,0,0,0,1,0
Conopodium majus,250821-04,A_alternate_light,15_5,3,10/04/2023,25,13,0,0,0,0,0,0,1,2
Conopodium majus,250821-04,A_alternate_light,15_5,4,10/04/2023,25,12,0,0,0,0,0,0,3,4
Conopodium majus,250821-04,B_alternate_dark,15_5,1,10/04/2023,25,,,,,,,14,0,1
Conopodium majus,250821-04,B_alternate_dark,15_5,2,10/04/2023,25,,,,,,,10,1,0
Conopodium majus,250821-04,B_alternate_dark,15_5,3,10/04/2023,25,,,,,,,8,0,1
Conopodium majus,250821-04,B_alternate_dark,15_5,4,10/04/2023,25,,,,,,,13,0,0
Conopodium majus,250821-04,C_alternate_WP,15_5,1,10/04/2023,24,15,0,0,0,0,0,0,2,0
Conopodium majus,250821-04,C_alternate_WP,15_5,2,10/04/2023,25,17,0,0,0,0,0,0,2,2
Conopodium majus,250821-04,C_alternate_WP,15_5,3,10/04/2023,24,15,0,0,0,0,0,0,0,1
Conopodium majus,250821-04,C_alternate_WP,15_5,4,10/04/2023,25,11,0,0,0,0,0,0,2,0
Conopodium majus,250821-04,D_constant_light,10,1,10/04/2023,25,18,1,0,1,0,0,0,2,0
Conopodium majus,250821-04,D_constant_light,10,2,10/04/2023,25,20,1,1,0,0,0,0,0,1
Conopodium majus,250821-04,D_constant_light,10,3,10/04/2023,25,13,0,0,0,0,0,0,3,3
Conopodium majus,250821-04,D_constant_light,10,4,10/04/2023,25,14,1,0,0,0,1,0,1,1
Dianthus langeanus,040822-01,A_alternate_light,22_12,1,12/04/2023,25,8,17,,,,,,0,0
Dianthus langeanus,040822-01,A_alternate_light,22_12,2,12/04/2023,25,4,21,,,,,,0,0
Dianthus langeanus,040822-01,A_alternate_light,22_12,3,12/04/2023,25,7,18,,,,,,0,0
Dianthus langeanus,040822-01,A_alternate_light,22_12,4,12/04/2023,25,6,19,,,,,,0,0
Dianthus langeanus,040822-01,B_alternate_dark,22_12,1,12/04/2023,25,,,,,,,25,0,0
Dianthus langeanus,040822-01,B_alternate_dark,22_12,2,12/04/2023,25,,,,,,,24,0,0
Dianthus langeanus,040822-01,B_alternate_dark,22_12,3,12/04/2023,25,,,,,,,23,0,0
Dianthus langeanus,040822-01,B_alternate_dark,22_12,4,12/04/2023,25,,,,,,,24,0,0
Dianthus langeanus,040822-01,C_alternate_WP,22_12,1,12/04/2023,25,7,8,3,0,1,0,0,0,0
Dianthus langeanus,040822-01,C_alternate_WP,22_12,2,12/04/2023,25,9,10,0,0,0,0,0,0,0
Dianthus langeanus,040822-01,C_alternate_WP,22_12,3,12/04/2023,25,9,14,0,0,0,0,0,0,0
Dianthus langeanus,040822-01,C_alternate_WP,22_12,4,12/04/2023,25,4,18,1,0,0,0,0,0,1
Dianthus langeanus,040822-01,D_constant_light,17,1,12/04/2023,25,8,17,,,,,,0,0
Dianthus langeanus,040822-01,D_constant_light,17,2,12/04/2023,25,9,15,0,0,0,0,0,0,0
Dianthus langeanus,040822-01,D_constant_light,17,3,12/04/2023,25,3,20,0,0,1,0,0,0,0
Dianthus langeanus,040822-01,D_constant_light,17,4,12/04/2023,25,5,20,,,,,,0,0
Erigeron alpinus,190822-12,A_alternate_light,15_5,1,21/04/2023,25,0,17,2,0,0,1,0,0,3
Erigeron alpinus,190822-12,A_alternate_light,15_5,2,21/04/2023,25,0,16,5,1,1,0,1,0,0
Erigeron alpinus,190822-12,A_alternate_light,15_5,3,21/04/2023,22,0,9,4,2,2,0,0,0,4
Erigeron alpinus,190822-12,B_alternate_dark,15_5,1,21/04/2023,25,,,,,,,16,0,2
Erigeron alpinus,190822-12,B_alternate_dark,15_5,2,21/04/2023,25,,,,,,,20,0,0
Erigeron alpinus,190822-12,B_alternate_dark,15_5,3,21/04/2023,25,,,,,,,21,0,1
Erigeron alpinus,190822-12,C_alternate_WP,15_5,1,21/04/2023,25,0,5,6,0,1,1,0,0,5
Erigeron alpinus,190822-12,C_alternate_WP,15_5,2,21/04/2023,25,0,0,4,2,2,0,3,0,2
Erigeron alpinus,190822-12,C_alternate_WP,15_5,3,21/04/2023,25,0,1,2,0,2,0,0,0,2
Erigeron alpinus,190822-12,D_constant_light,10,1,21/04/2023,25,0,11,6,0,0,0,0,0,2
Erigeron alpinus,190822-12,D_constant_light,10,2,21/04/2023,23,0,14,4,0,0,1,1,0,2
Erigeron alpinus,190822-12,D_constant_light,10,3,21/04/2023,25,0,16,2,1,0,0,0,2,2
Euphrasia salisburgensis,011021-01,A_alternate_light,15_5,1,13/04/2023,25,0,0,0,0,0,0,0,0,1
Euphrasia salisburgensis,011021-01,A_alternate_light,15_5,2,13/04/2023,25,0,0,0,0,0,0,0,0,1
Euphrasia salisburgensis,011021-01,A_alternate_light,15_5,3,13/04/2023,25,0,0,0,0,0,0,0,0,3
Euphrasia salisburgensis,011021-01,A_alternate_light,15_5,4,13/04/2023,25,0,0,0,0,0,0,0,0,8
Euphrasia salisburgensis,011021-01,B_alternate_dark,15_5,1,13/04/2023,25,,,,,,,0,0,0
Euphrasia salisburgensis,011021-01,B_alternate_dark,15_5,2,13/04/2023,25,,,,,,,0,0,0
Euphrasia salisburgensis,011021-01,B_alternate_dark,15_5,3,13/04/2023,25,,,,,,,0,0,0
Euphrasia salisburgensis,011021-01,B_alternate_dark,15_5,4,13/04/2023,25,,,,,,,0,0,5
Euphrasia salisburgensis,011021-01,C_alternate_WP,15_5,1,13/04/2023,25,0,0,0,0,0,0,0,0,1
Euphrasia salisburgensis,011021-01,C_alternate_WP,15_5,2,13/04/2023,25,0,0,0,0,0,0,0,1,1
Euphrasia salisburgensis,011021-01,C_alternate_WP,15_5,3,13/04/2023,25,0,0,0,0,0,0,0,0,2
Euphrasia salisburgensis,011021-01,C_alternate_WP,15_5,4,13/04/2023,25,0,0,0,0,0,0,0,0,0
Euphrasia salisburgensis,011021-01,D_constant_light,10,1,13/04/2023,25,0,0,0,0,0,0,0,0,0
Euphrasia salisburgensis,011021-01,D_constant_light,10,2,13/04/2023,25,0,0,0,0,0,0,0,0,0
Euphrasia salisburgensis,011021-01,D_constant_light,10,3,13/04/2023,25,0,0,0,0,0,0,0,1,0
Euphrasia salisburgensis,011021-01,D_constant_light,10,4,13/04/2023,25,0,0,0,0,0,0,0,0,0
Festuca glacialis,230822-04,A_alternate_light,22_12,1,11/04/2023,25,0,0,15,4,2,1,1,0,0
Festuca glacialis,230822-04,A_alternate_light,22_12,2,11/04/2023,25,0,0,13,3,4,2,1,0,0
Festuca glacialis,230822-04,A_alternate_light,22_12,3,11/04/2023,25,0,0,15,0,5,1,0,1,0
Festuca glacialis,230822-04,A_alternate_light,22_12,4,11/04/2023,25,0,2,21,1,0,0,0,0,1
Festuca glacialis,230822-04,B_alternate_dark,22_12,1,11/04/2023,25,,,,,,,25,0,0
Festuca glacialis,230822-04,B_alternate_dark,22_12,2,11/04/2023,25,,,,,,,25,0,0
Festuca glacialis,230822-04,B_alternate_dark,22_12,3,11/04/2023,25,,,,,,,25,0,0
Festuca glacialis,230822-04,B_alternate_dark,22_12,4,11/04/2023,25,,,,,,,24,1,0
Festuca glacialis,230822-04,C_alternate_WP,22_12,1,11/04/2023,25,0,0,0,0,0,0,0,0,2
Festuca glacialis,230822-04,C_alternate_WP,22_12,2,11/04/2023,25,0,0,0,0,0,0,0,1,1
Festuca glacialis,230822-04,C_alternate_WP,22_12,3,11/04/2023,25,0,0,0,0,0,0,0,1,3
Festuca glacialis,230822-04,C_alternate_WP,22_12,4,11/04/2023,25,0,0,0,0,0,0,0,1,16
Festuca glacialis,230822-04,D_constant_light,17,1,11/04/2023,23,0,2,19,2,,,,0,0
Festuca glacialis,230822-04,D_constant_light,17,2,11/04/2023,25,0,7,13,4,0,0,0,1,0
Festuca glacialis,230822-04,D_constant_light,17,3,11/04/2023,25,0,6,18,1,,,,0,0
Festuca glacialis,230822-04,D_constant_light,17,4,11/04/2023,25,0,3,18,1,1,1,0,0,0
Festuca rubra,310821-02,A_alternate_light,22_12,1,13/04/2023,23,0,7,14,0,0,0,0,0,0
Festuca rubra,310821-02,A_alternate_light,22_12,2,13/04/2023,23,0,12,9,0,0,0,0,0,0
Festuca rubra,310821-02,B_alternate_dark,22_12,1,13/04/2023,25,,,,,,,22,2,0
Festuca rubra,310821-02,B_alternate_dark,22_12,2,13/04/2023,25,,,,,,,20,4,0
Festuca rubra,310821-02,C_alternate_WP,22_12,1,13/04/2023,24,0,0,0,0,0,0,0,0,0
Festuca rubra,310821-02,C_alternate_WP,22_12,2,13/04/2023,25,0,0,0,0,0,0,0,0,2
Festuca rubra,310821-02,D_constant_light,17,1,13/04/2023,24,0,22,1,0,0,0,0,0,0
Festuca rubra,310821-02,D_constant_light,17,2,13/04/2023,21,0,19,1,0,0,0,0,0,0
Festuca summilusitana,250821-02,A_alternate_light,22_12,1,11/04/2023,25,15,0,0,0,0,0,0,4,6
Festuca summilusitana,250821-02,A_alternate_light,22_12,2,11/04/2023,23,10,0,0,0,0,0,0,4,5
Festuca summilusitana,250821-02,A_alternate_light,22_12,3,11/04/2023,25,16,1,0,0,1,0,0,2,4
Festuca summilusitana,250821-02,A_alternate_light,22_12,4,11/04/2023,24,14,1,0,0,0,1,0,4,2
Festuca summilusitana,250821-02,B_alternate_dark,22_12,1,11/04/2023,25,,,,,,,13,5,3
Festuca summilusitana,250821-02,B_alternate_dark,22_12,2,11/04/2023,25,,,,,,,9,8,0
Festuca summilusitana,250821-02,B_alternate_dark,22_12,3,11/04/2023,25,,,,,,,9,10,0
Festuca summilusitana,250821-02,B_alternate_dark,22_12,4,11/04/2023,25,,,,,,,10,9,0
Festuca summilusitana,250821-02,C_alternate_WP,22_12,1,11/04/2023,23,9,0,0,0,0,0,0,4,5
Festuca summilusitana,250821-02,C_alternate_WP,22_12,2,11/04/2023,24,8,0,0,0,0,0,0,4,4
Festuca summilusitana,250821-02,C_alternate_WP,22_12,3,11/04/2023,25,13,0,0,1,0,0,0,4,3
Festuca summilusitana,250821-02,C_alternate_WP,22_12,4,11/04/2023,24,12,0,0,0,0,0,0,3,5
Festuca summilusitana,250821-02,D_constant_light,17,1,11/04/2023,24,16,0,1,0,0,1,0,4,2
Festuca summilusitana,250821-02,D_constant_light,17,2,11/04/2023,24,15,0,0,0,0,0,0,4,4
Festuca summilusitana,250821-02,D_constant_light,17,3,11/04/2023,25,11,0,0,2,0,0,0,5,2
Festuca summilusitana,250821-02,D_constant_light,17,4,11/04/2023,25,18,0,1,0,0,0,0,2,2
Galium pyrenaicum,310822-03,A_alternate_light,15_5,1,21/04/2023,25,0,0,0,0,0,0,0,3,1
Galium pyrenaicum,310822-03,A_alternate_light,15_5,2,21/04/2023,25,0,0,0,0,0,0,0,1,0
Galium pyrenaicum,310822-03,A_alternate_light,15_5,3,21/04/2023,25,0,0,0,0,0,0,0,1,1
Galium pyrenaicum,310822-03,A_alternate_light,15_5,4,21/04/2023,25,0,0,0,0,0,0,0,0,1
Galium pyrenaicum,310822-03,B_alternate_dark,15_5,1,21/04/2023,25,,,,,,,0,3,0
Galium pyrenaicum,310822-03,B_alternate_dark,15_5,2,21/04/2023,25,,,,,,,0,4,0
Galium pyrenaicum,310822-03,B_alternate_dark,15_5,3,21/04/2023,25,,,,,,,0,3,0
Galium pyrenaicum,310822-03,B_alternate_dark,15_5,4,21/04/2023,25,,,,,,,0,2,3
Galium pyrenaicum,310822-03,C_alternate_WP,15_5,1,21/04/2023,25,0,0,0,0,0,0,0,0,0
Galium pyrenaicum,310822-03,C_alternate_WP,15_5,2,21/04/2023,25,0,0,0,0,0,0,0,2,0
Galium pyrenaicum,310822-03,C_alternate_WP,15_5,3,21/04/2023,25,0,0,0,0,0,0,0,0,0
Galium pyrenaicum,310822-03,C_alternate_WP,15_5,4,21/04/2023,25,0,0,0,0,0,0,0,2,0
Galium pyrenaicum,310822-03,D_constant_light,10,1,21/04/2023,25,0,0,0,0,1,0,0,0,2
Galium pyrenaicum,310822-03,D_constant_light,10,2,21/04/2023,25,0,0,0,0,0,0,0,0,0
Galium pyrenaicum,310822-03,D_constant_light,10,3,21/04/2023,25,0,0,0,0,0,0,0,0,2
Galium pyrenaicum,310822-03,D_constant_light,10,4,21/04/2023,25,0,0,1,0,0,0,0,1,0
Gentiana verna,130921-06,A_alternate_light,15_5,1,11/04/2023,25,0,0,0,0,0,0,0,1,0
Gentiana verna,130921-06,A_alternate_light,15_5,2,11/04/2023,25,0,0,0,0,0,0,0,1,0
Gentiana verna,130921-06,A_alternate_light,15_5,3,11/04/2023,25,0,0,0,0,0,0,0,1,2
Gentiana verna,130921-06,A_alternate_light,15_5,4,11/04/2023,25,0,0,0,0,0,0,0,0,2
Gentiana verna,130921-06,B_alternate_dark,15_5,1,11/04/2023,25,,,,,,,0,2,1
Gentiana verna,130921-06,B_alternate_dark,15_5,2,11/04/2023,25,,,,,,,0,2,0
Gentiana verna,130921-06,B_alternate_dark,15_5,3,11/04/2023,25,,,,,,,0,2,0
Gentiana verna,130921-06,B_alternate_dark,15_5,4,11/04/2023,25,,,,,,,0,3,0
Gentiana verna,130921-06,C_alternate_WP,15_5,1,11/04/2023,25,0,0,0,0,0,0,0,2,0
Gentiana verna,130921-06,C_alternate_WP,15_5,2,11/04/2023,25,0,0,0,0,0,0,0,1,0
Gentiana verna,130921-06,C_alternate_WP,15_5,3,11/04/2023,25,0,0,0,0,0,0,0,0,3
Gentiana verna,130921-06,C_alternate_WP,15_5,4,11/04/2023,25,0,0,0,0,0,0,0,3,2
Gentiana verna,130921-06,D_constant_light,10,1,11/04/2023,25,0,0,0,0,0,0,0,2,0
Gentiana verna,130921-06,D_constant_light,10,2,11/04/2023,25,0,0,0,0,0,0,0,2,2
Gentiana verna,130921-06,D_constant_light,10,3,11/04/2023,25,0,0,0,0,0,0,0,1,7
Gentiana verna,130921-06,D_constant_light,10,4,11/04/2023,25,0,0,0,0,0,0,0,1,0
Gentianella campestris,300921-03,A_alternate_light,15_5,1,13/04/2023,25,0,0,0,0,0,0,0,0,0
Gentianella campestris,300921-03,A_alternate_light,15_5,2,13/04/2023,25,0,0,0,0,0,0,0,0,0
Gentianella campestris,300921-03,A_alternate_light,15_5,3,13/04/2023,25,0,0,0,0,0,0,0,0,0
Gentianella campestris,300921-03,A_alternate_light,15_5,4,13/04/2023,24,0,0,0,0,0,0,0,0,0
Gentianella campestris,300921-03,B_alternate_dark,15_5,1,13/04/2023,25,,,,,,,0,0,0
Gentianella campestris,300921-03,B_alternate_dark,15_5,2,13/04/2023,25,,,,,,,0,0,0
Gentianella campestris,300921-03,B_alternate_dark,15_5,3,13/04/2023,25,,,,,,,0,0,0
Gentianella campestris,300921-03,B_alternate_dark,15_5,4,13/04/2023,25,,,,,,,0,0,0
Gentianella campestris,300921-03,C_alternate_WP,15_5,1,13/04/2023,25,0,0,0,0,0,0,0,0,0
Gentianella campestris,300921-03,C_alternate_WP,15_5,2,13/04/2023,25,0,0,0,0,0,0,0,0,0
Gentianella campestris,300921-03,C_alternate_WP,15_5,3,13/04/2023,25,0,0,0,0,0,0,0,0,0
Gentianella campestris,300921-03,C_alternate_WP,15_5,4,13/04/2023,25,0,0,0,0,0,0,0,0,0
Gentianella campestris,300921-03,D_constant_light,10,1,13/04/2023,24,0,0,0,0,0,0,0,0,0
Gentianella campestris,300921-03,D_constant_light,10,2,13/04/2023,25,0,0,0,0,0,0,0,0,0
Gentianella campestris,300921-03,D_constant_light,10,3,13/04/2023,25,0,0,0,0,0,0,0,0,0
Gentianella campestris,300921-03,D_constant_light,10,4,13/04/2023,25,0,0,0,0,0,0,0,0,0
Gypsophila repens,190822-10,A_alternate_light,22_12,1,11/04/2023,25,0,25,,,,,,0,0
Gypsophila repens,190822-10,A_alternate_light,22_12,2,11/04/2023,25,0,23,2,,,,,0,0
Gypsophila repens,190822-10,A_alternate_light,22_12,3,11/04/2023,25,0,24,1,,,,,0,0
Gypsophila repens,190822-10,A_alternate_light,22_12,4,11/04/2023,25,0,25,,,,,,0,0
Gypsophila repens,190822-10,B_alternate_dark,22_12,1,11/04/2023,25,,,,,,,25,0,0
Gypsophila repens,190822-10,B_alternate_dark,22_12,2,11/04/2023,25,,,,,,,25,0,0
Gypsophila repens,190822-10,B_alternate_dark,22_12,3,11/04/2023,25,,,,,,,25,0,0
Gypsophila repens,190822-10,B_alternate_dark,22_12,4,11/04/2023,25,,,,,,,25,0,0
Gypsophila repens,190822-10,C_alternate_WP,22_12,1,11/04/2023,25,0,0,2,0,0,0,0,0,0
Gypsophila repens,190822-10,C_alternate_WP,22_12,2,11/04/2023,25,0,0,1,1,0,0,0,0,0
Gypsophila repens,190822-10,C_alternate_WP,22_12,3,11/04/2023,25,0,0,1,3,0,0,0,0,0
Gypsophila repens,190822-10,C_alternate_WP,22_12,4,11/04/2023,25,0,0,1,1,0,0,0,0,0
Gypsophila repens,190822-10,D_constant_light,17,1,11/04/2023,25,0,24,1,,,,,0,0
Gypsophila repens,190822-10,D_constant_light,17,2,11/04/2023,25,1,22,0,0,0,1,0,0,0
Gypsophila repens,190822-10,D_constant_light,17,3,11/04/2023,25,0,24,0,0,0,0,0,0,0
Gypsophila repens,190822-10,D_constant_light,17,4,11/04/2023,25,0,23,2,,,,,0,0
Helianthemum canum,310821-05,A_alternate_light,15_5,1,12/04/2023,25,15,6,0,0,0,0,0,0,0
Helianthemum canum,310821-05,A_alternate_light,15_5,2,12/04/2023,25,16,2,0,0,0,0,0,2,1
Helianthemum canum,310821-05,A_alternate_light,15_5,3,12/04/2023,25,18,0,0,0,0,1,0,0,0
Helianthemum canum,310821-05,A_alternate_light,15_5,4,12/04/2023,25,15,3,0,0,0,0,0,0,0
Helianthemum canum,310821-05,B_alternate_dark,15_5,1,12/04/2023,25,,,,,,,20,1,0
Helianthemum canum,310821-05,B_alternate_dark,15_5,2,12/04/2023,25,,,,,,,21,1,0
Helianthemum canum,310821-05,B_alternate_dark,15_5,3,12/04/2023,25,,,,,,,19,2,0
Helianthemum canum,310821-05,B_alternate_dark,15_5,4,12/04/2023,25,,,,,,,21,0,0
Helianthemum canum,310821-05,C_alternate_WP,15_5,1,12/04/2023,25,14,1,0,0,0,0,0,2,2
Helianthemum canum,310821-05,C_alternate_WP,15_5,2,12/04/2023,25,9,3,0,0,0,0,0,1,0
Helianthemum canum,310821-05,C_alternate_WP,15_5,3,12/04/2023,25,8,6,1,0,0,0,0,1,4
Helianthemum canum,310821-05,C_alternate_WP,15_5,4,12/04/2023,25,14,1,1,0,0,0,0,2,1
Helianthemum canum,310821-05,D_constant_light,10,1,12/04/2023,25,13,8,0,0,0,0,0,1,1
Helianthemum canum,310821-05,D_constant_light,10,2,12/04/2023,25,17,5,0,0,0,0,0,0,0
Helianthemum canum,310821-05,D_constant_light,10,3,12/04/2023,25,16,7,0,0,0,0,0,1,0
Helianthemum canum,310821-05,D_constant_light,10,4,12/04/2023,25,15,6,0,0,0,0,0,0,0
Helianthemum urrielense,140921-04,A_alternate_light,22_12,1,12/04/2023,25,0,0,0,0,0,0,0,10,3
Helianthemum urrielense,140921-04,A_alternate_light,22_12,2,12/04/2023,25,2,0,0,0,0,0,0,5,11
Helianthemum urrielense,140921-04,A_alternate_light,22_12,3,12/04/2023,25,1,0,0,0,0,0,0,6,2
Helianthemum urrielense,140921-04,A_alternate_light,22_12,4,12/04/2023,25,2,1,0,0,0,0,0,10,0
Helianthemum urrielense,140921-04,B_alternate_dark,22_12,1,12/04/2023,25,,,,,,,0,4,4
Helianthemum urrielense,140921-04,B_alternate_dark,22_12,2,12/04/2023,25,,,,,,,3,1,0
Helianthemum urrielense,140921-04,B_alternate_dark,22_12,3,12/04/2023,25,,,,,,,3,3,2
Helianthemum urrielense,140921-04,B_alternate_dark,22_12,4,12/04/2023,25,,,,,,,1,4,1
Helianthemum urrielense,140921-04,C_alternate_WP,22_12,1,12/04/2023,24,1,0,0,0,0,0,0,4,3
Helianthemum urrielense,140921-04,C_alternate_WP,22_12,2,12/04/2023,25,0,0,0,0,0,0,0,10,6
Helianthemum urrielense,140921-04,C_alternate_WP,22_12,3,12/04/2023,25,1,0,0,0,0,0,0,8,0
Helianthemum urrielense,140921-04,C_alternate_WP,22_12,4,12/04/2023,24,1,0,0,0,0,0,0,7,0
Helianthemum urrielense,140921-04,D_constant_light,17,1,12/04/2023,25,0,0,0,0,0,0,0,5,5
Helianthemum urrielense,140921-04,D_constant_light,17,2,12/04/2023,25,0,0,0,0,0,0,0,10,2
Helianthemum urrielense,140921-04,D_constant_light,17,3,12/04/2023,25,1,0,0,0,0,0,0,4,4
Helianthemum urrielense,140921-04,D_constant_light,17,4,12/04/2023,25,0,0,0,0,0,0,0,5,8
Helictochloa marginata,040822-10,A_alternate_light,22_12,1,13/04/2023,20,6,0,0,1,1,0,0,9,1
Helictochloa marginata,040822-10,A_alternate_light,22_12,2,13/04/2023,20,2,0,0,0,0,0,0,3,1
Helictochloa marginata,040822-10,A_alternate_light,22_12,3,13/04/2023,20,6,0,0,1,0,0,0,6,0
Helictochloa marginata,040822-10,A_alternate_light,22_12,4,13/04/2023,20,7,0,0,0,0,0,0,13,0
Helictochloa marginata,040822-10,B_alternate_dark,22_12,1,13/04/2023,20,,,,,,,6,6,0
Helictochloa marginata,040822-10,B_alternate_dark,22_12,2,13/04/2023,20,,,,,,,7,10,0
Helictochloa marginata,040822-10,B_alternate_dark,22_12,3,13/04/2023,20,,,,,,,8,5,1
Helictochloa marginata,040822-10,B_alternate_dark,22_12,4,13/04/2023,20,,,,,,,8,5,2
Helictochloa marginata,040822-10,C_alternate_WP,22_12,1,13/04/2023,20,7,0,0,0,0,0,0,9,0
Helictochloa marginata,040822-10,C_alternate_WP,22_12,2,13/04/2023,20,7,0,0,0,0,0,0,9,4
Helictochloa marginata,040822-10,C_alternate_WP,22_12,3,13/04/2023,20,8,0,0,0,0,0,0,10,2
Helictochloa marginata,040822-10,C_alternate_WP,22_12,4,13/04/2023,20,3,0,0,0,0,0,0,8,5
Helictochloa marginata,040822-10,D_constant_light,17,1,13/04/2023,20,12,0,0,0,0,0,0,4,2
Helictochloa marginata,040822-10,D_constant_light,17,2,13/04/2023,18,7,0,0,0,0,0,0,5,3
Helictochloa marginata,040822-10,D_constant_light,17,3,13/04/2023,20,8,0,0,0,0,0,0,6,1
Helictochloa marginata,040822-10,D_constant_light,17,4,13/04/2023,20,3,0,0,0,0,0,0,9,2
Jasione cavanillesii,230822-02,A_alternate_light,22_12,1,12/04/2023,25,0,0,0,0,0,0,0,0,0
Jasione cavanillesii,230822-02,A_alternate_light,22_12,2,12/04/2023,25,0,0,0,0,0,0,0,0,0
Jasione cavanillesii,230822-02,A_alternate_light,22_12,3,12/04/2023,25,0,0,0,0,0,0,0,0,0
Jasione cavanillesii,230822-02,A_alternate_light,22_12,4,12/04/2023,25,0,0,0,0,0,0,0,0,0
Jasione cavanillesii,230822-02,B_alternate_dark,22_12,1,12/04/2023,25,,,,,,,0,0,0
Jasione cavanillesii,230822-02,B_alternate_dark,22_12,2,12/04/2023,25,,,,,,,0,0,1
Jasione cavanillesii,230822-02,B_alternate_dark,22_12,3,12/04/2023,25,,,,,,,2,0,0
Jasione cavanillesii,230822-02,B_alternate_dark,22_12,4,12/04/2023,25,,,,,,,0,0,1
Jasione cavanillesii,230822-02,C_alternate_WP,22_12,1,12/04/2023,25,0,0,0,0,0,0,0,0,0
Jasione cavanillesii,230822-02,C_alternate_WP,22_12,2,12/04/2023,25,0,0,0,0,0,0,0,0,0
Jasione cavanillesii,230822-02,C_alternate_WP,22_12,3,12/04/2023,25,0,0,0,0,0,0,0,0,1
Jasione cavanillesii,230822-02,C_alternate_WP,22_12,4,12/04/2023,25,0,0,0,0,0,0,0,0,0
Jasione cavanillesii,230822-02,D_constant_light,17,1,12/04/2023,25,0,0,0,0,0,0,0,0,0
Jasione cavanillesii,230822-02,D_constant_light,17,2,12/04/2023,25,0,0,0,0,0,0,0,0,0
Jasione cavanillesii,230822-02,D_constant_light,17,3,12/04/2023,25,0,0,1,0,0,0,0,0,2
Jasione cavanillesii,230822-02,D_constant_light,17,4,12/04/2023,25,0,0,0,0,0,0,0,0,0
Jasione laevis,040822-08,A_alternate_light,15_5,1,13/04/2023,25,0,6,2,1,0,0,0,4,2
Jasione laevis,040822-08,A_alternate_light,15_5,2,13/04/2023,25,0,4,4,1,0,0,0,4,3
Jasione laevis,040822-08,A_alternate_light,15_5,3,13/04/2023,25,0,1,5,0,0,0,0,7,0
Jasione laevis,040822-08,A_alternate_light,15_5,4,13/04/2023,25,0,1,4,0,0,0,0,6,2
Jasione laevis,040822-08,B_alternate_dark,15_5,1,13/04/2023,25,,,,,,,4,7,0
Jasione laevis,040822-08,B_alternate_dark,15_5,2,13/04/2023,25,,,,,,,3,9,0
Jasione laevis,040822-08,B_alternate_dark,15_5,3,13/04/2023,25,,,,,,,6,3,3
Jasione laevis,040822-08,B_alternate_dark,15_5,4,13/04/2023,25,,,,,,,8,2,0
Jasione laevis,040822-08,C_alternate_WP,15_5,1,13/04/2023,25,0,0,0,2,0,0,0,12,0
Jasione laevis,040822-08,C_alternate_WP,15_5,2,13/04/2023,25,0,1,0,0,1,0,0,9,1
Jasione laevis,040822-08,C_alternate_WP,15_5,3,13/04/2023,25,0,0,1,0,1,0,1,10,1
Jasione laevis,040822-08,C_alternate_WP,15_5,4,13/04/2023,25,0,1,2,0,0,0,0,10,0
Jasione laevis,040822-08,D_constant_light,10,1,13/04/2023,25,0,0,5,2,0,0,0,10,0
Jasione laevis,040822-08,D_constant_light,10,2,13/04/2023,25,0,1,1,1,0,0,0,7,0
Jasione laevis,040822-08,D_constant_light,10,3,13/04/2023,25,0,3,2,0,0,0,0,10,2
Jasione laevis,040822-08,D_constant_light,10,4,13/04/2023,25,0,0,2,3,0,0,0,6,3
Jurinea humilis,110822-01,A_alternate_light,15_5,1,10/04/2023,25,17,0,1,0,0,0,0,2,1
Jurinea humilis,110822-01,A_alternate_light,15_5,2,10/04/2023,25,13,2,0,0,0,0,0,5,3
Jurinea humilis,110822-01,B_alternate_dark,15_5,1,10/04/2023,25,,,,,,,24,0,0
Jurinea humilis,110822-01,B_alternate_dark,15_5,2,10/04/2023,25,,,,,,,20,2,3
Jurinea humilis,110822-01,C_alternate_WP,15_5,1,10/04/2023,25,20,1,1,0,0,0,0,0,0
Jurinea humilis,110822-01,C_alternate_WP,15_5,2,10/04/2023,25,18,0,0,0,0,0,0,2,2
Jurinea humilis,110822-01,D_constant_light,10,1,10/04/2023,25,16,5,0,0,0,0,0,2,2
Jurinea humilis,110822-01,D_constant_light,10,2,10/04/2023,25,18,2,0,0,0,0,0,0,5
Kobresia myosuroides,130921-03,A_alternate_light,22_12,1,11/04/2023,25,0,0,0,0,0,0,0,1,0
Kobresia myosuroides,130921-03,A_alternate_light,22_12,2,11/04/2023,25,0,0,0,0,0,0,0,0,0
Kobresia myosuroides,130921-03,A_alternate_light,22_12,3,11/04/2023,25,0,0,0,0,0,0,0,1,0
Kobresia myosuroides,130921-03,A_alternate_light,22_12,4,11/04/2023,25,0,0,0,0,0,0,0,0,0
Kobresia myosuroides,130921-03,B_alternate_dark,22_12,1,11/04/2023,25,,,,,,,0,0,0
Kobresia myosuroides,130921-03,B_alternate_dark,22_12,2,11/04/2023,25,,,,,,,0,0,0
Kobresia myosuroides,130921-03,B_alternate_dark,22_12,3,11/04/2023,25,,,,,,,0,1,0
Kobresia myosuroides,130921-03,B_alternate_dark,22_12,4,11/04/2023,25,,,,,,,0,0,0
Kobresia myosuroides,130921-03,C_alternate_WP,22_12,1,11/04/2023,25,0,0,0,0,0,0,0,1,0
Kobresia myosuroides,130921-03,C_alternate_WP,22_12,2,11/04/2023,25,0,0,0,0,0,0,0,0,0
Kobresia myosuroides,130921-03,C_alternate_WP,22_12,3,11/04/2023,25,0,0,0,0,0,0,0,0,0
Kobresia myosuroides,130921-03,C_alternate_WP,22_12,4,11/04/2023,25,0,0,0,0,0,0,0,2,0
Kobresia myosuroides,130921-03,D_constant_light,17,1,11/04/2023,25,0,0,0,0,0,0,0,0,0
Kobresia myosuroides,130921-03,D_constant_light,17,2,11/04/2023,25,0,0,0,0,0,0,0,2,0
Kobresia myosuroides,130921-03,D_constant_light,17,3,11/04/2023,25,0,0,0,0,0,0,0,0,0
Kobresia myosuroides,130921-03,D_constant_light,17,4,11/04/2023,25,0,0,0,0,0,0,0,1,0
Koeleria vallesiana,300821-02,A_alternate_light,22_12,1,11/04/2023,23,10,6,2,1,2,0,0,1,0
Koeleria vallesiana,300821-02,A_alternate_light,22_12,2,11/04/2023,25,16,2,4,0,0,1,0,0,0
Koeleria vallesiana,300821-02,A_alternate_light,22_12,3,11/04/2023,25,18,4,0,0,0,1,0,0,0
Koeleria vallesiana,300821-02,A_alternate_light,22_12,4,11/04/2023,25,16,3,1,0,0,2,1,0,0
Koeleria vallesiana,300821-02,B_alternate_dark,22_12,1,11/04/2023,25,,,,,,,24,0,0
Koeleria vallesiana,300821-02,B_alternate_dark,22_12,2,11/04/2023,25,,,,,,,23,1,0
Koeleria vallesiana,300821-02,B_alternate_dark,22_12,3,11/04/2023,25,,,,,,,21,3,0
Koeleria vallesiana,300821-02,B_alternate_dark,22_12,4,11/04/2023,25,,,,,,,23,0,0
Koeleria vallesiana,300821-02,C_alternate_WP,22_12,1,11/04/2023,21,13,1,0,0,0,0,0,0,2
Koeleria vallesiana,300821-02,C_alternate_WP,22_12,2,11/04/2023,25,10,0,0,0,0,0,0,3,0
Koeleria vallesiana,300821-02,C_alternate_WP,22_12,3,11/04/2023,25,12,0,2,0,0,0,0,3,0
Koeleria vallesiana,300821-02,C_alternate_WP,22_12,4,11/04/2023,23,9,0,0,1,0,0,0,4,0
Koeleria vallesiana,300821-02,D_constant_light,17,1,11/04/2023,25,13,7,2,0,0,0,0,1,1
Koeleria vallesiana,300821-02,D_constant_light,17,2,11/04/2023,24,17,2,2,0,0,0,0,1,1
Koeleria vallesiana,300821-02,D_constant_light,17,3,11/04/2023,25,10,9,2,0,0,0,0,1,0
Koeleria vallesiana,300821-02,D_constant_light,17,4,11/04/2023,24,14,8,2,,,,,0,0
Linaria alpina,190822-01,A_alternate_light,22_12,1,21/04/2023,25,0,0,1,1,1,0,0,1,2
Linaria alpina,190822-01,A_alternate_light,22_12,2,21/04/2023,25,0,0,1,1,0,1,0,3,1
Linaria alpina,190822-01,A_alternate_light,22_12,3,21/04/2023,25,0,0,0,1,0,0,0,2,1
Linaria alpina,190822-01,B_alternate_dark,22_12,1,21/04/2023,25,,,,,,,0,0,1
Linaria alpina,190822-01,B_alternate_dark,22_12,2,21/04/2023,25,,,,,,,0,0,0
Linaria alpina,190822-01,B_alternate_dark,22_12,3,21/04/2023,25,,,,,,,0,0,4
Linaria alpina,190822-01,C_alternate_WP,22_12,1,21/04/2023,25,0,0,0,0,0,0,0,1,0
Linaria alpina,190822-01,C_alternate_WP,22_12,2,21/04/2023,25,0,0,0,0,0,0,0,0,0
Linaria alpina,190822-01,C_alternate_WP,22_12,3,21/04/2023,25,0,0,0,0,0,0,0,0,2
Linaria alpina,190822-01,D_constant_light,17,1,21/04/2023,25,0,0,0,0,0,0,0,2,1
Linaria alpina,190822-01,D_constant_light,17,2,21/04/2023,25,0,0,0,0,0,0,0,2,3
Linaria alpina,190822-01,D_constant_light,17,3,21/04/2023,25,0,0,0,0,0,0,0,3,1
Luzula caespitosa,040822-04,A_alternate_light,15_5,1,11/04/2023,25,23,0,0,0,0,0,0,0,0
Luzula caespitosa,040822-04,A_alternate_light,15_5,2,11/04/2023,25,24,1,,,,,,0,0
Luzula caespitosa,040822-04,A_alternate_light,15_5,3,11/04/2023,25,23,0,0,0,0,0,0,0,0
Luzula caespitosa,040822-04,A_alternate_light,15_5,4,11/04/2023,25,25,,,,,,,0,0
Luzula caespitosa,040822-04,B_alternate_dark,15_5,1,11/04/2023,25,,,,,,,21,0,2
Luzula caespitosa,040822-04,B_alternate_dark,15_5,2,11/04/2023,25,,,,,,,24,0,0
Luzula caespitosa,040822-04,B_alternate_dark,15_5,3,11/04/2023,25,,,,,,,23,0,0
Luzula caespitosa,040822-04,B_alternate_dark,15_5,4,11/04/2023,25,,,,,,,23,0,0
Luzula caespitosa,040822-04,C_alternate_WP,15_5,1,11/04/2023,25,23,0,0,0,0,0,0,0,0
Luzula caespitosa,040822-04,C_alternate_WP,15_5,2,11/04/2023,25,24,0,0,0,0,0,0,0,1
Luzula caespitosa,040822-04,C_alternate_WP,15_5,3,11/04/2023,25,22,0,0,0,0,0,0,0,2
Luzula caespitosa,040822-04,C_alternate_WP,15_5,4,11/04/2023,25,25,,,,,,,0,0
Luzula caespitosa,040822-04,D_constant_light,10,1,11/04/2023,25,23,0,0,0,0,0,0,0,0
Luzula caespitosa,040822-04,D_constant_light,10,2,11/04/2023,25,21,0,0,0,0,0,0,0,0
Luzula caespitosa,040822-04,D_constant_light,10,3,11/04/2023,25,21,0,0,0,0,0,0,0,1
Luzula caespitosa,040822-04,D_constant_light,10,4,11/04/2023,25,23,0,0,0,0,0,0,0,1
Minuartia sp,310821-10,A_alternate_light,15_5,1,11/04/2023,25,0,0,0,1,0,0,0,0,1
Minuartia sp,310821-10,A_alternate_light,15_5,2,11/04/2023,25,0,0,1,0,1,0,0,2,0
Minuartia sp,310821-10,A_alternate_light,15_5,3,11/04/2023,25,1,0,0,0,1,2,0,0,0
Minuartia sp,310821-10,A_alternate_light,15_5,4,11/04/2023,25,1,0,1,1,1,1,0,0,0
Minuartia sp,310821-10,B_alternate_dark,15_5,1,11/04/2023,25,,,,,,,6,1,1
Minuartia sp,310821-10,B_alternate_dark,15_5,2,11/04/2023,25,,,,,,,2,1,0
Minuartia sp,310821-10,B_alternate_dark,15_5,3,11/04/2023,25,,,,,,,1,0,1
Minuartia sp,310821-10,B_alternate_dark,15_5,4,11/04/2023,25,,,,,,,3,0,0
Minuartia sp,310821-10,C_alternate_WP,15_5,1,11/04/2023,24,0,0,0,0,0,0,0,0,0
Minuartia sp,310821-10,C_alternate_WP,15_5,2,11/04/2023,25,0,0,0,0,0,0,0,2,2
Minuartia sp,310821-10,C_alternate_WP,15_5,3,11/04/2023,25,0,0,0,0,0,0,0,5,0
Minuartia sp,310821-10,C_alternate_WP,15_5,4,11/04/2023,25,0,0,0,0,0,0,0,5,0
Minuartia sp,310821-10,D_constant_light,10,1,11/04/2023,25,1,0,2,0,0,0,0,2,2
Minuartia sp,310821-10,D_constant_light,10,2,11/04/2023,25,2,0,2,1,0,1,0,3,0
Minuartia sp,310821-10,D_constant_light,10,3,11/04/2023,24,0,1,3,0,0,0,0,4,3
Minuartia sp,310821-10,D_constant_light,10,4,11/04/2023,25,1,0,0,1,0,0,0,2,0
Minuartia recurva,110821-07,A_alternate_light,22_12,1,13/04/2023,25,0,14,0,0,0,0,0,3,0
Minuartia recurva,110821-07,A_alternate_light,22_12,2,13/04/2023,25,1,11,0,1,0,0,0,0,0
Minuartia recurva,110821-07,A_alternate_light,22_12,3,13/04/2023,25,0,14,0,0,0,0,0,1,3
Minuartia recurva,110821-07,A_alternate_light,22_12,4,13/04/2023,25,0,9,1,0,0,0,0,4,0
Minuartia recurva,110821-07,B_alternate_dark,22_12,1,13/04/2023,25,,,,,,,19,1,0
Minuartia recurva,110821-07,B_alternate_dark,22_12,2,13/04/2023,25,,,,,,,14,1,0
Minuartia recurva,110821-07,B_alternate_dark,22_12,3,13/04/2023,25,,,,,,,13,0,4
Minuartia recurva,110821-07,B_alternate_dark,22_12,4,13/04/2023,25,,,,,,,16,1,0
Minuartia recurva,110821-07,C_alternate_WP,22_12,1,13/04/2023,25,3,1,2,0,0,1,0,10,1
Minuartia recurva,110821-07,C_alternate_WP,22_12,2,13/04/2023,25,1,2,0,0,0,0,0,6,0
Minuartia recurva,110821-07,C_alternate_WP,22_12,3,13/04/2023,25,0,2,0,0,0,0,0,3,1
Minuartia recurva,110821-07,C_alternate_WP,22_12,4,13/04/2023,25,1,1,0,0,0,0,0,5,1
Minuartia recurva,110821-07,D_constant_light,17,1,13/04/2023,25,0,17,0,0,0,0,0,3,0
Minuartia recurva,110821-07,D_constant_light,17,2,13/04/2023,25,1,13,0,0,0,0,0,2,1
Minuartia recurva,110821-07,D_constant_light,17,3,13/04/2023,25,1,12,0,0,0,0,0,5,0
Minuartia recurva,110821-07,D_constant_light,17,4,13/04/2023,25,0,18,0,0,0,0,0,0,0
Minuartia verna,300821-06,A_alternate_light,15_5,1,11/04/2023,25,0,0,1,0,0,1,0,0,0
Minuartia verna,300821-06,A_alternate_light,15_5,2,11/04/2023,25,0,0,0,1,1,1,0,0,0
Minuartia verna,300821-06,A_alternate_light,15_5,3,11/04/2023,25,0,0,0,2,0,1,2,0,0
Minuartia verna,300821-06,B_alternate_dark,15_5,1,11/04/2023,25,,,,,,,2,0,0
Minuartia verna,300821-06,B_alternate_dark,15_5,2,11/04/2023,25,,,,,,,2,0,0
Minuartia verna,300821-06,B_alternate_dark,15_5,3,11/04/2023,25,,,,,,,3,0,0
Minuartia verna,300821-06,C_alternate_WP,15_5,1,11/04/2023,25,0,0,0,0,0,0,0,0,0
Minuartia verna,300821-06,C_alternate_WP,15_5,2,11/04/2023,25,0,0,0,0,0,0,0,0,0
Minuartia verna,300821-06,C_alternate_WP,15_5,3,11/04/2023,25,0,0,0,0,0,0,0,0,0
Minuartia verna,300821-06,D_constant_light,10,1,11/04/2023,25,0,0,0,1,1,0,0,0,0
Minuartia verna,300821-06,D_constant_light,10,2,11/04/2023,25,0,1,1,1,0,2,1,0,0
Minuartia verna,300821-06,D_constant_light,10,3,11/04/2023,25,0,0,0,2,1,1,0,0,0
Neoschischkinia truncatula,240821-07,A_alternate_light,22_12,1,13/04/2023,25,0,0,0,0,0,0,3,1,0
Neoschischkinia truncatula,240821-07,A_alternate_light,22_12,2,13/04/2023,24,0,0,0,0,0,1,3,0,0
Neoschischkinia truncatula,240821-07,A_alternate_light,22_12,3,13/04/2023,25,2,0,0,0,2,1,1,1,0
Neoschischkinia truncatula,240821-07,A_alternate_light,22_12,4,13/04/2023,25,1,0,0,0,1,0,1,1,1
Neoschischkinia truncatula,240821-07,B_alternate_dark,22_12,1,13/04/2023,25,,,,,,,0,2,3
Neoschischkinia truncatula,240821-07,B_alternate_dark,22_12,2,13/04/2023,25,,,,,,,1,0,3
Neoschischkinia truncatula,240821-07,B_alternate_dark,22_12,3,13/04/2023,25,,,,,,,2,0,0
Neoschischkinia truncatula,240821-07,B_alternate_dark,22_12,4,13/04/2023,25,,,,,,,2,0,0
Neoschischkinia truncatula,240821-07,C_alternate_WP,22_12,1,13/04/2023,25,2,0,0,0,0,0,0,1,1
Neoschischkinia truncatula,240821-07,C_alternate_WP,22_12,2,13/04/2023,25,2,0,0,0,0,0,0,1,2
Neoschischkinia truncatula,240821-07,C_alternate_WP,22_12,3,13/04/2023,25,1,1,0,0,0,0,0,1,1
Neoschischkinia truncatula,240821-07,C_alternate_WP,22_12,4,13/04/2023,25,2,0,0,0,0,0,0,0,4
Neoschischkinia truncatula,240821-07,D_constant_light,17,1,13/04/2023,25,0,0,0,0,0,2,0,2,1
Neoschischkinia truncatula,240821-07,D_constant_light,17,2,13/04/2023,25,4,0,0,0,1,1,0,1,0
Neoschischkinia truncatula,240821-07,D_constant_light,17,3,13/04/2023,25,2,0,0,0,0,0,0,4,1
Neoschischkinia truncatula,240821-07,D_constant_light,17,4,13/04/2023,25,2,0,0,0,0,0,0,0,0
Pedicularis pyrenaica,300822-02,A_alternate_light,15_5,1,21/04/2023,25,2,0,3,5,0,0,0,2,0
Pedicularis pyrenaica,300822-02,A_alternate_light,15_5,2,21/04/2023,25,1,0,4,6,1,0,0,0,0
Pedicularis pyrenaica,300822-02,A_alternate_light,15_5,3,21/04/2023,25,0,0,5,3,3,0,0,0,0
Pedicularis pyrenaica,300822-02,B_alternate_dark,15_5,1,21/04/2023,25,,,,,,,3,0,1
Pedicularis pyrenaica,300822-02,B_alternate_dark,15_5,2,21/04/2023,25,,,,,,,5,0,0
Pedicularis pyrenaica,300822-02,B_alternate_dark,15_5,3,21/04/2023,25,,,,,,,3,0,1
Pedicularis pyrenaica,300822-02,C_alternate_WP,15_5,1,21/04/2023,25,0,0,0,2,0,0,0,0,0
Pedicularis pyrenaica,300822-02,C_alternate_WP,15_5,2,21/04/2023,25,0,0,0,2,3,1,0,0,2
Pedicularis pyrenaica,300822-02,C_alternate_WP,15_5,3,21/04/2023,25,1,0,0,0,1,1,1,0,1
Pedicularis pyrenaica,300822-02,D_constant_light,10,1,21/04/2023,25,1,0,2,1,0,0,0,0,0
Pedicularis pyrenaica,300822-02,D_constant_light,10,2,21/04/2023,25,0,0,0,0,0,0,0,0,2
Pedicularis pyrenaica,300822-02,D_constant_light,10,3,21/04/2023,25,1,0,1,0,0,0,0,0,0
Phalacrocarpum oppositifolium,040822-05,A_alternate_light,22_12,1,11/04/2023,25,18,0,0,0,0,0,0,5,2
Phalacrocarpum oppositifolium,040822-05,A_alternate_light,22_12,2,11/04/2023,25,22,0,0,0,0,0,0,0,2
Phalacrocarpum oppositifolium,040822-05,A_alternate_light,22_12,3,11/04/2023,25,22,0,0,0,0,0,0,0,3
Phalacrocarpum oppositifolium,040822-05,B_alternate_dark,22_12,1,11/04/2023,25,,,,,,,18,3,2
Phalacrocarpum oppositifolium,040822-05,B_alternate_dark,22_12,2,11/04/2023,25,,,,,,,22,0,3
Phalacrocarpum oppositifolium,040822-05,B_alternate_dark,22_12,3,11/04/2023,25,,,,,,,14,4,6
Phalacrocarpum oppositifolium,040822-05,C_alternate_WP,22_12,1,11/04/2023,25,24,0,0,0,0,0,0,0,1
Phalacrocarpum oppositifolium,040822-05,C_alternate_WP,22_12,2,11/04/2023,25,24,0,0,0,0,0,0,1,0
Phalacrocarpum oppositifolium,040822-05,C_alternate_WP,22_12,3,11/04/2023,25,21,0,0,0,0,0,0,0,2
Phalacrocarpum oppositifolium,040822-05,D_constant_light,17,1,11/04/2023,25,23,0,0,0,0,0,0,1,1
Phalacrocarpum oppositifolium,040822-05,D_constant_light,17,2,11/04/2023,25,24,0,0,0,0,0,0,0,0
Phalacrocarpum oppositifolium,040822-05,D_constant_light,17,3,11/04/2023,25,24,0,0,0,0,0,0,1,0
Phyteuma hemisphaericum,040822-09,A_alternate_light,15_5,1,11/04/2023,25,1,7,6,0,0,1,0,0,0
Phyteuma hemisphaericum,040822-09,A_alternate_light,15_5,2,11/04/2023,25,0,4,4,0,0,1,0,0,0
Phyteuma hemisphaericum,040822-09,A_alternate_light,15_5,3,11/04/2023,25,0,10,3,0,0,0,0,1,0
Phyteuma hemisphaericum,040822-09,A_alternate_light,15_5,4,11/04/2023,25,0,6,5,1,0,1,0,1,1
Phyteuma hemisphaericum,040822-09,B_alternate_dark,15_5,1,11/04/2023,25,,,,,,,13,0,0
Phyteuma hemisphaericum,040822-09,B_alternate_dark,15_5,2,11/04/2023,25,,,,,,,11,0,1
Phyteuma hemisphaericum,040822-09,B_alternate_dark,15_5,3,11/04/2023,25,,,,,,,15,2,1
Phyteuma hemisphaericum,040822-09,B_alternate_dark,15_5,4,11/04/2023,25,,,,,,,11,1,1
Phyteuma hemisphaericum,040822-09,C_alternate_WP,15_5,1,11/04/2023,25,0,0,0,1,2,0,0,0,1
Phyteuma hemisphaericum,040822-09,C_alternate_WP,15_5,2,11/04/2023,25,0,0,3,1,0,0,0,2,1
Phyteuma hemisphaericum,040822-09,C_alternate_WP,15_5,3,11/04/2023,25,0,0,3,0,0,0,0,2,0
Phyteuma hemisphaericum,040822-09,C_alternate_WP,15_5,4,11/04/2023,25,0,0,0,2,0,0,0,1,3
Phyteuma hemisphaericum,040822-09,D_constant_light,10,1,11/04/2023,25,0,2,10,0,0,0,0,1,0
Phyteuma hemisphaericum,040822-09,D_constant_light,10,2,11/04/2023,25,0,2,9,0,0,1,0,1,1
Phyteuma hemisphaericum,040822-09,D_constant_light,10,3,11/04/2023,25,0,4,11,0,0,0,0,1,1
Phyteuma hemisphaericum,040822-09,D_constant_light,10,4,11/04/2023,25,0,2,10,0,0,0,0,2,0
Plantago alpina,190822-07,A_alternate_light,15_5,1,12/04/2023,25,1,23,0,0,0,0,0,0,1
Plantago alpina,190822-07,A_alternate_light,15_5,2,12/04/2023,22,1,19,1,0,0,0,0,0,0
Plantago alpina,190822-07,A_alternate_light,15_5,3,12/04/2023,25,1,21,0,0,0,0,0,0,1
Plantago alpina,190822-07,A_alternate_light,15_5,4,12/04/2023,25,1,23,1,,,,,0,0
Plantago alpina,190822-07,B_alternate_dark,15_5,1,12/04/2023,25,,,,,,,20,4,1
Plantago alpina,190822-07,B_alternate_dark,15_5,2,12/04/2023,25,,,,,,,23,2,0
Plantago alpina,190822-07,B_alternate_dark,15_5,3,12/04/2023,25,,,,,,,24,0,1
Plantago alpina,190822-07,B_alternate_dark,15_5,4,12/04/2023,25,,,,,,,24,0,1
Plantago alpina,190822-07,C_alternate_WP,15_5,1,12/04/2023,25,0,20,2,0,1,0,0,2,0
Plantago alpina,190822-07,C_alternate_WP,15_5,2,12/04/2023,23,2,17,1,1,0,0,0,1,0
Plantago alpina,190822-07,C_alternate_WP,15_5,3,12/04/2023,25,0,22,0,0,0,0,0,1,0
Plantago alpina,190822-07,C_alternate_WP,15_5,4,12/04/2023,25,0,19,1,0,1,0,0,0,1
Plantago alpina,190822-07,D_constant_light,10,1,12/04/2023,24,2,18,0,0,0,0,0,1,2
Plantago alpina,190822-07,D_constant_light,10,2,12/04/2023,24,2,15,0,0,0,0,0,3,3
Plantago alpina,190822-07,D_constant_light,10,3,12/04/2023,23,1,16,0,0,0,0,0,1,4
Plantago alpina,190822-07,D_constant_light,10,4,12/04/2023,25,2,23,,,,,,0,0
Plantago holosteum,090822-02,A_alternate_light,22_12,1,13/04/2023,25,4,20,0,0,0,0,0,0,0
Plantago holosteum,090822-02,A_alternate_light,22_12,2,13/04/2023,25,2,22,0,0,0,0,0,0,0
Plantago holosteum,090822-02,A_alternate_light,22_12,3,13/04/2023,25,3,22,,,,,,0,0
Plantago holosteum,090822-02,A_alternate_light,22_12,4,13/04/2023,25,5,18,0,0,0,0,0,0,1
Plantago holosteum,090822-02,B_alternate_dark,22_12,1,13/04/2023,25,,,,,,,25,0,0
Plantago holosteum,090822-02,B_alternate_dark,22_12,2,13/04/2023,25,,,,,,,25,0,0
Plantago holosteum,090822-02,B_alternate_dark,22_12,3,13/04/2023,25,,,,,,,25,0,0
Plantago holosteum,090822-02,B_alternate_dark,22_12,4,13/04/2023,25,,,,,,,24,0,0
Plantago holosteum,090822-02,C_alternate_WP,22_12,1,13/04/2023,25,2,19,0,0,0,0,0,0,2
Plantago holosteum,090822-02,C_alternate_WP,22_12,2,13/04/2023,25,0,24,0,0,0,0,0,0,0
Plantago holosteum,090822-02,C_alternate_WP,22_12,3,13/04/2023,25,0,25,,,,,,0,0
Plantago holosteum,090822-02,C_alternate_WP,22_12,4,13/04/2023,25,5,19,0,0,0,0,0,0,0
Plantago holosteum,090822-02,D_constant_light,17,1,13/04/2023,24,3,20,0,0,0,0,0,0,1
Plantago holosteum,090822-02,D_constant_light,17,2,13/04/2023,25,1,22,0,0,0,0,0,0,1
Plantago holosteum,090822-02,D_constant_light,17,3,13/04/2023,25,5,19,0,0,0,0,0,0,1
Plantago holosteum,090822-02,D_constant_light,17,4,13/04/2023,25,1,24,,,,,,0,0
Salix breviserrata,140722-01,A_alternate_light,15_5,1,11/04/2023,25,0,0,0,0,0,0,0,3,4
Salix breviserrata,140722-01,A_alternate_light,15_5,2,11/04/2023,25,0,0,0,0,0,0,0,4,8
Salix breviserrata,140722-01,A_alternate_light,15_5,3,11/04/2023,25,0,0,0,0,0,0,0,0,14
Salix breviserrata,140722-01,A_alternate_light,15_5,4,11/04/2023,25,0,0,0,0,0,0,0,5,3
Salix breviserrata,140722-01,B_alternate_dark,15_5,1,11/04/2023,25,,,,,,,0,2,0
Salix breviserrata,140722-01,B_alternate_dark,15_5,2,11/04/2023,25,,,,,,,0,0,20
Salix breviserrata,140722-01,B_alternate_dark,15_5,3,11/04/2023,25,,,,,,,0,2,15
Salix breviserrata,140722-01,B_alternate_dark,15_5,4,11/04/2023,25,,,,,,,0,2,20
Salix breviserrata,140722-01,C_alternate_WP,15_5,1,11/04/2023,25,0,0,0,0,0,0,0,0,21
Salix breviserrata,140722-01,C_alternate_WP,15_5,2,11/04/2023,25,0,0,0,0,0,0,0,0,25
Salix breviserrata,140722-01,C_alternate_WP,15_5,3,11/04/2023,24,0,0,0,0,0,0,0,0,20
Salix breviserrata,140722-01,C_alternate_WP,15_5,4,11/04/2023,25,0,0,0,0,0,0,0,0,23
Salix breviserrata,140722-01,D_constant_light,10,1,11/04/2023,25,0,0,0,0,0,0,0,0,17
Salix breviserrata,140722-01,D_constant_light,10,2,11/04/2023,25,0,0,0,0,0,0,0,1,5
Salix breviserrata,140722-01,D_constant_light,10,3,11/04/2023,25,0,0,0,0,0,0,0,0,9
Salix breviserrata,140722-01,D_constant_light,10,4,11/04/2023,25,0,0,0,0,0,0,0,0,20
Saxifraga conifera,120722-01,A_alternate_light,22_12,1,12/04/2023,25,0,0,0,0,0,0,0,8,1
Saxifraga conifera,120722-01,A_alternate_light,22_12,2,12/04/2023,25,0,0,0,0,0,0,0,7,0
Saxifraga conifera,120722-01,A_alternate_light,22_12,3,12/04/2023,25,0,0,0,0,0,0,1,6,4
Saxifraga conifera,120722-01,A_alternate_light,22_12,4,12/04/2023,25,0,0,0,1,3,0,0,4,1
Saxifraga conifera,120722-01,B_alternate_dark,22_12,1,12/04/2023,25,,,,,,,0,4,0
Saxifraga conifera,120722-01,B_alternate_dark,22_12,2,12/04/2023,25,,,,,,,0,5,0
Saxifraga conifera,120722-01,B_alternate_dark,22_12,3,12/04/2023,25,,,,,,,1,5,0
Saxifraga conifera,120722-01,B_alternate_dark,22_12,4,12/04/2023,25,,,,,,,0,6,0
Saxifraga conifera,120722-01,C_alternate_WP,22_12,1,12/04/2023,25,0,0,0,0,0,0,0,5,3
Saxifraga conifera,120722-01,C_alternate_WP,22_12,2,12/04/2023,25,0,0,0,0,0,0,0,5,5
Saxifraga conifera,120722-01,C_alternate_WP,22_12,3,12/04/2023,24,0,0,0,0,0,0,0,3,2
Saxifraga conifera,120722-01,C_alternate_WP,22_12,4,12/04/2023,25,0,0,0,0,0,0,0,4,5
Saxifraga conifera,120722-01,D_constant_light,17,1,12/04/2023,25,0,0,0,0,0,0,0,6,0
Saxifraga conifera,120722-01,D_constant_light,17,2,12/04/2023,25,0,0,0,0,0,4,2,3,0
Saxifraga conifera,120722-01,D_constant_light,17,3,12/04/2023,25,0,0,0,0,4,4,2,2,0
Saxifraga conifera,120722-01,D_constant_light,17,4,12/04/2023,25,0,0,0,0,0,3,3,3,0
Saxifraga oppositifolia,190822-05,A_alternate_light,22_12,1,12/04/2023,25,0,0,3,1,0,0,0,4,1
Saxifraga oppositifolia,190822-05,A_alternate_light,22_12,2,12/04/2023,25,0,0,5,0,0,0,0,1,0
Saxifraga oppositifolia,190822-05,A_alternate_light,22_12,3,12/04/2023,25,0,0,3,0,0,0,0,0,0
Saxifraga oppositifolia,190822-05,A_alternate_light,22_12,4,12/04/2023,25,0,0,6,1,0,0,0,2,1
Saxifraga oppositifolia,190822-05,B_alternate_dark,22_12,1,12/04/2023,25,,,,,,,0,3,0
Saxifraga oppositifolia,190822-05,B_alternate_dark,22_12,2,12/04/2023,25,,,,,,,0,4,0
Saxifraga oppositifolia,190822-05,B_alternate_dark,22_12,3,12/04/2023,25,,,,,,,0,2,0
Saxifraga oppositifolia,190822-05,B_alternate_dark,22_12,4,12/04/2023,25,,,,,,,0,2,0
Saxifraga oppositifolia,190822-05,C_alternate_WP,22_12,1,12/04/2023,25,0,0,0,0,0,0,0,1,2
Saxifraga oppositifolia,190822-05,C_alternate_WP,22_12,2,12/04/2023,25,0,0,0,0,0,0,0,0,3
Saxifraga oppositifolia,190822-05,C_alternate_WP,22_12,3,12/04/2023,25,0,0,0,0,0,0,0,1,2
Saxifraga oppositifolia,190822-05,C_alternate_WP,22_12,4,12/04/2023,25,0,0,0,0,0,0,0,2,2
Saxifraga oppositifolia,190822-05,D_constant_light,17,1,12/04/2023,25,0,0,19,3,0,0,0,0,0
Saxifraga oppositifolia,190822-05,D_constant_light,17,2,12/04/2023,25,0,0,15,5,0,0,0,1,0
Saxifraga oppositifolia,190822-05,D_constant_light,17,3,12/04/2023,25,0,0,8,4,0,0,0,1,0
Saxifraga oppositifolia,190822-05,D_constant_light,17,4,12/04/2023,25,0,0,13,2,0,0,0,1,0
Saxifraga paniculata,310821-14,A_alternate_light,22_12,1,12/04/2023,25,0,0,0,0,0,0,0,10,0
Saxifraga paniculata,310821-14,A_alternate_light,22_12,2,12/04/2023,25,0,0,0,0,0,0,0,8,0
Saxifraga paniculata,310821-14,A_alternate_light,22_12,3,12/04/2023,25,0,0,0,0,0,0,0,4,0
Saxifraga paniculata,310821-14,A_alternate_light,22_12,4,12/04/2023,25,0,0,0,0,0,0,0,6,0
Saxifraga paniculata,310821-14,B_alternate_dark,22_12,1,12/04/2023,25,,,,,,,0,8,1
Saxifraga paniculata,310821-14,B_alternate_dark,22_12,2,12/04/2023,25,,,,,,,0,8,0
Saxifraga paniculata,310821-14,B_alternate_dark,22_12,3,12/04/2023,25,,,,,,,0,4,0
Saxifraga paniculata,310821-14,B_alternate_dark,22_12,4,12/04/2023,25,,,,,,,0,7,0
Saxifraga paniculata,310821-14,C_alternate_WP,22_12,1,12/04/2023,25,0,0,0,0,0,0,0,12,0
Saxifraga paniculata,310821-14,C_alternate_WP,22_12,2,12/04/2023,25,0,0,0,0,0,0,0,10,1
Saxifraga paniculata,310821-14,C_alternate_WP,22_12,3,12/04/2023,25,0,0,0,0,0,0,0,7,0
Saxifraga paniculata,310821-14,C_alternate_WP,22_12,4,12/04/2023,25,0,0,0,0,0,0,0,8,0
Saxifraga paniculata,310821-14,D_constant_light,17,1,12/04/2023,25,0,0,0,0,0,0,0,4,0
Saxifraga paniculata,310821-14,D_constant_light,17,2,12/04/2023,25,0,0,0,1,0,0,0,3,0
Saxifraga paniculata,310821-14,D_constant_light,17,3,12/04/2023,25,0,0,0,0,0,1,0,8,0
Saxifraga paniculata,310821-14,D_constant_light,17,4,12/04/2023,25,0,0,1,1,0,0,0,5,0
Scilla verna,310821-06,A_alternate_light,22_12,1,13/04/2023,25,0,0,0,0,0,0,0,0,0
Scilla verna,310821-06,A_alternate_light,22_12,2,13/04/2023,25,0,0,0,0,0,0,0,0,8
Scilla verna,310821-06,B_alternate_dark,22_12,1,13/04/2023,25,,,,,,,0,0,0
Scilla verna,310821-06,B_alternate_dark,22_12,2,13/04/2023,25,,,,,,,1,0,0
Scilla verna,310821-06,C_alternate_WP,22_12,1,13/04/2023,24,0,0,0,0,0,0,0,0,0
Scilla verna,310821-06,C_alternate_WP,22_12,2,13/04/2023,25,0,0,0,0,0,0,0,0,0
Scilla verna,310821-06,D_constant_light,17,1,13/04/2023,20,0,0,1,0,0,0,0,1,0
Scilla verna,310821-06,D_constant_light,17,2,13/04/2023,25,0,0,0,0,0,0,0,0,0
Sedum album,300821-14,A_alternate_light,22_12,1,12/04/2023,25,0,0,0,0,0,0,0,1,5
Sedum album,300821-14,A_alternate_light,22_12,2,12/04/2023,25,0,0,0,0,0,0,0,0,9
Sedum album,300821-14,A_alternate_light,22_12,3,12/04/2023,25,0,0,0,0,0,0,0,0,6
Sedum album,300821-14,B_alternate_dark,22_12,1,12/04/2023,25,,,,,,,0,0,3
Sedum album,300821-14,B_alternate_dark,22_12,2,12/04/2023,25,,,,,,,0,2,0
Sedum album,300821-14,B_alternate_dark,22_12,3,12/04/2023,25,,,,,,,0,1,0
Sedum album,300821-14,C_alternate_WP,22_12,1,12/04/2023,25,0,0,0,0,0,0,0,3,4
Sedum album,300821-14,C_alternate_WP,22_12,2,12/04/2023,25,0,0,0,0,0,0,0,1,9
Sedum album,300821-14,C_alternate_WP,22_12,3,12/04/2023,25,0,0,0,0,0,0,0,0,10
Sedum album,300821-14,D_constant_light,17,1,12/04/2023,25,0,0,0,0,0,0,0,2,3
Sedum album,300821-14,D_constant_light,17,2,12/04/2023,25,0,0,0,0,0,0,0,3,0
Sedum album,300821-14,D_constant_light,17,3,12/04/2023,25,0,0,0,0,0,0,0,1,1
Sedum anglicum,240821-09,A_alternate_light,22_12,1,12/04/2023,25,0,15,1,1,0,0,0,2,0
Sedum anglicum,240821-09,A_alternate_light,22_12,2,12/04/2023,25,0,16,2,0,0,0,0,1,2
Sedum anglicum,240821-09,A_alternate_light,22_12,3,12/04/2023,25,0,16,0,0,0,0,0,1,0
Sedum anglicum,240821-09,A_alternate_light,22_12,4,12/04/2023,25,0,13,0,0,0,0,0,3,0
Sedum anglicum,240821-09,B_alternate_dark,22_12,1,12/04/2023,25,,,,,,,2,1,4
Sedum anglicum,240821-09,B_alternate_dark,22_12,2,12/04/2023,25,,,,,,,4,3,0
Sedum anglicum,240821-09,B_alternate_dark,22_12,3,12/04/2023,25,,,,,,,2,4,1
Sedum anglicum,240821-09,B_alternate_dark,22_12,4,12/04/2023,25,,,,,,,7,1,0
Sedum anglicum,240821-09,C_alternate_WP,22_12,1,12/04/2023,25,0,4,0,0,0,0,0,4,0
Sedum anglicum,240821-09,C_alternate_WP,22_12,2,12/04/2023,24,0,5,0,0,0,0,0,3,0
Sedum anglicum,240821-09,C_alternate_WP,22_12,3,12/04/2023,25,0,2,0,0,0,0,0,2,0
Sedum anglicum,240821-09,C_alternate_WP,22_12,4,12/04/2023,25,0,0,1,0,0,0,0,3,0
Sedum anglicum,240821-09,D_constant_light,17,1,12/04/2023,25,0,17,0,0,0,1,0,0,0
Sedum anglicum,240821-09,D_constant_light,17,2,12/04/2023,25,0,18,0,0,0,0,0,2,0
Sedum anglicum,240821-09,D_constant_light,17,3,12/04/2023,25,0,17,2,1,0,0,0,1,0
Sedum anglicum,240821-09,D_constant_light,17,4,12/04/2023,25,0,15,1,0,0,0,0,2,2
Sedum atratum,300822-07,A_alternate_light,22_12,1,12/04/2023,25,0,0,0,0,0,0,0,0,7
Sedum atratum,300822-07,A_alternate_light,22_12,2,12/04/2023,25,0,0,0,0,0,0,0,0,2
Sedum atratum,300822-07,A_alternate_light,22_12,3,12/04/2023,25,0,0,0,0,0,0,0,1,4
Sedum atratum,300822-07,B_alternate_dark,22_12,1,12/04/2023,25,,,,,,,0,2,0
Sedum atratum,300822-07,B_alternate_dark,22_12,2,12/04/2023,25,,,,,,,0,2,0
Sedum atratum,300822-07,B_alternate_dark,22_12,3,12/04/2023,25,,,,,,,0,0,3
Sedum atratum,300822-07,C_alternate_WP,22_12,1,12/04/2023,25,0,0,0,0,0,0,0,1,1
Sedum atratum,300822-07,C_alternate_WP,22_12,2,12/04/2023,25,0,0,0,0,0,0,0,0,1
Sedum atratum,300822-07,C_alternate_WP,22_12,3,12/04/2023,25,0,0,0,0,0,0,0,1,4
Sedum atratum,300822-07,D_constant_light,17,1,12/04/2023,24,0,0,0,0,0,0,0,2,5
Sedum atratum,300822-07,D_constant_light,17,2,12/04/2023,23,0,0,0,0,0,0,0,3,2
Sedum atratum,300822-07,D_constant_light,17,3,12/04/2023,25,0,0,0,0,0,0,0,2,2
Sedum brevifolium,250821-08,A_alternate_light,15_5,1,12/04/2023,25,0,0,4,1,0,0,1,3,0
Sedum brevifolium,250821-08,A_alternate_light,15_5,2,12/04/2023,25,0,0,5,0,0,0,0,2,5
Sedum brevifolium,250821-08,A_alternate_light,15_5,3,12/04/2023,24,0,0,8,1,0,0,0,4,0
Sedum brevifolium,250821-08,A_alternate_light,15_5,4,12/04/2023,25,0,0,6,1,0,0,0,3,1
Sedum brevifolium,250821-08,B_alternate_dark,15_5,1,12/04/2023,25,,,,,,,1,2,1
Sedum brevifolium,250821-08,B_alternate_dark,15_5,2,12/04/2023,25,,,,,,,1,5,2
Sedum brevifolium,250821-08,B_alternate_dark,15_5,3,12/04/2023,25,,,,,,,3,4,0
Sedum brevifolium,250821-08,B_alternate_dark,15_5,4,12/04/2023,25,,,,,,,7,6,0
Sedum brevifolium,250821-08,C_alternate_WP,15_5,1,12/04/2023,25,0,0,0,0,0,0,0,3,0
Sedum brevifolium,250821-08,C_alternate_WP,15_5,2,12/04/2023,25,0,0,0,0,0,0,0,2,6
Sedum brevifolium,250821-08,C_alternate_WP,15_5,3,12/04/2023,25,0,0,0,0,0,0,0,4,0
Sedum brevifolium,250821-08,C_alternate_WP,15_5,4,12/04/2023,25,0,0,0,0,0,0,0,1,2
Sedum brevifolium,250821-08,D_constant_light,10,1,12/04/2023,25,0,0,3,2,2,0,0,3,0
Sedum brevifolium,250821-08,D_constant_light,10,2,12/04/2023,25,0,0,3,2,0,0,0,2,1
Sedum brevifolium,250821-08,D_constant_light,10,3,12/04/2023,25,0,0,5,1,0,1,0,3,1
Sedum brevifolium,250821-08,D_constant_light,10,4,12/04/2023,25,0,0,9,4,2,1,0,3,0
Sempervivum arachnoideum,230921-02,A_alternate_light,22_12,1,12/04/2023,25,1,1,0,0,0,0,0,3,0
Sempervivum arachnoideum,230921-02,A_alternate_light,22_12,2,12/04/2023,25,0,2,0,0,0,0,0,5,1
Sempervivum arachnoideum,230921-02,A_alternate_light,22_12,3,12/04/2023,25,0,2,0,0,0,0,0,7,0
Sempervivum arachnoideum,230921-02,A_alternate_light,22_12,4,12/04/2023,25,0,3,0,0,0,0,0,5,3
Sempervivum arachnoideum,230921-02,B_alternate_dark,22_12,1,12/04/2023,25,,,,,,,0,7,0
Sempervivum arachnoideum,230921-02,B_alternate_dark,22_12,2,12/04/2023,25,,,,,,,0,5,0
Sempervivum arachnoideum,230921-02,B_alternate_dark,22_12,3,12/04/2023,25,,,,,,,0,3,0
Sempervivum arachnoideum,230921-02,B_alternate_dark,22_12,4,12/04/2023,25,,,,,,,1,6,0
Sempervivum arachnoideum,230921-02,C_alternate_WP,22_12,1,12/04/2023,25,0,0,0,0,0,0,0,8,1
Sempervivum arachnoideum,230921-02,C_alternate_WP,22_12,2,12/04/2023,25,0,0,2,0,0,0,0,12,0
Sempervivum arachnoideum,230921-02,C_alternate_WP,22_12,3,12/04/2023,25,0,0,0,0,0,0,0,8,4
Sempervivum arachnoideum,230921-02,C_alternate_WP,22_12,4,12/04/2023,25,0,0,1,0,0,0,0,9,0
Sempervivum arachnoideum,230921-02,D_constant_light,17,1,12/04/2023,25,0,6,0,0,0,0,0,5,4
Sempervivum arachnoideum,230921-02,D_constant_light,17,2,12/04/2023,25,0,5,0,0,0,0,0,6,0
Sempervivum arachnoideum,230921-02,D_constant_light,17,3,12/04/2023,25,0,5,0,0,0,0,0,7,0
Sempervivum arachnoideum,230921-02,D_constant_light,17,4,12/04/2023,23,0,5,0,0,0,0,0,7,2
Sempervivum vicentei,300822-08,A_alternate_light,22_12,1,21/04/2023,25,0,16,0,0,0,0,0,1,1
Sempervivum vicentei,300822-08,A_alternate_light,22_12,2,21/04/2023,24,0,12,0,0,0,0,0,1,1
Sempervivum vicentei,300822-08,B_alternate_dark,22_12,1,21/04/2023,25,,,,,,,0,0,2
Sempervivum vicentei,300822-08,B_alternate_dark,22_12,2,21/04/2023,25,,,,,,,1,0,4
Sempervivum vicentei,300822-08,C_alternate_WP,22_12,1,21/04/2023,25,0,3,9,0,0,0,1,2,0
Sempervivum vicentei,300822-08,C_alternate_WP,22_12,2,21/04/2023,25,0,4,5,0,0,0,0,0,4
Sempervivum vicentei,300822-08,D_constant_light,17,1,21/04/2023,25,0,12,1,0,0,0,0,0,5
Sempervivum vicentei,300822-08,D_constant_light,17,2,21/04/2023,25,0,5,0,0,0,0,0,1,0
Silene acaulis,130921-07,A_alternate_light,22_12,1,13/04/2023,25,0,19,1,0,0,0,0,0,0
Silene acaulis,130921-07,A_alternate_light,22_12,2,13/04/2023,25,1,15,4,0,0,0,0,1,0
Silene acaulis,130921-07,A_alternate_light,22_12,3,13/04/2023,25,3,15,1,1,0,0,0,2,0
Silene acaulis,130921-07,A_alternate_light,22_12,4,13/04/2023,24,1,18,0,0,0,0,0,3,2
Silene acaulis,130921-07,B_alternate_dark,22_12,1,13/04/2023,25,,,,,,,24,0,0
Silene acaulis,130921-07,B_alternate_dark,22_12,2,13/04/2023,25,,,,,,,15,1,1
Silene acaulis,130921-07,B_alternate_dark,22_12,3,13/04/2023,25,,,,,,,19,1,0
Silene acaulis,130921-07,B_alternate_dark,22_12,4,13/04/2023,25,,,,,,,19,0,4
Silene acaulis,130921-07,C_alternate_WP,22_12,1,13/04/2023,25,2,0,0,0,0,0,1,1,2
Silene acaulis,130921-07,C_alternate_WP,22_12,2,13/04/2023,25,4,1,0,0,0,0,0,2,0
Silene acaulis,130921-07,C_alternate_WP,22_12,3,13/04/2023,25,0,0,0,0,0,0,0,1,0
Silene acaulis,130921-07,C_alternate_WP,22_12,4,13/04/2023,25,0,0,0,0,0,0,0,3,0
Silene acaulis,130921-07,D_constant_light,17,1,13/04/2023,25,0,17,0,0,0,0,0,0,2
Silene acaulis,130921-07,D_constant_light,17,2,13/04/2023,25,0,23,0,0,0,0,0,0,0
Silene acaulis,130921-07,D_constant_light,17,3,13/04/2023,24,1,21,0,0,0,0,0,2,0
Silene acaulis,130921-07,D_constant_light,17,4,13/04/2023,25,2,15,1,0,0,0,0,2,0
Silene ciliata,040822-07,A_alternate_light,15_5,1,11/04/2023,25,0,14,6,0,0,0,0,1,0
Silene ciliata,040822-07,A_alternate_light,15_5,2,11/04/2023,25,0,19,3,1,0,0,0,1,1
Silene ciliata,040822-07,A_alternate_light,15_5,3,11/04/2023,25,0,17,3,0,0,0,0,1,2
Silene ciliata,040822-07,A_alternate_light,15_5,4,11/04/2023,25,0,16,8,0,0,0,0,0,0
Silene ciliata,040822-07,B_alternate_dark,15_5,1,11/04/2023,25,,,,,,,22,2,0
Silene ciliata,040822-07,B_alternate_dark,15_5,2,11/04/2023,25,,,,,,,21,2,2
Silene ciliata,040822-07,B_alternate_dark,15_5,3,11/04/2023,25,,,,,,,23,0,0
Silene ciliata,040822-07,B_alternate_dark,15_5,4,11/04/2023,25,,,,,,,23,1,0
Silene ciliata,040822-07,C_alternate_WP,15_5,1,11/04/2023,25,0,1,6,2,0,0,0,0,1
Silene ciliata,040822-07,C_alternate_WP,15_5,2,11/04/2023,25,0,0,1,2,0,0,0,1,1
Silene ciliata,040822-07,C_alternate_WP,15_5,3,11/04/2023,25,1,3,3,0,1,1,0,0,0
Silene ciliata,040822-07,C_alternate_WP,15_5,4,11/04/2023,24,1,0,4,3,0,0,0,2,0
Silene ciliata,040822-07,D_constant_light,10,1,11/04/2023,25,1,13,9,0,0,0,0,1,0
Silene ciliata,040822-07,D_constant_light,10,2,11/04/2023,25,0,15,4,1,0,0,0,2,1
Silene ciliata,040822-07,D_constant_light,10,3,11/04/2023,25,0,14,5,1,0,0,0,1,0
Silene ciliata,040822-07,D_constant_light,10,4,11/04/2023,25,1,14,5,1,0,0,0,1,1
Solidago virgaurea,250821-13,A_alternate_light,15_5,1,12/04/2023,25,0,0,0,0,0,0,0,0,18
Solidago virgaurea,250821-13,A_alternate_light,15_5,2,12/04/2023,25,0,0,0,0,0,0,0,2,4
Solidago virgaurea,250821-13,A_alternate_light,15_5,3,12/04/2023,25,0,0,0,0,0,0,0,1,8
Solidago virgaurea,250821-13,A_alternate_light,15_5,4,12/04/2023,24,0,0,0,0,0,0,0,1,6
Solidago virgaurea,250821-13,B_alternate_dark,15_5,1,12/04/2023,25,,,,,,,0,0,0
Solidago virgaurea,250821-13,B_alternate_dark,15_5,2,12/04/2023,25,,,,,,,0,1,2
Solidago virgaurea,250821-13,B_alternate_dark,15_5,3,12/04/2023,25,,,,,,,0,3,0
Solidago virgaurea,250821-13,B_alternate_dark,15_5,4,12/04/2023,25,,,,,,,0,0,1
Solidago virgaurea,250821-13,C_alternate_WP,15_5,1,12/04/2023,25,0,0,0,0,0,0,0,7,2
Solidago virgaurea,250821-13,C_alternate_WP,15_5,2,12/04/2023,25,0,0,0,0,0,0,0,4,13
Solidago virgaurea,250821-13,C_alternate_WP,15_5,3,12/04/2023,25,0,0,0,0,0,0,0,1,20
Solidago virgaurea,250821-13,C_alternate_WP,15_5,4,12/04/2023,16,0,0,0,0,0,0,0,0,16
Solidago virgaurea,250821-13,D_constant_light,10,1,12/04/2023,22,1,0,0,0,0,0,0,2,5
Solidago virgaurea,250821-13,D_constant_light,10,2,12/04/2023,25,0,0,0,0,0,0,0,3,5
Solidago virgaurea,250821-13,D_constant_light,10,3,12/04/2023,25,1,0,0,0,0,0,0,3,2
Solidago virgaurea,250821-13,D_constant_light,10,4,12/04/2023,25,0,0,0,0,0,0,0,3,8
Spergula morisonii,300522-01,A_alternate_light,22_12,1,12/04/2023,25,0,0,0,0,0,1,0,0,0
Spergula morisonii,300522-01,A_alternate_light,22_12,2,12/04/2023,25,0,0,0,0,0,0,0,0,1
Spergula morisonii,300522-01,A_alternate_light,22_12,3,12/04/2023,25,0,0,0,0,1,0,0,0,0
Spergula morisonii,300522-01,A_alternate_light,22_12,4,12/04/2023,25,0,0,0,0,0,0,0,1,0
Spergula morisonii,300522-01,B_alternate_dark,22_12,1,12/04/2023,25,,,,,,,0,0,0
Spergula morisonii,300522-01,B_alternate_dark,22_12,2,12/04/2023,25,,,,,,,0,1,0
Spergula morisonii,300522-01,B_alternate_dark,22_12,3,12/04/2023,25,,,,,,,0,1,1
Spergula morisonii,300522-01,B_alternate_dark,22_12,4,12/04/2023,25,,,,,,,0,2,1
Spergula morisonii,300522-01,C_alternate_WP,22_12,1,12/04/2023,25,0,0,0,0,0,0,0,0,0
Spergula morisonii,300522-01,C_alternate_WP,22_12,2,12/04/2023,25,0,0,0,0,0,0,0,0,0
Spergula morisonii,300522-01,C_alternate_WP,22_12,3,12/04/2023,25,0,0,0,0,0,0,0,0,2
Spergula morisonii,300522-01,C_alternate_WP,22_12,4,12/04/2023,25,0,0,0,0,0,0,0,0,0
Spergula morisonii,300522-01,D_constant_light,17,1,12/04/2023,25,0,0,0,0,0,0,0,0,1
Spergula morisonii,300522-01,D_constant_light,17,2,12/04/2023,25,0,1,0,0,0,0,0,1,0
Spergula morisonii,300522-01,D_constant_light,17,3,12/04/2023,25,0,1,0,0,2,0,0,0,0
Spergula morisonii,300522-01,D_constant_light,17,4,12/04/2023,25,0,3,0,0,0,0,0,0,0
Teesdalia conferta,090822-04,A_alternate_light,22_12,1,13/04/2023,25,25,,,,,,,0,0
Teesdalia conferta,090822-04,A_alternate_light,22_12,2,13/04/2023,24,24,,,,,,,0,0
Teesdalia conferta,090822-04,A_alternate_light,22_12,3,13/04/2023,25,25,,,,,,,0,0
Teesdalia conferta,090822-04,A_alternate_light,22_12,4,13/04/2023,25,25,,,,,,,0,0
Teesdalia conferta,090822-04,B_alternate_dark,22_12,1,13/04/2023,25,,,,,,,24,0,1
Teesdalia conferta,090822-04,B_alternate_dark,22_12,2,13/04/2023,25,,,,,,,24,0,1
Teesdalia conferta,090822-04,B_alternate_dark,22_12,3,13/04/2023,25,,,,,,,25,0,0
Teesdalia conferta,090822-04,B_alternate_dark,22_12,4,13/04/2023,25,,,,,,,25,0,0
Teesdalia conferta,090822-04,C_alternate_WP,22_12,1,13/04/2023,25,25,,,,,,,0,0
Teesdalia conferta,090822-04,C_alternate_WP,22_12,2,13/04/2023,25,25,,,,,,,0,0
Teesdalia conferta,090822-04,C_alternate_WP,22_12,3,13/04/2023,25,25,,,,,,,0,0
Teesdalia conferta,090822-04,C_alternate_WP,22_12,4,13/04/2023,25,25,,,,,,,0,0
Teesdalia conferta,090822-04,D_constant_light,17,1,13/04/2023,25,25,,,,,,,0,0
Teesdalia conferta,090822-04,D_constant_light,17,2,13/04/2023,25,25,,,,,,,0,0
Teesdalia conferta,090822-04,D_constant_light,17,3,13/04/2023,25,25,,,,,,,0,0
Teesdalia conferta,090822-04,D_constant_light,17,4,13/04/2023,25,25,,,,,,,0,0
Thymus praecox,120821-06,A_alternate_light,22_12,1,12/04/2023,25,0,9,0,0,0,0,0,3,3
Thymus praecox,120821-06,A_alternate_light,22_12,2,12/04/2023,25,0,6,1,0,0,0,0,7,0
Thymus praecox,130921-10,A_alternate_light,22_12,1,12/04/2023,25,0,5,0,0,0,0,0,10,0
Thymus praecox,130921-10,A_alternate_light,22_12,2,12/04/2023,25,0,0,0,0,0,0,0,9,0
Thymus praecox,120821-06,B_alternate_dark,22_12,1,12/04/2023,25,,,,,,,5,2,0
Thymus praecox,120821-06,B_alternate_dark,22_12,2,12/04/2023,25,,,,,,,15,0,1
Thymus praecox,130921-10,B_alternate_dark,22_12,1,12/04/2023,25,,,,,,,4,4,0
Thymus praecox,130921-10,B_alternate_dark,22_12,2,12/04/2023,25,,,,,,,8,2,2
Thymus praecox,120821-06,C_alternate_WP,22_12,1,12/04/2023,25,0,1,1,0,1,0,0,4,0
Thymus praecox,120821-06,C_alternate_WP,22_12,2,12/04/2023,25,0,3,0,0,0,0,0,5,0
Thymus praecox,130921-10,C_alternate_WP,22_12,1,12/04/2023,25,0,0,0,0,0,0,0,13,0
Thymus praecox,130921-10,C_alternate_WP,22_12,2,12/04/2023,25,0,0,0,0,0,0,0,12,0
Thymus praecox,120821-06,D_constant_light,17,1,12/04/2023,25,0,10,2,0,0,0,0,1,3
Thymus praecox,120821-06,D_constant_light,17,2,12/04/2023,25,0,11,0,0,1,0,0,4,0
Thymus praecox,130921-10,D_constant_light,17,1,12/04/2023,25,0,9,0,0,0,0,0,2,0
Thymus praecox,130921-10,D_constant_light,17,2,12/04/2023,25,0,6,2,0,0,0,0,7,0
Veronica nummularia,190822-06,A_alternate_light,22_12,1,11/04/2023,25,1,0,0,0,0,0,0,0,0
Veronica nummularia,190822-06,A_alternate_light,22_12,2,11/04/2023,25,0,0,0,0,0,0,0,0,0
Veronica nummularia,190822-06,A_alternate_light,22_12,3,11/04/2023,25,0,0,0,0,0,0,0,0,0
Veronica nummularia,190822-06,A_alternate_light,22_12,4,11/04/2023,25,0,0,0,0,0,0,0,0,0
Veronica nummularia,190822-06,B_alternate_dark,22_12,1,11/04/2023,25,,,,,,,1,0,0
Veronica nummularia,190822-06,B_alternate_dark,22_12,2,11/04/2023,25,,,,,,,0,0,0
Veronica nummularia,190822-06,B_alternate_dark,22_12,3,11/04/2023,25,,,,,,,0,0,0
Veronica nummularia,190822-06,B_alternate_dark,22_12,4,11/04/2023,25,,,,,,,0,0,0
Veronica nummularia,190822-06,C_alternate_WP,22_12,1,11/04/2023,25,0,0,0,0,0,0,0,0,0
Veronica nummularia,190822-06,C_alternate_WP,22_12,2,11/04/2023,25,0,0,0,0,0,0,0,0,0
Veronica nummularia,190822-06,C_alternate_WP,22_12,3,11/04/2023,25,0,0,0,0,0,0,0,0,0
Veronica nummularia,190822-06,C_alternate_WP,22_12,4,11/04/2023,25,0,0,0,0,0,0,0,0,0
Veronica nummularia,190822-06,D_constant_light,17,1,11/04/2023,25,0,0,0,0,0,0,0,1,0
Veronica nummularia,190822-06,D_constant_light,17,2,11/04/2023,25,0,0,0,0,0,0,0,1,0
Veronica nummularia,190822-06,D_constant_light,17,3,11/04/2023,25,0,0,0,0,0,0,0,2,0
Veronica nummularia,190822-06,D_constant_light,17,4,11/04/2023,25,0,0,0,0,0,0,0,0,0
