community,species,site,code ,plant,N.seeds,,
Mediterranean,Agrostis tileni,Penauta,250821-06,1,11,,
Mediterranean,Agrostis tileni,Penauta,250821-06,2,4,,
Mediterranean,Agrostis tileni,Penauta,250821-06,3,51,,
Mediterranean,Agrostis tileni,Penauta,250821-06,4,9,,
Mediterranean,Agrostis tileni,Penauta,250821-06,5,3,,
Mediterranean,Agrostis tileni,Penauta,250821-06,6,34,,
Mediterranean,Agrostis tileni,Penauta,250821-06,7,3,,
Mediterranean,Agrostis tileni,Penauta,250821-06,8,2,,
Mediterranean,Agrostis tileni,Penauta,250821-06,9,7,,
Mediterranean,Agrostis tileni,Penauta,250821-06,10,3,,
Mediterranean,Agrostis tileni,Solana,070823-10,1,8,,
Mediterranean,Agrostis tileni,Solana,070823-10,2,25,,
Mediterranean,Agrostis tileni,Solana,070823-10,3,16,,
Mediterranean,Agrostis tileni,Solana,070823-10,4,2,,
Mediterranean,Agrostis tileni,Solana,070823-10,5,7,,
Mediterranean,Agrostis tileni,Solana,070823-10,6,4,,
Mediterranean,Agrostis tileni,Solana,070823-10,7,6,,
Mediterranean,Agrostis tileni,Solana,070823-10,8,4,,
Mediterranean,Agrostis tileni,Solana,070823-10,9,2,,
Mediterranean,Agrostis tileni,Solana,070823-10,10,13,,
Mediterranean,Agrostis tileni,Solana,070823-10,11,47,,
Mediterranean,Armeria duriaei,Penauta,250821-01,1,58,,
Mediterranean,Armeria duriaei,Penauta,250821-01,2,28,,
Mediterranean,Armeria duriaei,Penauta,250821-01,3,19,,
Mediterranean,Armeria duriaei,Penauta,250821-01,4,40,,
Mediterranean,Armeria duriaei,Penauta,250821-01,5,72,,
Mediterranean,Armeria duriaei,Penauta,250821-01,6,31,,
Mediterranean,Armeria duriaei,Penauta,250821-01,7,181,,
Mediterranean,Armeria duriaei,Penauta,250821-01,8,14,,
Mediterranean,Armeria duriaei,Penauta,250821-01,9,14,,
Mediterranean,Armeria duriaei,Penauta,250821-01,10,36,,
Mediterranean,Armeria duriaei,Penauta,250821-01,1,51,,
Mediterranean,Armeria duriaei,Penauta,250821-01,2,71,,
Mediterranean,Armeria duriaei,Penauta,250821-01,3,202,,
Mediterranean,Armeria duriaei,Penauta,250821-01,4,2,,
Mediterranean,Armeria duriaei,Penauta,250821-01,5,13,,
Mediterranean,Armeria duriaei,Penauta,250821-01,6,36,,
Mediterranean,Armeria duriaei,Penauta,250821-01,7,100,,
Mediterranean,Armeria duriaei,Penauta,250821-01,8,118,,
Mediterranean,Armeria duriaei,Penauta,250821-01,9,143,,
Mediterranean,Armeria duriaei,Penauta,250821-01,10,284,,
Mediterranean,Armeria duriaei,Rabinalto,240821-01,1,232,,
Mediterranean,Armeria duriaei,Rabinalto,240821-01,2,7,,
Mediterranean,Armeria duriaei,Rabinalto,240821-01,3,104,,
Mediterranean,Armeria duriaei,Rabinalto,240821-01,4,171,,
Mediterranean,Armeria duriaei,Rabinalto,240821-01,5,26,,
Mediterranean,Armeria duriaei,Rabinalto,240821-01,6,41,,
Mediterranean,Armeria duriaei,Rabinalto,240821-01,7,35,,
Mediterranean,Armeria duriaei,Rabinalto,240821-01,8,25,,
Mediterranean,Armeria duriaei,Rabinalto,240821-01,9,16,,
Mediterranean,Armeria duriaei,Rabinalto,240821-01,10,60,,
Mediterranean,Avenella flexuosa,Penauta,070823-05,1,15,,
Mediterranean,Avenella flexuosa,Penauta,070823-05,2,7,,
Mediterranean,Avenella flexuosa,Penauta,070823-05,3,0,,
Mediterranean,Avenella flexuosa,Penauta,070823-05,4,13,,
Mediterranean,Avenella flexuosa,Penauta,070823-05,5,16,,
Mediterranean,Avenella flexuosa,Penauta,070823-05,6,4,,
Mediterranean,Avenella flexuosa,Penauta,070823-05,7,8,,
Mediterranean,Avenella flexuosa,Penauta,070823-05,8,9,,
Mediterranean,Avenella flexuosa,Penauta,070823-05,9,11,,
Mediterranean,Avenella flexuosa,Penauta,070823-05,10,12,,
Mediterranean,Avenella flexuosa,Penauta,070823-05,11,26,,
Mediterranean,Avenella flexuosa,Penauta,070823-05,12,8,,
Mediterranean,Avenella flexuosa,Penauta,070823-05,13,0,,
Mediterranean,Avenella flexuosa,Penauta,070823-05,14,3,,
Mediterranean,Avenella flexuosa,Penauta,070823-05,15,15,,
Mediterranean,Avenella flexuosa,Penauta,070823-05,16,6,,
Mediterranean,Avenella flexuosa,Penauta,070823-05,17,18,,
Mediterranean,Avenella flexuosa,Penauta,070823-05,18,4,,
Mediterranean,Avenella flexuosa,Penauta,070823-05,19,1,,
Mediterranean,Avenella flexuosa,Penauta,070823-05,20,8,,
Mediterranean,Cerastium ramosissimum,Alto la Cańada,270323-01,1,185,,
Mediterranean,Cerastium ramosissimum,Alto la Cańada,270323-01,2,94,,
Mediterranean,Cerastium ramosissimum,Alto la Cańada,270323-01,3,19,,
Mediterranean,Cerastium ramosissimum,Alto la Cańada,270323-01,4,77,,
Mediterranean,Cerastium ramosissimum,Alto la Cańada,270323-01,5,243,,
Mediterranean,Cerastium ramosissimum,Alto la Cańada,270323-01,6,71,,
Mediterranean,Cerastium ramosissimum,Alto la Cańada,270323-01,7,47,,
Mediterranean,Cerastium ramosissimum,Alto la Cańada,270323-01,8,65,,
Mediterranean,Cerastium ramosissimum,Alto la Cańada,270323-01,9,222,,
Mediterranean,Cerastium ramosissimum,Alto la Cańada,270323-01,10,56,,
Mediterranean,Cerastium ramosissimum,Alto la Cańada,270323-01,11,57,,
Mediterranean,Cerastium ramosissimum,Alto la Cańada,270323-01,12,106,,
Mediterranean,Cerastium ramosissimum,Alto la Cańada,270323-01,13,136,,
Mediterranean,Cerastium ramosissimum,Alto la Cańada,270323-01,14,72,,
Mediterranean,Cerastium ramosissimum,Alto la Cańada,270323-01,15,255,,
Mediterranean,Cerastium ramosissimum,Alto la Cańada,270323-01,16,21,,
Mediterranean,Cerastium ramosissimum,Alto la Cańada,270323-01,17,108,,
Mediterranean,Cerastium ramosissimum,Alto la Cańada,270323-01,18,98,,
Mediterranean,Cerastium ramosissimum,Alto la Cańada,270323-01,19,29,,
Mediterranean,Cerastium ramosissimum,Alto la Cańada,270323-01,20,141,,
Mediterranean,Conopodium majus,Penauta,250821-04,1,20,,
Mediterranean,Conopodium majus,Penauta,250821-04,2,42,,
Mediterranean,Conopodium majus,Penauta,250821-04,3,4,,
Mediterranean,Conopodium majus,Penauta,250821-04,4,32,,
Mediterranean,Conopodium majus,Penauta,250821-04,5,64,,
Mediterranean,Conopodium majus,Penauta,250821-04,6,38,,
Mediterranean,Conopodium majus,Penauta,250821-04,7,26,,
Mediterranean,Conopodium majus,Penauta,250821-04,8,22,,
Mediterranean,Conopodium majus,Penauta,250821-04,9,2,,
Mediterranean,Conopodium majus,Penauta,250821-04,10,8,,
Mediterranean,Conopodium majus,Penauta,040822-03,1,6,,
Mediterranean,Conopodium majus,Penauta,040822-03,2,93,,
Mediterranean,Conopodium majus,Penauta,040822-03,3,15,,
Mediterranean,Conopodium majus,Penauta,040822-03,4,26,,
Mediterranean,Conopodium majus,Penauta,040822-03,5,45,,
Mediterranean,Conopodium majus,Penauta,040822-03,6,33,,
Mediterranean,Conopodium majus,Penauta,040822-03,7,27,,
Mediterranean,Conopodium majus,Penauta,040822-03,8,53,,
Mediterranean,Conopodium majus,Penauta,040822-03,9,96,,
Mediterranean,Conopodium majus,Penauta,040822-03,10,16,,
Mediterranean,Dianthus langeanus,Cańada,120821-02,1,73,,
Mediterranean,Dianthus langeanus,Cańada,120821-02,2,49,,
Mediterranean,Dianthus langeanus,Cańada,120821-02,3,98,,
Mediterranean,Dianthus langeanus,Cańada,120821-02,4,41,,
Mediterranean,Dianthus langeanus,Cańada,120821-02,5,272,,
Mediterranean,Dianthus langeanus,Cańada,120821-02,6,80,,
Mediterranean,Dianthus langeanus,Cańada,120821-02,7,112,,
Mediterranean,Dianthus langeanus,Cańada,120821-02,8,56,,
Mediterranean,Dianthus langeanus,Cańada,120821-02,9,15,,
Mediterranean,Dianthus langeanus,Cańada,120821-02,10,27,,
Mediterranean,Dianthus langeanus,Penauta,110821-01,1,7,,
Mediterranean,Dianthus langeanus,Penauta,110821-01,2,17,,
Mediterranean,Dianthus langeanus,Penauta,110821-01,3,12,,
Mediterranean,Dianthus langeanus,Penauta,110821-01,4,25,,
Mediterranean,Dianthus langeanus,Penauta,110821-01,5,70,,
Mediterranean,Dianthus langeanus,Penauta,110821-01,6,31,,
Mediterranean,Dianthus langeanus,Penauta,110821-01,7,121,,
Mediterranean,Dianthus langeanus,Penauta,110821-01,8,48,,
Mediterranean,Dianthus langeanus,Penauta,110821-01,9,71,,
Mediterranean,Dianthus langeanus,Penauta,110821-01,10,50,,
Mediterranean,Festuca summilusitana,Penauta,250821-02,1,8,,
Mediterranean,Festuca summilusitana,Penauta,250821-02,2,25,,
Mediterranean,Festuca summilusitana,Penauta,250821-02,3,15,,
Mediterranean,Festuca summilusitana,Penauta,250821-02,4,18,,
Mediterranean,Festuca summilusitana,Penauta,250821-02,5,14,,
Mediterranean,Festuca summilusitana,Penauta,250821-02,6,19,,
Mediterranean,Festuca summilusitana,Penauta,250821-02,7,16,,
Mediterranean,Festuca summilusitana,Penauta,250821-02,8,38,,
Mediterranean,Festuca summilusitana,Penauta,250821-02,9,29,,
Mediterranean,Festuca summilusitana,Penauta,250821-02,10,3,,
Mediterranean,Festuca summilusitana,Rabinalto,240821-02,1,6,,
Mediterranean,Festuca summilusitana,Rabinalto,240821-02,2,82,,
Mediterranean,Festuca summilusitana,Rabinalto,240821-02,3,306,,
Mediterranean,Festuca summilusitana,Rabinalto,240821-02,4,110,,
Mediterranean,Festuca summilusitana,Rabinalto,240821-02,5,80,,
Mediterranean,Festuca summilusitana,Rabinalto,240821-02,6,52,,
Mediterranean,Festuca summilusitana,Rabinalto,240821-02,7,161,,
Mediterranean,Festuca summilusitana,Rabinalto,240821-02,8,116,,
Mediterranean,Festuca summilusitana,Rabinalto,240821-02,9,47,,
Mediterranean,Festuca summilusitana,Rabinalto,240821-02,10,21,,
Mediterranean,Helictochloa marginata,Penauta,250821-11,1,0,pasadas?,
Mediterranean,Helictochloa marginata,Penauta,250821-11,2,0,pasadas?,
Mediterranean,Helictochloa marginata,Penauta,250821-11,3,0,pasadas?,
Mediterranean,Helictochloa marginata,Penauta,250821-11,4,0,pasadas?,
Mediterranean,Helictochloa marginata,Penauta,250821-11,5,0,pasadas?,
Mediterranean,Helictochloa marginata,Penauta,250821-11,6,0,pasadas?,
Mediterranean,Helictochloa marginata,Penauta,250821-11,7,0,pasadas?,
Mediterranean,Helictochloa marginata,Penauta,250821-11,8,0,pasadas?,
Mediterranean,Helictochloa marginata,Penauta,250821-11,9,0,pasadas?,
Mediterranean,Helictochloa marginata,Penauta,250821-11,10,0,pasadas?,
Mediterranean,Helictochloa marginata,Rabinalto,240821-06,1,0,pasadas?,
Mediterranean,Helictochloa marginata,Rabinalto,240821-06,2,0,pasadas?,
Mediterranean,Helictochloa marginata,Rabinalto,240821-06,3,0,pasadas?,
Mediterranean,Helictochloa marginata,Rabinalto,240821-06,4,0,pasadas?,
Mediterranean,Helictochloa marginata,Rabinalto,240821-06,5,2,pasadas?,
Mediterranean,Helictochloa marginata,Rabinalto,240821-06,6,0,pasadas?,
Mediterranean,Helictochloa marginata,Rabinalto,240821-06,7,0,pasadas?,
Mediterranean,Helictochloa marginata,Rabinalto,240821-06,8,1,pasadas?,
Mediterranean,Helictochloa marginata,Rabinalto,240821-06,9,4,pasadas?,
Mediterranean,Helictochloa marginata,Rabinalto,240821-06,10,0,pasadas?,
Mediterranean,Jasione laevis,Penauta,040822-08,1,173,,
Mediterranean,Jasione laevis,Penauta,040822-08,2,33,,
Mediterranean,Jasione laevis,Penauta,040822-08,3,106,,
Mediterranean,Jasione laevis,Penauta,040822-08,4,42,,
Mediterranean,Jasione laevis,Penauta,040822-08,5,310,,
Mediterranean,Jasione laevis,Penauta,040822-08,6,230,,
Mediterranean,Jasione laevis,Penauta,040822-08,7,3,,
Mediterranean,Jasione laevis,Penauta,040822-08,8,144,,
Mediterranean,Jasione laevis,Penauta,040822-08,9,42,,
Mediterranean,Jasione laevis,Penauta,040822-08,10,53,,
Mediterranean,Jasione laevis,Penauta,070823-04,1,22,,
Mediterranean,Jasione laevis,Penauta,070823-04,2,20,,
Mediterranean,Jasione laevis,Penauta,070823-04,3,20,,
Mediterranean,Jasione laevis,Penauta,070823-04,4,7,,
Mediterranean,Jasione laevis,Penauta,070823-04,5,2,,
Mediterranean,Jasione laevis,Penauta,070823-04,6,17,,
Mediterranean,Jasione laevis,Penauta,070823-04,7,45,,
Mediterranean,Jasione laevis,Penauta,070823-04,8,15,,
Mediterranean,Jasione laevis,Penauta,070823-04,9,8,,
Mediterranean,Jasione laevis,Penauta,070823-04,10,25,,
Mediterranean,Jurinea humilis,Solana,070823-09,1,9,contadas semillas viables,
Mediterranean,Jurinea humilis,Solana,070823-09,2,10,contadas semillas viables,
Mediterranean,Jurinea humilis,Solana,070823-09,3,34,contadas semillas viables,
Mediterranean,Jurinea humilis,Solana,070823-09,4,16,contadas semillas viables,
Mediterranean,Jurinea humilis,Solana,070823-09,5,12,contadas semillas viables,
Mediterranean,Jurinea humilis,Solana,070823-09,6,22,contadas semillas viables,
Mediterranean,Jurinea humilis,Solana,070823-09,7,11,contadas semillas viables,
Mediterranean,Jurinea humilis,Solana,070823-09,8,7,contadas semillas viables,
Mediterranean,Jurinea humilis,Solana,070823-09,9,8,contadas semillas viables,
Mediterranean,Jurinea humilis,Solana,070823-09,10,26,contadas semillas viables,
Mediterranean,Jurinea humilis,Penauta,070823-02,1,33,contadas semillas viables,
Mediterranean,Jurinea humilis,Penauta,070823-02,2,3,contadas semillas viables,
Mediterranean,Jurinea humilis,Penauta,070823-02,3,7,contadas semillas viables,
Mediterranean,Jurinea humilis,Penauta,070823-02,4,7,contadas semillas viables,
Mediterranean,Jurinea humilis,Penauta,070823-02,5,11,contadas semillas viables,
Mediterranean,Jurinea humilis,Penauta,070823-02,6,28,contadas semillas viables,
Mediterranean,Jurinea humilis,Penauta,070823-02,7,18,contadas semillas viables,
Mediterranean,Jurinea humilis,Penauta,070823-02,8,19,contadas semillas viables,
Mediterranean,Jurinea humilis,Penauta,070823-02,9,18,contadas semillas viables,
Mediterranean,Jurinea humilis,Penauta,070823-02,10,7,contadas semillas viables,
Mediterranean,Luzula caespitosa,Penauta,110821-03,1,0,,
Mediterranean,Luzula caespitosa,Penauta,110821-03,2,18,,
Mediterranean,Luzula caespitosa,Penauta,110821-03,3,4,,
Mediterranean,Luzula caespitosa,Penauta,110821-03,4,7,,
Mediterranean,Luzula caespitosa,Penauta,110821-03,5,31,,
Mediterranean,Luzula caespitosa,Penauta,110821-03,6,7,,
Mediterranean,Luzula caespitosa,Penauta,110821-03,7,102,,
Mediterranean,Luzula caespitosa,Penauta,110821-03,8,22,,
Mediterranean,Luzula caespitosa,Penauta,110821-03,9,5,,
Mediterranean,Luzula caespitosa,Penauta,110821-03,10,2,,
Mediterranean,Luzula caespitosa,Rabinalto,120821-04,1,0,,
Mediterranean,Luzula caespitosa,Rabinalto,120821-04,2,31,,
Mediterranean,Luzula caespitosa,Rabinalto,120821-04,3,8,,
Mediterranean,Luzula caespitosa,Rabinalto,120821-04,4,3,,
Mediterranean,Luzula caespitosa,Rabinalto,120821-04,5,0,,
Mediterranean,Luzula caespitosa,Rabinalto,120821-04,6,0,,
Mediterranean,Luzula caespitosa,Rabinalto,120821-04,7,2,,
Mediterranean,Luzula caespitosa,Rabinalto,120821-04,8,4,,
Mediterranean,Luzula caespitosa,Rabinalto,120821-04,9,14,,
Mediterranean,Luzula caespitosa,Rabinalto,120821-04,10,0,,
Mediterranean,Minuartia recurva,Cańada,120821-01,1,62,,
Mediterranean,Minuartia recurva,Cańada,120821-01,2,38,,
Mediterranean,Minuartia recurva,Cańada,120821-01,3,92,,
Mediterranean,Minuartia recurva,Cańada,120821-01,4,200,,
Mediterranean,Minuartia recurva,Cańada,120821-01,5,551,,
Mediterranean,Minuartia recurva,Cańada,120821-01,6,515,,
Mediterranean,Minuartia recurva,Cańada,120821-01,7,419,,
Mediterranean,Minuartia recurva,Cańada,120821-01,8,101,,
Mediterranean,Minuartia recurva,Cańada,120821-01,9,120,,
Mediterranean,Minuartia recurva,Cańada,120821-01,10,276,,
Mediterranean,Minuartia recurva,Solana,110821-07,1,56,,
Mediterranean,Minuartia recurva,Solana,110821-07,2,32,,
Mediterranean,Minuartia recurva,Solana,110821-07,3,34,,
Mediterranean,Minuartia recurva,Solana,110821-07,4,51,,
Mediterranean,Minuartia recurva,Solana,110821-07,5,7,,
Mediterranean,Minuartia recurva,Solana,110821-07,6,14,,
Mediterranean,Minuartia recurva,Solana,110821-07,7,23,,
Mediterranean,Minuartia recurva,Solana,110821-07,8,108,,
Mediterranean,Minuartia recurva,Solana,110821-07,9,18,,
Mediterranean,Minuartia recurva,Solana,110821-07,10,142,,
Mediterranean,Neoschischkinia truncatula,Penauta,250821-03,1,168,,
Mediterranean,Neoschischkinia truncatula,Penauta,250821-03,2,66,,
Mediterranean,Neoschischkinia truncatula,Penauta,250821-03,3,361,,
Mediterranean,Neoschischkinia truncatula,Penauta,250821-03,4,221,,
Mediterranean,Neoschischkinia truncatula,Penauta,250821-03,5,168,,
Mediterranean,Neoschischkinia truncatula,Penauta,250821-03,6,451,,
Mediterranean,Neoschischkinia truncatula,Penauta,250821-03,7,2,,
Mediterranean,Neoschischkinia truncatula,Penauta,250821-03,8,295,,
Mediterranean,Neoschischkinia truncatula,Penauta,250821-03,9,217,,
Mediterranean,Neoschischkinia truncatula,Penauta,250821-03,10,19,,
Mediterranean,Neoschischkinia truncatula,Rabinalto,240821-07,1,18,,
Mediterranean,Neoschischkinia truncatula,Rabinalto,240821-07,2,260,,
Mediterranean,Neoschischkinia truncatula,Rabinalto,240821-07,3,198,,
Mediterranean,Neoschischkinia truncatula,Rabinalto,240821-07,4,650,,
Mediterranean,Neoschischkinia truncatula,Rabinalto,240821-07,5,129,,
Mediterranean,Neoschischkinia truncatula,Rabinalto,240821-07,6,1373,,
Mediterranean,Neoschischkinia truncatula,Rabinalto,240821-07,7,394,,
Mediterranean,Neoschischkinia truncatula,Rabinalto,240821-07,8,8,,
Mediterranean,Neoschischkinia truncatula,Rabinalto,240821-07,9,246,,
Mediterranean,Neoschischkinia truncatula,Rabinalto,240821-07,10,612,,
Mediterranean,Phalacrocarpum oppositifolium,Penauta,110821-02,1,0,,
Mediterranean,Phalacrocarpum oppositifolium,Penauta,110821-02,2,0,,
Mediterranean,Phalacrocarpum oppositifolium,Penauta,110821-02,3,7,,
Mediterranean,Phalacrocarpum oppositifolium,Penauta,110821-02,4,25,,
Mediterranean,Phalacrocarpum oppositifolium,Penauta,110821-02,5,5,,
Mediterranean,Phalacrocarpum oppositifolium,Penauta,110821-02,6,70,,
Mediterranean,Phalacrocarpum oppositifolium,Penauta,110821-02,7,74,,
Mediterranean,Phalacrocarpum oppositifolium,Penauta,110821-02,8,0,,
Mediterranean,Phalacrocarpum oppositifolium,Penauta,110821-02,9,20,,
Mediterranean,Phalacrocarpum oppositifolium,Penauta,110821-02,10,15,,
Mediterranean,Phalacrocarpum oppositifolium,Penauta,250821-05,1,2,,
Mediterranean,Phalacrocarpum oppositifolium,Penauta,250821-05,2,9,,
Mediterranean,Phalacrocarpum oppositifolium,Penauta,250821-05,3,9,,
Mediterranean,Phalacrocarpum oppositifolium,Penauta,250821-05,4,1,,
Mediterranean,Phalacrocarpum oppositifolium,Penauta,250821-05,5,3,,
Mediterranean,Phalacrocarpum oppositifolium,Penauta,250821-05,6,0,,
Mediterranean,Phalacrocarpum oppositifolium,Penauta,250821-05,7,15,,
Mediterranean,Phalacrocarpum oppositifolium,Penauta,250821-05,8,20,,
Mediterranean,Phalacrocarpum oppositifolium,Penauta,250821-05,9,0,,
Mediterranean,Phalacrocarpum oppositifolium,Penauta,250821-05,10,0,,
Mediterranean,Phalacrocarpum oppositifolium,Rabinalto,120821-05,1,9,,
Mediterranean,Phalacrocarpum oppositifolium,Rabinalto,120821-05,2,2,,
Mediterranean,Phalacrocarpum oppositifolium,Rabinalto,120821-05,3,6,,
Mediterranean,Phalacrocarpum oppositifolium,Rabinalto,120821-05,4,7,,
Mediterranean,Phalacrocarpum oppositifolium,Rabinalto,120821-05,5,15,,
Mediterranean,Phalacrocarpum oppositifolium,Rabinalto,120821-05,6,5,,
Mediterranean,Phyteuma hemisphaericum,Cańada,240821-10,1,51,,
Mediterranean,Phyteuma hemisphaericum,Cańada,240821-10,2,71,,
Mediterranean,Phyteuma hemisphaericum,Cańada,240821-10,3,202,,
Mediterranean,Phyteuma hemisphaericum,Cańada,240821-10,4,2,,
Mediterranean,Phyteuma hemisphaericum,Cańada,240821-10,5,13,,
Mediterranean,Phyteuma hemisphaericum,Cańada,240821-10,6,36,,
Mediterranean,Phyteuma hemisphaericum,Cańada,240821-10,7,100,,
Mediterranean,Phyteuma hemisphaericum,Cańada,240821-10,8,118,,
Mediterranean,Phyteuma hemisphaericum,Cańada,240821-10,9,143,,
Mediterranean,Phyteuma hemisphaericum,Cańada,240821-10,10,284,,
Mediterranean,Phyteuma hemisphaericum,Penauta,250821-07,1,82,,
Mediterranean,Phyteuma hemisphaericum,Penauta,250821-07,2,42,,
Mediterranean,Phyteuma hemisphaericum,Penauta,250821-07,3,20,,
Mediterranean,Phyteuma hemisphaericum,Penauta,250821-07,4,32,,
Mediterranean,Phyteuma hemisphaericum,Penauta,250821-07,5,68,,
Mediterranean,Phyteuma hemisphaericum,Penauta,250821-07,6,296,,
Mediterranean,Phyteuma hemisphaericum,Penauta,250821-07,7,307,,
Mediterranean,Phyteuma hemisphaericum,Penauta,250821-07,8,67,,
Mediterranean,Phyteuma hemisphaericum,Penauta,250821-07,9,474,,
Mediterranean,Phyteuma hemisphaericum,Penauta,250821-07,10,156,,
Mediterranean,Plantago holosteum,Rabinalto,240821-04,1,109,,
Mediterranean,Plantago holosteum,Rabinalto,240821-04,2,53,,
Mediterranean,Plantago holosteum,Rabinalto,240821-04,3,48,,
Mediterranean,Plantago holosteum,Rabinalto,240821-04,4,336,,
Mediterranean,Plantago holosteum,Rabinalto,240821-04,5,182,,
Mediterranean,Plantago holosteum,Rabinalto,240821-04,6,192,,
Mediterranean,Plantago holosteum,Rabinalto,240821-04,7,31,,
Mediterranean,Plantago holosteum,Rabinalto,240821-04,8,23,,
Mediterranean,Plantago holosteum,Rabinalto,240821-04,9,118,,
Mediterranean,Plantago holosteum,Rabinalto,240821-04,10,519,,
Mediterranean,Plantago holosteum,Solana,250821-12,1,26,,
Mediterranean,Plantago holosteum,Solana,250821-12,2,13,,
Mediterranean,Plantago holosteum,Solana,250821-12,3,10,,
Mediterranean,Plantago holosteum,Solana,250821-12,4,17,,
Mediterranean,Plantago holosteum,Solana,250821-12,5,15,,
Mediterranean,Plantago holosteum,Solana,250821-12,6,2,,
Mediterranean,Plantago holosteum,Solana,250821-12,7,20,,
Mediterranean,Plantago holosteum,Solana,250821-12,8,12,,
Mediterranean,Plantago holosteum,Solana,250821-12,9,8,,
Mediterranean,Plantago holosteum,Solana,250821-12,10,21,,
Mediterranean,Sedum anglicum,Cańada,240821-09,1,213,*valores aproximados por peso semilla,
Mediterranean,Sedum anglicum,Cańada,240821-09,2,523,*valores aproximados por peso semilla,
Mediterranean,Sedum anglicum,Cańada,240821-09,3,393,*valores aproximados por peso semilla,
Mediterranean,Sedum anglicum,Cańada,240821-09,4,780,*valores aproximados por peso semilla,
Mediterranean,Sedum anglicum,Cańada,240821-09,5,550,*valores aproximados por peso semilla,
Mediterranean,Sedum anglicum,Cańada,240821-09,6,521,*valores aproximados por peso semilla,
Mediterranean,Sedum anglicum,Cańada,240821-09,7,274,*valores aproximados por peso semilla,
Mediterranean,Sedum anglicum,Cańada,240821-09,8,142,*valores aproximados por peso semilla,
Mediterranean,Sedum anglicum,Cańada,240821-09,9,333,*valores aproximados por peso semilla,
Mediterranean,Sedum anglicum,Cańada,240821-09,10,197,*valores aproximados por peso semilla,
Mediterranean,Sedum anglicum,Penauta,250821-09,1,538,*valores aproximados por peso semilla,
Mediterranean,Sedum anglicum,Penauta,250821-09,3,692,*valores aproximados por peso semilla,
Mediterranean,Sedum anglicum,Penauta,250821-09,4,605,*valores aproximados por peso semilla,
Mediterranean,Sedum anglicum,Penauta,250821-09,5,236,*valores aproximados por peso semilla,
Mediterranean,Sedum anglicum,Penauta,250821-09,6,289,*valores aproximados por peso semilla,
Mediterranean,Sedum anglicum,Penauta,250821-09,7,471,*valores aproximados por peso semilla,
Mediterranean,Sedum anglicum,Penauta,250821-09,8,876,*valores aproximados por peso semilla,
Mediterranean,Sedum anglicum,Penauta,250821-09,9,195,*valores aproximados por peso semilla,
Mediterranean,Sedum anglicum,Penauta,250821-09,10,205,*valores aproximados por peso semilla,
Mediterranean,Sedum brevifolium,Cańada,240821-11,1,614,*valores aproximados por peso semilla,
Mediterranean,Sedum brevifolium,Cańada,240821-11,2,140,*valores aproximados por peso semilla,
Mediterranean,Sedum brevifolium,Cańada,240821-11,3,96,*valores aproximados por peso semilla,
Mediterranean,Sedum brevifolium,Cańada,240821-11,4,436,*valores aproximados por peso semilla,
Mediterranean,Sedum brevifolium,Cańada,240821-11,5,100,*valores aproximados por peso semilla,
Mediterranean,Sedum brevifolium,Cańada,240821-11,6,295,*valores aproximados por peso semilla,
Mediterranean,Sedum brevifolium,Cańada,240821-11,7,67,*valores aproximados por peso semilla,
Mediterranean,Sedum brevifolium,Cańada,240821-11,8,86,*valores aproximados por peso semilla,
Mediterranean,Sedum brevifolium,Cańada,240821-11,9,339,*valores aproximados por peso semilla,
Mediterranean,Sedum brevifolium,Cańada,240821-11,10,27,*valores aproximados por peso semilla,
Mediterranean,Sedum brevifolium,Penauta,250821-08,1,202,*valores aproximados por peso semilla,
Mediterranean,Sedum brevifolium,Penauta,250821-08,2,348,*valores aproximados por peso semilla,
Mediterranean,Sedum brevifolium,Penauta,250821-08,3,176,*valores aproximados por peso semilla,
Mediterranean,Sedum brevifolium,Penauta,250821-08,4,390,*valores aproximados por peso semilla,
Mediterranean,Sedum brevifolium,Penauta,250821-08,5,985,*valores aproximados por peso semilla,
Mediterranean,Sedum brevifolium,Penauta,250821-08,6,433,*valores aproximados por peso semilla,
Mediterranean,Sedum brevifolium,Penauta,250821-08,7,626,*valores aproximados por peso semilla,
Mediterranean,Sedum brevifolium,Penauta,250821-08,8,1130,*valores aproximados por peso semilla,
Mediterranean,Sedum brevifolium,Penauta,250821-08,9,229,*valores aproximados por peso semilla,
Mediterranean,Sedum brevifolium,Penauta,250821-08,10,288,*valores aproximados por peso semilla,
Mediterranean,Sempervivum arachnoideum,Penauta,230821-02,1,214,*valores aproximados por peso semilla,
Mediterranean,Sempervivum arachnoideum,Penauta,230821-02,2,98,*valores aproximados por peso semilla,
Mediterranean,Sempervivum arachnoideum,Penauta,230821-02,3,528,*valores aproximados por peso semilla,
Mediterranean,Sempervivum arachnoideum,Penauta,230821-02,4,34,*valores aproximados por peso semilla,
Mediterranean,Sempervivum arachnoideum,Penauta,230821-02,5,158,*valores aproximados por peso semilla,
Mediterranean,Sempervivum arachnoideum,Penauta,230821-02,6,142,*valores aproximados por peso semilla,
Mediterranean,Sempervivum arachnoideum,Penauta,230821-02,7,31,*valores aproximados por peso semilla,
Mediterranean,Sempervivum arachnoideum,Penauta,230821-02,8,226,*valores aproximados por peso semilla,
Mediterranean,Sempervivum arachnoideum,Penauta,230821-02,9,621,*valores aproximados por peso semilla,
Mediterranean,Sempervivum arachnoideum,Penauta,230821-02,10,162,*valores aproximados por peso semilla,
Mediterranean,Sempervivum arachnoideum,Solana,230921-04,1,127,*valores aproximados por peso semilla,
Mediterranean,Sempervivum arachnoideum,Solana,230921-04,2,1145,*valores aproximados por peso semilla,
Mediterranean,Sempervivum arachnoideum,Solana,230921-04,3,472,*valores aproximados por peso semilla,
Mediterranean,Sempervivum arachnoideum,Solana,230921-04,4,716,*valores aproximados por peso semilla,
Mediterranean,Sempervivum arachnoideum,Solana,230921-04,5,739,*valores aproximados por peso semilla,
Mediterranean,Sempervivum arachnoideum,Solana,230921-04,6,419,*valores aproximados por peso semilla,
Mediterranean,Sempervivum arachnoideum,Solana,230921-04,7,125,*valores aproximados por peso semilla,
Mediterranean,Sempervivum arachnoideum,Solana,230921-04,8,748,*valores aproximados por peso semilla,
Mediterranean,Sempervivum arachnoideum,Solana,230921-04,9,496,*valores aproximados por peso semilla,
Mediterranean,Sempervivum arachnoideum,Solana,230921-04,10,515,*valores aproximados por peso semilla,
Mediterranean,Silene ciliata,Penauta,070823-06,1,17,,
Mediterranean,Silene ciliata,Penauta,070823-06,2,21,,
Mediterranean,Silene ciliata,Penauta,070823-06,3,27,,
Mediterranean,Silene ciliata,Penauta,070823-06,4,26,,
Mediterranean,Solidago virgaurea,Penauta,250821-13,1,61,,
Mediterranean,Solidago virgaurea,Penauta,250821-13,2,18,,
Mediterranean,Solidago virgaurea,Penauta,250821-13,3,25,,
Mediterranean,Solidago virgaurea,Penauta,250821-13,4,141,,
Mediterranean,Solidago virgaurea,Penauta,250821-13,5,38,,
Mediterranean,Solidago virgaurea,Penauta,250821-13,6,36,,
Mediterranean,Solidago virgaurea,Penauta,250821-13,7,14,,
Mediterranean,Solidago virgaurea,Penauta,250821-13,8,13,,
Mediterranean,Solidago virgaurea,Penauta,250821-13,9,18,,
Mediterranean,Solidago virgaurea,Penauta,250821-13,10,29,,
Mediterranean,Solidago virgaurea,Rabinalto,240821-08,1,265,,
Mediterranean,Solidago virgaurea,Rabinalto,240821-08,2,137,,
Mediterranean,Solidago virgaurea,Rabinalto,240821-08,3,121,,
Mediterranean,Solidago virgaurea,Rabinalto,240821-08,4,72,,
Mediterranean,Solidago virgaurea,Rabinalto,240821-08,5,43,,
Mediterranean,Solidago virgaurea,Rabinalto,240821-08,6,51,,
Mediterranean,Solidago virgaurea,Rabinalto,240821-08,7,126,,
Mediterranean,Solidago virgaurea,Rabinalto,240821-08,8,129,,
Mediterranean,Solidago virgaurea,Rabinalto,240821-08,9,61,,
Mediterranean,Solidago virgaurea,Rabinalto,240821-08,10,51,,
Mediterranean,Spergula morisonii,Alto la Cańada,270623-02,1,69,,
Mediterranean,Spergula morisonii,Alto la Cańada,270623-02,2,96,,
Mediterranean,Spergula morisonii,Alto la Cańada,270623-02,3,11,,
Mediterranean,Spergula morisonii,Alto la Cańada,270623-02,4,84,,
Mediterranean,Spergula morisonii,Alto la Cańada,270623-02,5,21,,
Mediterranean,Spergula morisonii,Alto la Cańada,270623-02,6,55,,
Mediterranean,Spergula morisonii,Alto la Cańada,270623-02,7,161,,
Mediterranean,Spergula morisonii,Alto la Cańada,270623-02,8,58,,
Mediterranean,Spergula morisonii,Alto la Cańada,270623-02,9,189,,
Mediterranean,Spergula morisonii,Alto la Cańada,270623-02,10,43,,
Mediterranean,Spergula morisonii,Alto la Cańada,270623-02,11,45,,
Mediterranean,Spergula morisonii,Alto la Cańada,270623-02,12,44,,
Mediterranean,Spergula morisonii,Alto la Cańada,270623-02,13,17,,
Mediterranean,Spergula morisonii,Alto la Cańada,270623-02,14,36,,
Mediterranean,Spergula morisonii,Alto la Cańada,270623-02,15,55,,
Mediterranean,Spergula morisonii,Alto la Cańada,270623-02,16,53,,
Mediterranean,Spergula morisonii,Alto la Cańada,270623-02,17,67,,
Mediterranean,Spergula morisonii,Alto la Cańada,270623-02,18,113,,
Mediterranean,Spergula morisonii,Alto la Cańada,270623-02,19,39,,
Mediterranean,Spergula morisonii,Alto la Cańada,270623-02,20,174,,
Mediterranean,Teesdalia conferta,Penauta,040822-12,1,14,,
Mediterranean,Teesdalia conferta,Penauta,040822-12,2,16,,
Mediterranean,Teesdalia conferta,Penauta,040822-12,3,0,,
Mediterranean,Teesdalia conferta,Penauta,040822-12,4,14,,
Mediterranean,Teesdalia conferta,Penauta,040822-12,5,26,,
Mediterranean,Teesdalia conferta,Penauta,040822-12,6,12,,
Mediterranean,Teesdalia conferta,Penauta,040822-12,7,4,,
Mediterranean,Teesdalia conferta,Penauta,040822-12,8,7,,
Mediterranean,Teesdalia conferta,Penauta,040822-12,9,10,,
Mediterranean,Teesdalia conferta,Penauta,040822-12,10,3,,
Mediterranean,Thymus praecox,Rabinalto,120821-06,1,1,,
Mediterranean,Thymus praecox,Rabinalto,120821-06,2,340,,
Mediterranean,Thymus praecox,Rabinalto,120821-06,3,462,,
Mediterranean,Thymus praecox,Rabinalto,120821-06,4,327,,
Mediterranean,Thymus praecox,Rabinalto,120821-06,5,829,,
Mediterranean,Thymus praecox,Rabinalto,120821-06,6,709,,
Mediterranean,Thymus praecox,Rabinalto,120821-06,7,406,,
Mediterranean,Thymus praecox,Rabinalto,120821-06,8,509,,
Mediterranean,Thymus praecox,Rabinalto,120821-06,9,733,,
Mediterranean,Thymus praecox,Rabinalto,120821-06,10,100,,
Mediterranean,Thymus praecox,Solana,110821-05,1,591,,
Mediterranean,Thymus praecox,Solana,110821-05,2,221,,
Mediterranean,Thymus praecox,Solana,110821-05,3,325,,
Mediterranean,Thymus praecox,Solana,110821-05,4,410,,
Mediterranean,Thymus praecox,Solana,110821-05,5,88,,
Mediterranean,Thymus praecox,Solana,110821-05,6,1286,,
Mediterranean,Thymus praecox,Solana,110821-05,7,175,,
Mediterranean,Thymus praecox,Solana,110821-05,8,137,,
Mediterranean,Thymus praecox,Solana,110821-05,9,1965,,
Mediterranean,Thymus praecox,Solana,110821-05,10,41,,
Temperate,Androsace villosa,Hoyo sin tierra,300821-03,1,46,,
Temperate,Androsace villosa,Hoyo sin tierra,300821-03,2,9,,
Temperate,Androsace villosa,Hoyo sin tierra,300821-03,3,34,,
Temperate,Androsace villosa,Hoyo sin tierra,300821-03,4,19,,
Temperate,Androsace villosa,Hoyo sin tierra,300821-03,5,16,,
Temperate,Androsace villosa,Hoyo sin tierra,300821-03,6,21,,
Temperate,Androsace villosa,Hoyo sin tierra,300821-03,7,7,,
Temperate,Androsace villosa,Hoyo sin tierra,300821-03,8,21,,
Temperate,Androsace villosa,Hoyo sin tierra,300821-03,9,33,,
Temperate,Androsace villosa,Hoyo sin tierra,300821-03,10,18,,
Temperate,Androsace villosa,Los cazadores,310821-11,1,8,,
Temperate,Androsace villosa,Los cazadores,310821-11,2,38,,
Temperate,Androsace villosa,Los cazadores,310821-11,3,12,,
Temperate,Androsace villosa,Los cazadores,310821-11,4,32,,
Temperate,Androsace villosa,Los cazadores,310821-11,5,15,,
Temperate,Androsace villosa,Los cazadores,310821-11,6,28,,
Temperate,Androsace villosa,Los cazadores,310821-11,7,14,,
Temperate,Androsace villosa,Los cazadores,310821-11,8,18,,
Temperate,Androsace villosa,Los cazadores,310821-11,9,16,,
Temperate,Androsace villosa,Los cazadores,310821-11,10,29,,
Temperate,Anthyllis vulneraria,Hoyo sin tierra,300821-04,1,9,pasadas?,
Temperate,Anthyllis vulneraria,Hoyo sin tierra,300821-04,2,11,pasadas?,
Temperate,Anthyllis vulneraria,Hoyo sin tierra,300821-04,3,15,pasadas?,
Temperate,Anthyllis vulneraria,Hoyo sin tierra,300821-04,4,7,pasadas?,
Temperate,Anthyllis vulneraria,Hoyo sin tierra,300821-04,5,6,pasadas?,
Temperate,Anthyllis vulneraria,Hoyo sin tierra,300821-04,6,3,pasadas?,
Temperate,Anthyllis vulneraria,Hoyo sin tierra,300821-04,7,13,pasadas?,
Temperate,Anthyllis vulneraria,Hoyo sin tierra,300821-04,8,1,pasadas?,
Temperate,Anthyllis vulneraria,Hoyo sin tierra,300821-04,9,1,pasadas?,
Temperate,Anthyllis vulneraria,Hoyo sin tierra,300821-04,10,7,pasadas?,
Temperate,Anthyllis vulneraria,Los cazadores,310821-12,1,28,pasadas?,
Temperate,Anthyllis vulneraria,Los cazadores,310821-12,2,9,pasadas?,
Temperate,Anthyllis vulneraria,Los cazadores,310821-12,3,17,pasadas?,
Temperate,Anthyllis vulneraria,Los cazadores,310821-12,4,17,pasadas?,
Temperate,Anthyllis vulneraria,Los cazadores,310821-12,5,11,pasadas?,
Temperate,Anthyllis vulneraria,Los cazadores,310821-12,6,14,pasadas?,
Temperate,Anthyllis vulneraria,Los cazadores,310821-12,7,22,pasadas?,
Temperate,Anthyllis vulneraria,Los cazadores,310821-12,8,9,pasadas?,
Temperate,Anthyllis vulneraria,Los cazadores,310821-12,9,25,pasadas?,
Temperate,Anthyllis vulneraria,Los cazadores,310821-12,10,4,pasadas?,
Temperate,Arenaria erinacea,Hoyo sin tierra,300821-08,1,75,,
Temperate,Arenaria erinacea,Hoyo sin tierra,300821-08,2,21,,
Temperate,Arenaria erinacea,Hoyo sin tierra,300821-08,3,54,,
Temperate,Arenaria erinacea,Hoyo sin tierra,300821-08,4,77,,
Temperate,Arenaria erinacea,Hoyo sin tierra,300821-08,5,29,,
Temperate,Arenaria erinacea,Hoyo sin tierra,300821-08,6,24,,
Temperate,Arenaria erinacea,Hoyo sin tierra,300821-08,7,119,,
Temperate,Arenaria erinacea,Hoyo sin tierra,300821-08,8,18,,
Temperate,Arenaria erinacea,Hoyo sin tierra,300821-08,9,50,,
Temperate,Arenaria erinacea,Hoyo sin tierra,300821-08,10,48,,
Temperate,Arenaria moehringioides,Boches,140921-02,1,4,,
Temperate,Arenaria moehringioides,Boches,140921-02,2,3,,
Temperate,Arenaria moehringioides,Boches,140921-02,3,6,,
Temperate,Arenaria moehringioides,Boches,140921-02,4,17,,
Temperate,Arenaria moehringioides,Boches,140921-02,5,0,,
Temperate,Arenaria moehringioides,Boches,140921-02,6,10,,
Temperate,Arenaria moehringioides,Boches,140921-02,7,7,,
Temperate,Arenaria moehringioides,Boches,140921-02,8,3,,
Temperate,Arenaria moehringioides,Boches,140921-02,9,4,,
Temperate,Arenaria moehringioides,Boches,140921-02,10,0,,
Temperate,Arenaria moehringioides,Boches,310823-01,1,6,,
Temperate,Arenaria moehringioides,Boches,310823-01,2,3,,
Temperate,Arenaria moehringioides,Boches,310823-01,3,15,,
Temperate,Arenaria moehringioides,Boches,310823-01,4,8,,
Temperate,Arenaria moehringioides,Boches,310823-01,5,13,,
Temperate,Arenaria moehringioides,Boches,310823-01,6,10,,
Temperate,Arenaria moehringioides,Boches,310823-01,7,3,,
Temperate,Arenaria moehringioides,Boches,310823-01,8,17,,
Temperate,Arenaria moehringioides,Boches,310823-01,9,12,,
Temperate,Arenaria moehringioides,Boches,310823-01,10,17,,
Temperate,Armeria cantabrica,Boches,230822-01,1,22,,
Temperate,Armeria cantabrica,Boches,230822-01,2,29,,
Temperate,Armeria cantabrica,Boches,230822-01,3,24,,
Temperate,Armeria cantabrica,Boches,230822-01,4,28,,
Temperate,Armeria cantabrica,Boches,230822-01,5,23,,
Temperate,Armeria cantabrica,Boches,230822-01,6,12,,
Temperate,Armeria cantabrica,Boches,230822-01,7,12,,
Temperate,Armeria cantabrica,Boches,230822-01,8,9,,
Temperate,Armeria cantabrica,Boches,230822-01,9,11,,
Temperate,Armeria cantabrica,Boches,230822-01,10,35,,
Temperate,Armeria cantabrica,Hoyo sin tierra,210823-03,1,7,,
Temperate,Armeria cantabrica,Hoyo sin tierra,210823-03,2,10,,
Temperate,Armeria cantabrica,Hoyo sin tierra,210823-03,3,5,,
Temperate,Armeria cantabrica,Hoyo sin tierra,210823-03,4,9,,
Temperate,Armeria cantabrica,Hoyo sin tierra,210823-03,5,11,,
Temperate,Armeria cantabrica,Hoyo sin tierra,210823-03,6,13,,
Temperate,Armeria cantabrica,Hoyo sin tierra,210823-03,7,50,,
Temperate,Armeria cantabrica,Hoyo sin tierra,210823-03,8,30,,
Temperate,Armeria cantabrica,Hoyo sin tierra,210823-03,9,44,,
Temperate,Armeria cantabrica,Hoyo sin tierra,210823-03,10,34,,
Temperate,Carex sempervirens,Hou sin tierri,130921-02,1,6,,
Temperate,Carex sempervirens,Hou sin tierri,130921-02,2,10,,
Temperate,Carex sempervirens,Hou sin tierri,130921-02,3,26,,
Temperate,Carex sempervirens,Hou sin tierri,130921-02,4,47,,
Temperate,Carex sempervirens,Hou sin tierri,130921-02,5,14,,
Temperate,Carex sempervirens,Hou sin tierri,130921-02,6,84,,
Temperate,Carex sempervirens,Hou sin tierri,130921-02,7,74,,
Temperate,Carex sempervirens,Hou sin tierri,130921-02,8,4,,
Temperate,Carex sempervirens,Hou sin tierri,130921-02,9,6,,
Temperate,Carex sempervirens,Hou sin tierri,130921-02,10,10,,
Temperate,Carex sempervirens,Los cazadores,310821-13,1,34,,
Temperate,Carex sempervirens,Los cazadores,310821-13,2,8,,
Temperate,Carex sempervirens,Los cazadores,310821-13,3,17,,
Temperate,Carex sempervirens,Los cazadores,310821-13,4,15,,
Temperate,Carex sempervirens,Los cazadores,310821-13,5,23,,
Temperate,Carex sempervirens,Los cazadores,310821-13,6,17,,
Temperate,Carex sempervirens,Los cazadores,310821-13,7,9,,
Temperate,Carex sempervirens,Los cazadores,310821-13,8,22,,
Temperate,Carex sempervirens,Los cazadores,310821-13,9,9,,
Temperate,Carex sempervirens,Los cazadores,310821-13,10,10,,
Temperate,Dethawia splendens,Los cazadores,310821-07,1,1,,
Temperate,Dethawia splendens,Los cazadores,310821-07,2,9,,
Temperate,Dethawia splendens,Los cazadores,310821-07,3,9,,
Temperate,Dethawia splendens,Los cazadores,310821-07,4,11,,
Temperate,Dethawia splendens,Los cazadores,310821-07,5,22,,
Temperate,Dethawia splendens,Los cazadores,310821-07,6,21,,
Temperate,Dethawia splendens,Los cazadores,310821-07,7,5,,
Temperate,Dethawia splendens,Los cazadores,310821-07,8,3,,
Temperate,Dethawia splendens,Los cazadores,310821-07,9,5,,
Temperate,Dethawia splendens,Los cazadores,310821-07,10,10,,
Temperate,Dethawia splendens,Los cazadores,300822-04,1,3,,
Temperate,Dethawia splendens,Los cazadores,300822-04,2,1,,
Temperate,Dethawia splendens,Los cazadores,300822-04,3,2,,
Temperate,Dethawia splendens,Los cazadores,300822-04,4,13,,
Temperate,Dethawia splendens,Los cazadores,300822-04,5,0,,
Temperate,Dethawia splendens,Los cazadores,300822-04,6,6,,
Temperate,Dethawia splendens,Los cazadores,300822-04,7,4,,
Temperate,Dethawia splendens,Los cazadores,300822-04,8,10,,
Temperate,Dethawia splendens,Los cazadores,300822-04,9,4,,
Temperate,Dethawia splendens,Los cazadores,300822-04,10,11,,
Temperate,Dethawia splendens,Los cazadores,300822-04,11,1,,
Temperate,Erigeron alpinus,Hou sin tierri,310823-10,1,21,,
Temperate,Erigeron alpinus,Hou sin tierri,310823-10,2,17,,
Temperate,Erigeron alpinus,Hoyo sin tierra,210823-05,1,87,,
Temperate,Erigeron alpinus,Hoyo sin tierra,210823-05,2,81,,
Temperate,Erigeron alpinus,Hoyo sin tierra,210823-05,3,72,,
Temperate,Erigeron alpinus,Hoyo sin tierra,210823-05,4,48,,
Temperate,Erigeron alpinus,Hoyo sin tierra,210823-05,5,57,,
Temperate,Euphrasia salisburgensis,Hou sin tierri,011021-01,1,19,,
Temperate,Euphrasia salisburgensis,Hou sin tierri,011021-01,2,14,,
Temperate,Euphrasia salisburgensis,Hou sin tierri,011021-01,3,11,,
Temperate,Euphrasia salisburgensis,Hou sin tierri,011021-01,4,10,,
Temperate,Euphrasia salisburgensis,Hou sin tierri,011021-01,5,2,,
Temperate,Euphrasia salisburgensis,Hou sin tierri,011021-01,6,13,,
Temperate,Euphrasia salisburgensis,Hou sin tierri,011021-01,7,11,,
Temperate,Euphrasia salisburgensis,Hou sin tierri,011021-01,8,9,,
Temperate,Euphrasia salisburgensis,Hou sin tierri,011021-01,9,3,,
Temperate,Euphrasia salisburgensis,Hou sin tierri,011021-01,10,19,,
Temperate,Euphrasia salisburgensis,Los cazadores,300921-01,1,5,,
Temperate,Euphrasia salisburgensis,Los cazadores,300921-01,2,2,,
Temperate,Euphrasia salisburgensis,Los cazadores,300921-01,3,56,,
Temperate,Euphrasia salisburgensis,Los cazadores,300921-01,4,12,,
Temperate,Euphrasia salisburgensis,Los cazadores,300921-01,5,0,,
Temperate,Euphrasia salisburgensis,Los cazadores,300921-01,6,10,,
Temperate,Euphrasia salisburgensis,Los cazadores,300921-01,7,0,,
Temperate,Euphrasia salisburgensis,Los cazadores,300921-01,8,1,,
Temperate,Euphrasia salisburgensis,Los cazadores,300921-01,9,2,,
Temperate,Euphrasia salisburgensis,Los cazadores,300921-01,10,0,,
Temperate,Festuca glacialis,Hou sin tierri,190822-03,1,7,,
Temperate,Festuca glacialis,Hou sin tierri,190822-03,2,3,,
Temperate,Festuca glacialis,Hou sin tierri,190822-03,3,13,,
Temperate,Festuca glacialis,Hou sin tierri,190822-03,4,6,,
Temperate,Festuca glacialis,Hou sin tierri,190822-03,5,0,,
Temperate,Festuca glacialis,Hou sin tierri,190822-03,6,10,,
Temperate,Festuca glacialis,Hou sin tierri,190822-03,7,7,,
Temperate,Festuca glacialis,Hou sin tierri,190822-03,8,7,,
Temperate,Festuca glacialis,Hou sin tierri,190822-03,9,0,,
Temperate,Festuca glacialis,Hou sin tierri,190822-03,10,0,,
Temperate,Festuca glacialis,Boches,230822-04,1,12,,
Temperate,Festuca glacialis,Boches,230822-04,2,27,,
Temperate,Festuca glacialis,Boches,230822-04,3,16,,
Temperate,Festuca glacialis,Boches,230822-04,4,19,,
Temperate,Festuca glacialis,Boches,230822-04,5,15,,
Temperate,Festuca glacialis,Boches,230822-04,6,16,,
Temperate,Festuca glacialis,Boches,230822-04,7,14,,
Temperate,Festuca glacialis,Boches,230822-04,8,14,,
Temperate,Festuca glacialis,Boches,230822-04,9,12,,
Temperate,Festuca glacialis,Boches,230822-04,10,12,,
Temperate,Festuca hystrix,Hou sin tierri,130921-16,1,1,,
Temperate,Festuca hystrix,Hou sin tierri,130921-16,2,5,,
Temperate,Festuca hystrix,Hou sin tierri,130921-16,3,2,,
Temperate,Festuca hystrix,Hou sin tierri,130921-16,4,0,,
Temperate,Festuca hystrix,Hou sin tierri,130921-16,5,0,,
Temperate,Festuca hystrix,Hou sin tierri,130921-16,6,4,,
Temperate,Festuca hystrix,Hou sin tierri,130921-16,7,0,,
Temperate,Festuca hystrix,Hou sin tierri,130921-16,8,0,,
Temperate,Festuca hystrix,Hou sin tierri,130921-16,9,5,,
Temperate,Festuca hystrix,Hou sin tierri,130921-16,10,0,,
Temperate,Festuca hystrix,Hoyo sin tierra,300821-01,1,1,,
Temperate,Festuca hystrix,Hoyo sin tierra,300821-01,2,1,,
Temperate,Festuca hystrix,Hoyo sin tierra,300821-01,3,1,,
Temperate,Festuca hystrix,Hoyo sin tierra,300821-01,4,1,,
Temperate,Festuca hystrix,Hoyo sin tierra,300821-01,5,0,,
Temperate,Festuca hystrix,Hoyo sin tierra,300821-01,6,0,,
Temperate,Festuca hystrix,Hoyo sin tierra,300821-01,7,0,,
Temperate,Festuca hystrix,Hoyo sin tierra,300821-01,8,1,,
Temperate,Festuca hystrix,Hoyo sin tierra,300821-01,9,0,,
Temperate,Festuca hystrix,Hoyo sin tierra,300821-01,10,0,,
Temperate,Festuca rubra,Los cazadores,310821-02,1,0,black,
Temperate,Festuca rubra,Los cazadores,310821-02,2,57,black,
Temperate,Festuca rubra,Los cazadores,310821-02,3,111,black,
Temperate,Festuca rubra,Los cazadores,310821-02,4,1,black,
Temperate,Festuca rubra,Los cazadores,310821-02,5,30,brown,
Temperate,Festuca rubra,Los cazadores,310821-02,6,39,brown,
Temperate,Festuca rubra,Los cazadores,310821-02,7,178,brown,
Temperate,Festuca rubra,Los cazadores,310821-02,8,104,brown,
Temperate,Festuca rubra,Los cazadores,310821-02,9,62,brown,
Temperate,Festuca rubra,Los cazadores,310821-02,10,50,brown,
Temperate,Gentiana verna,Hou sin tierri,130921-06,1,24,,
Temperate,Gentiana verna,Hou sin tierri,130921-06,2,158,,
Temperate,Gentiana verna,Hou sin tierri,130921-06,3,13,,
Temperate,Gentiana verna,Hou sin tierri,130921-06,4,119,,
Temperate,Gentiana verna,Hou sin tierri,130921-06,5,334,,
Temperate,Gentiana verna,Hou sin tierri,130921-06,6,37,,
Temperate,Gentiana verna,Hou sin tierri,130921-06,7,6,,
Temperate,Gentiana verna,Hou sin tierri,130921-06,8,96,,
Temperate,Gentiana verna,Hou sin tierri,130921-06,9,21,,
Temperate,Gentiana verna,Hou sin tierri,130921-06,10,0,,
Temperate,Gentiana verna,Los boches,140921-06,1,1,,
Temperate,Gentiana verna,Los boches,140921-06,2,46,,
Temperate,Gentiana verna,Los boches,140921-06,3,25,,
Temperate,Gentiana verna,Los boches,140921-06,4,37,,
Temperate,Gentiana verna,Los boches,140921-06,5,48,,
Temperate,Gentiana verna,Los boches,140921-06,6,31,,
Temperate,Gentiana verna,Los boches,140921-06,7,20,,
Temperate,Gentiana verna,Los boches,140921-06,8,5,,
Temperate,Gentiana verna,Los boches,140921-06,9,24,,
Temperate,Gentiana verna,Los boches,140921-06,10,12,,
Temperate,Gentianella campestris,Los cazadores,300921-03,1,175,,
Temperate,Gentianella campestris,Los cazadores,300921-03,2,110,,
Temperate,Gentianella campestris,Los cazadores,300921-03,3,661,,
Temperate,Gentianella campestris,Los cazadores,300921-03,4,141,,
Temperate,Gentianella campestris,Los cazadores,300921-03,5,593,,
Temperate,Gypsophila repens,Hoyo sin tierra,300821-10,1,32,,
Temperate,Gypsophila repens,Hoyo sin tierra,300821-10,2,0,,
Temperate,Gypsophila repens,Hoyo sin tierra,300821-10,3,2,,
Temperate,Gypsophila repens,Hoyo sin tierra,300821-10,4,11,,
Temperate,Gypsophila repens,Hoyo sin tierra,300821-10,5,1,,
Temperate,Gypsophila repens,Hoyo sin tierra,300821-10,6,12,,
Temperate,Gypsophila repens,Hoyo sin tierra,300821-10,7,20,,
Temperate,Gypsophila repens,Hoyo sin tierra,300821-10,8,11,,
Temperate,Gypsophila repens,Hoyo sin tierra,300821-10,9,7,,
Temperate,Gypsophila repens,Hoyo sin tierra,300821-10,10,9,,
Temperate,Gypsophila repens,Los cazadores,310821-08,1,176,,
Temperate,Gypsophila repens,Los cazadores,310821-08,2,15,,
Temperate,Gypsophila repens,Los cazadores,310821-08,3,89,,
Temperate,Gypsophila repens,Los cazadores,310821-08,4,19,,
Temperate,Gypsophila repens,Los cazadores,310821-08,5,80,,
Temperate,Gypsophila repens,Los cazadores,310821-08,6,103,,
Temperate,Gypsophila repens,Los cazadores,310821-08,7,46,,
Temperate,Gypsophila repens,Los cazadores,310821-08,8,137,,
Temperate,Gypsophila repens,Los cazadores,310821-08,9,11,,
Temperate,Gypsophila repens,Hou sin tierri,190822-10,10,63,,
Temperate,Helianthemum canum,Hoyo sin tierra,300821-05,1,68,,
Temperate,Helianthemum canum,Hoyo sin tierra,300821-05,2,98,,
Temperate,Helianthemum canum,Hoyo sin tierra,300821-05,3,33,,
Temperate,Helianthemum canum,Hoyo sin tierra,300821-05,4,34,,
Temperate,Helianthemum canum,Hoyo sin tierra,300821-05,5,63,,
Temperate,Helianthemum canum,Hoyo sin tierra,300821-05,6,26,,
Temperate,Helianthemum canum,Hoyo sin tierra,300821-05,7,47,,
Temperate,Helianthemum canum,Hoyo sin tierra,300821-05,8,47,,
Temperate,Helianthemum canum,Hoyo sin tierra,300821-05,9,104,,
Temperate,Helianthemum canum,Hoyo sin tierra,300821-05,10,82,,
Temperate,Helianthemum canum,Los cazadores,310821-05,1,97,,
Temperate,Helianthemum canum,Los cazadores,310821-05,2,48,,
Temperate,Helianthemum canum,Los cazadores,310821-05,3,75,,
Temperate,Helianthemum canum,Los cazadores,310821-05,4,19,,
Temperate,Helianthemum canum,Los cazadores,310821-05,5,31,,
Temperate,Helianthemum canum,Los cazadores,310821-05,6,31,,
Temperate,Helianthemum canum,Los cazadores,310821-05,7,31,,
Temperate,Helianthemum canum,Los cazadores,310821-05,8,88,,
Temperate,Helianthemum canum,Los cazadores,310821-05,9,37,,
Temperate,Helianthemum canum,Los cazadores,310821-05,10,45,,
Temperate,Helianthemum urrielense,Hou sin tierri,130921-05,1,132,,
Temperate,Helianthemum urrielense,Hou sin tierri,130921-05,2,60,,
Temperate,Helianthemum urrielense,Hou sin tierri,130921-05,3,13,,
Temperate,Helianthemum urrielense,Hou sin tierri,130921-05,4,55,,
Temperate,Helianthemum urrielense,Hou sin tierri,130921-05,5,67,,
Temperate,Helianthemum urrielense,Hou sin tierri,130921-05,6,30,,
Temperate,Helianthemum urrielense,Hou sin tierri,130921-05,7,160,,
Temperate,Helianthemum urrielense,Hou sin tierri,130921-05,8,61,,
Temperate,Helianthemum urrielense,Hou sin tierri,130921-05,9,29,,
Temperate,Helianthemum urrielense,Hou sin tierri,130921-05,10,105,,
Temperate,Helianthemum urrielense,Los boches,140921-04,1,72,,
Temperate,Helianthemum urrielense,Los boches,140921-04,2,139,,
Temperate,Helianthemum urrielense,Los boches,140921-04,3,64,,
Temperate,Helianthemum urrielense,Los boches,140921-04,4,153,,
Temperate,Helianthemum urrielense,Los boches,140921-04,5,48,,
Temperate,Helianthemum urrielense,Los boches,140921-04,6,169,,
Temperate,Helianthemum urrielense,Los boches,140921-04,7,212,,
Temperate,Helianthemum urrielense,Los boches,140921-04,8,102,,
Temperate,Helianthemum urrielense,Los boches,140921-04,9,76,,
Temperate,Helianthemum urrielense,Los boches,140921-04,10,76,,
Temperate,Helictotrichon sedenense,Hou sin tierri,130921-01,1,1,,
Temperate,Helictotrichon sedenense,Hou sin tierri,130921-01,2,0,,
Temperate,Helictotrichon sedenense,Hou sin tierri,130921-01,3,4,,
Temperate,Helictotrichon sedenense,Hou sin tierri,130921-01,4,0,,
Temperate,Helictotrichon sedenense,Hou sin tierri,130921-01,5,2,,
Temperate,Helictotrichon sedenense,Hou sin tierri,130921-01,6,0,,
Temperate,Helictotrichon sedenense,Hou sin tierri,130921-01,7,0,,
Temperate,Helictotrichon sedenense,Hou sin tierri,130921-01,8,2,,
Temperate,Helictotrichon sedenense,Hou sin tierri,130921-01,9,1,,
Temperate,Helictotrichon sedenense,Hou sin tierri,130921-01,10,0,,
Temperate,Helictotrichon sedenense,Hoyo sin tierra,300821-09,1,0,,
Temperate,Helictotrichon sedenense,Hoyo sin tierra,300821-09,2,3,,
Temperate,Helictotrichon sedenense,Hoyo sin tierra,300821-09,3,0,,
Temperate,Helictotrichon sedenense,Hoyo sin tierra,300821-09,4,0,,
Temperate,Helictotrichon sedenense,Hoyo sin tierra,300821-09,5,2,,
Temperate,Helictotrichon sedenense,Hoyo sin tierra,300821-09,6,0,,
Temperate,Helictotrichon sedenense,Hoyo sin tierra,300821-09,7,0,,
Temperate,Helictotrichon sedenense,Hoyo sin tierra,300821-09,8,1,,
Temperate,Helictotrichon sedenense,Hoyo sin tierra,300821-09,9,0,,
Temperate,Helictotrichon sedenense,Hoyo sin tierra,190822-12,1,2,,
Temperate,Iberis carnosa,Hoyo sin tierra,210823-13,1,49,,
Temperate,Iberis carnosa,Hoyo sin tierra,210823-13,2,9,,
Temperate,Iberis carnosa,Hoyo sin tierra,210823-13,3,15,,
Temperate,Iberis carnosa,Hoyo sin tierra,210823-13,4,15,,
Temperate,Iberis carnosa,Hoyo sin tierra,210823-13,5,3,,
Temperate,Iberis carnosa,Hoyo sin tierra,210823-13,6,17,,
Temperate,Iberis carnosa,Hoyo sin tierra,210823-13,7,22,,
Temperate,Iberis carnosa,Hoyo sin tierra,210823-13,8,74,,
Temperate,Iberis carnosa,Hoyo sin tierra,210823-13,9,24,,
Temperate,Iberis carnosa,Hoyo sin tierra,210823-13,10,12,,
Temperate,Iberis carnosa,Hoyo sin tierra,210823-13,11,5,,
Temperate,Iberis carnosa,Hoyo sin tierra,210823-13,12,19,,
Temperate,Iberis carnosa,Hoyo sin tierra,210823-13,13,18,,
Temperate,Iberis carnosa,Hoyo sin tierra,210823-13,14,32,,
Temperate,Iberis carnosa,Hoyo sin tierra,210823-13,15,81,,
Temperate,Iberis carnosa,Hoyo sin tierra,210823-13,16,134,,
Temperate,Iberis carnosa,Hoyo sin tierra,210823-13,17,28,,
Temperate,Iberis carnosa,Hoyo sin tierra,210823-13,18,36,,
Temperate,Iberis carnosa,Hoyo sin tierra,210823-13,19,243,,
Temperate,Iberis carnosa,Hoyo sin tierra,210823-13,20,53,,
Temperate,Iberis carnosa,Hoyo sin tierra,210823-13,21,9,,
Temperate,Iberis carnosa,Hoyo sin tierra,210823-13,22,176,,
Temperate,Iberis carnosa,Hoyo sin tierra,210823-13,23,1,,
Temperate,Iberis carnosa,Hoyo sin tierra,210823-13,24,39,,
Temperate,Jacobea boissieri,Hou sin tierri,190822-04,1,8,,
Temperate,Jacobea boissieri,Hou sin tierri,310823-11,1,11,,
Temperate,Jasione cavanillesii,Boches,140921-05,1,7,,
Temperate,Jasione cavanillesii,Boches,140921-05,2,10,,
Temperate,Jasione cavanillesii,Boches,140921-05,3,2,,
Temperate,Jasione cavanillesii,Boches,140921-05,4,6,,
Temperate,Jasione cavanillesii,Boches,140921-05,5,10,,
Temperate,Jasione cavanillesii,Boches,140921-05,6,2,,
Temperate,Jasione cavanillesii,Boches,140921-05,7,5,,
Temperate,Jasione cavanillesii,Boches,140921-05,8,0,,
Temperate,Jasione cavanillesii,Boches,140921-05,9,1,,
Temperate,Jasione cavanillesii,Boches,140921-05,10,0,,
Temperate,Jasione cavanillesii,Hou sin tierri,130921-14,1,1,,
Temperate,Jasione cavanillesii,Hou sin tierri,130921-14,2,1,,
Temperate,Jasione cavanillesii,Hou sin tierri,130921-14,3,9,,
Temperate,Jasione cavanillesii,Hou sin tierri,130921-14,4,0,,
Temperate,Jasione cavanillesii,Hou sin tierri,130921-14,5,3,,
Temperate,Jasione cavanillesii,Hou sin tierri,130921-14,6,10,,
Temperate,Jasione cavanillesii,Hou sin tierri,130921-14,7,1,,
Temperate,Jasione cavanillesii,Hou sin tierri,130921-14,8,0,,
Temperate,Jasione cavanillesii,Hou sin tierri,130921-14,9,1,,
Temperate,Jasione cavanillesii,Hou sin tierri,130921-14,10,9,,
Temperate,Jasione cavanillesii,Boches,230822-02,1,0,,
Temperate,Jasione cavanillesii,Boches,230822-02,2,12,,
Temperate,Jasione cavanillesii,Boches,230822-02,3,1,,
Temperate,Jasione cavanillesii,Boches,230822-02,4,22,,
Temperate,Jasione cavanillesii,Boches,230822-02,5,2,,
Temperate,Jasione cavanillesii,Boches,230822-02,6,0,,
Temperate,Jasione cavanillesii,Boches,230822-02,7,3,,
Temperate,Jasione cavanillesii,Boches,230822-02,8,1,,
Temperate,Jasione cavanillesii,Boches,230822-02,9,1,,
Temperate,Jasione cavanillesii,Boches,230822-02,10,1,,
Temperate,Jurinea humilis,Hoyo sin tierra,210823-09,1,6,pasadas?,contadas semillas viables
Temperate,Jurinea humilis,Hoyo sin tierra,210823-09,2,1,pasadas?,contadas semillas viables
Temperate,Jurinea humilis,Hoyo sin tierra,210823-09,3,3,pasadas?,contadas semillas viables
Temperate,Jurinea humilis,Hoyo sin tierra,210823-09,4,0,pasadas?,contadas semillas viables
Temperate,Jurinea humilis,Hoyo sin tierra,210823-09,5,15,pasadas?,contadas semillas viables
Temperate,Jurinea humilis,Hoyo sin tierra,210823-09,6,15,pasadas?,contadas semillas viables
Temperate,Jurinea humilis,Hoyo sin tierra,210823-09,7,30,pasadas?,contadas semillas viables
Temperate,Jurinea humilis,Hoyo sin tierra,210823-09,8,11,pasadas?,contadas semillas viables
Temperate,Jurinea humilis,Hoyo sin tierra,210823-09,9,0,pasadas?,contadas semillas viables
Temperate,Jurinea humilis,Hoyo sin tierra,210823-09,10,10,pasadas?,contadas semillas viables
Temperate,Jurinea humilis,Hoyo sin tierra,210823-09,11,11,pasadas?,contadas semillas viables
Temperate,Jurinea humilis,Hoyo sin tierra,210823-09,12,0,pasadas?,contadas semillas viables
Temperate,Jurinea humilis,Hoyo sin tierra,210823-09,13,5,pasadas?,contadas semillas viables
Temperate,Jurinea humilis,Hoyo sin tierra,210823-09,14,23,pasadas?,contadas semillas viables
Temperate,Jurinea humilis,Hoyo sin tierra,210823-09,15,2,pasadas?,contadas semillas viables
Temperate,Jurinea humilis,Cazadores,0101923-06,1,2,pasadas?,contadas semillas viables
Temperate,Jurinea humilis,Cazadores,0101923-06,2,7,pasadas?,contadas semillas viables
Temperate,Jurinea humilis,Cazadores,0101923-06,3,3,pasadas?,contadas semillas viables
Temperate,Jurinea humilis,Cazadores,0101923-06,4,3,pasadas?,contadas semillas viables
Temperate,Kobresia myosuroides,Hou sin tierri,130921-03,1,57,,
Temperate,Kobresia myosuroides,Hou sin tierri,130921-03,2,21,,
Temperate,Kobresia myosuroides,Hou sin tierri,130921-03,3,29,,
Temperate,Kobresia myosuroides,Hou sin tierri,130921-03,4,30,,
Temperate,Kobresia myosuroides,Hou sin tierri,130921-03,5,42,,
Temperate,Kobresia myosuroides,Hou sin tierri,130921-03,6,19,,
Temperate,Kobresia myosuroides,Hou sin tierri,130921-03,7,39,,
Temperate,Kobresia myosuroides,Hou sin tierri,130921-03,8,14,,
Temperate,Kobresia myosuroides,Hou sin tierri,130921-03,9,22,,
Temperate,Kobresia myosuroides,Hou sin tierri,130921-03,10,43,,
Temperate,Kobresia myosuroides,Hou sin tierri,310823-13,1,57,,
Temperate,Kobresia myosuroides,Hou sin tierri,310823-13,2,26,,
Temperate,Kobresia myosuroides,Hou sin tierri,310823-13,3,30,,
Temperate,Kobresia myosuroides,Hou sin tierri,310823-13,4,23,,
Temperate,Kobresia myosuroides,Hou sin tierri,310823-13,5,34,,
Temperate,Kobresia myosuroides,Hou sin tierri,310823-13,6,10,,
Temperate,Kobresia myosuroides,Hou sin tierri,310823-13,7,36,,
Temperate,Kobresia myosuroides,Hou sin tierri,310823-13,8,78,,
Temperate,Kobresia myosuroides,Hou sin tierri,310823-13,9,47,,
Temperate,Kobresia myosuroides,Hou sin tierri,310823-13,10,26,,
Temperate,Koeleria vallesiana,Hoyo sin tierra,300821-02,1,13,,
Temperate,Koeleria vallesiana,Hoyo sin tierra,300821-02,2,18,,
Temperate,Koeleria vallesiana,Hoyo sin tierra,300821-02,3,17,,
Temperate,Koeleria vallesiana,Hoyo sin tierra,300821-02,4,56,,
Temperate,Koeleria vallesiana,Hoyo sin tierra,300821-02,5,16,,
Temperate,Koeleria vallesiana,Hoyo sin tierra,300821-02,6,37,,
Temperate,Koeleria vallesiana,Hoyo sin tierra,300821-02,7,5,,
Temperate,Koeleria vallesiana,Hoyo sin tierra,300821-02,8,2,,
Temperate,Koeleria vallesiana,Hoyo sin tierra,300821-02,9,52,,
Temperate,Koeleria vallesiana,Hoyo sin tierra,300821-02,10,35,,
Temperate,Koeleria vallesiana,Los cazadores,310821-09,1,7,,
Temperate,Koeleria vallesiana,Los cazadores,310821-09,2,32,,
Temperate,Koeleria vallesiana,Los cazadores,310821-09,3,11,,
Temperate,Koeleria vallesiana,Los cazadores,310821-09,4,11,,
Temperate,Koeleria vallesiana,Los cazadores,310821-09,5,16,,
Temperate,Koeleria vallesiana,Los cazadores,310821-09,6,19,,
Temperate,Koeleria vallesiana,Los cazadores,310821-09,7,95,,
Temperate,Koeleria vallesiana,Los cazadores,310821-09,8,32,,
Temperate,Koeleria vallesiana,Los cazadores,310821-09,9,22,,
Temperate,Koeleria vallesiana,Los cazadores,310821-09,10,39,,
Temperate,Linaria alpina,Hou sin tierri,190822-01,1,31,,
Temperate,Linaria alpina,Hou sin tierri,190822-01,2,8,,
Temperate,Linaria alpina,Hou sin tierri,190822-01,3,52,,
Temperate,Linaria alpina,Hou sin tierri,190822-01,4,60,,
Temperate,Linaria alpina,Hou sin tierri,190822-01,5,16,,
Temperate,Linaria alpina,Hou sin tierri,190822-01,6,58,,
Temperate,Linaria alpina,Hou sin tierri,190822-01,7,95,,
Temperate,Minuartia CF,Los cazadores,310821-10,1,132,,
Temperate,Minuartia CF,Los cazadores,310821-10,2,45,,
Temperate,Minuartia CF,Los cazadores,310821-10,3,89,,
Temperate,Minuartia CF,Los cazadores,310821-10,4,58,,
Temperate,Minuartia CF,Los cazadores,310821-10,5,84,,
Temperate,Minuartia CF,Los cazadores,310821-10,6,16,,
Temperate,Minuartia CF,Los cazadores,310821-10,7,80,,
Temperate,Minuartia CF,Los cazadores,310821-10,8,118,,
Temperate,Minuartia CF,Los cazadores,310821-10,9,115,,
Temperate,Minuartia CF,Los cazadores,310821-10,10,55,,
Temperate,Minuartia verna,Hoyo sin tierra,300821-06,1,6,,
Temperate,Minuartia verna,Hoyo sin tierra,300821-06,2,7,,
Temperate,Minuartia verna,Hoyo sin tierra,300821-06,3,16,,
Temperate,Minuartia verna,Hoyo sin tierra,300821-06,4,17,,
Temperate,Minuartia verna,Hoyo sin tierra,300821-06,5,46,,
Temperate,Minuartia verna,Hoyo sin tierra,300821-06,6,17,,
Temperate,Minuartia verna,Hoyo sin tierra,300821-06,7,11,,
Temperate,Minuartia verna,Hoyo sin tierra,300821-06,8,15,,
Temperate,Minuartia verna,Hoyo sin tierra,300821-06,9,16,,
Temperate,Minuartia verna,Hoyo sin tierra,300821-06,10,4,,
Temperate,Minuartia verna,Hoyo sin tierra,210823-01,1,84,,
Temperate,Minuartia verna,Hoyo sin tierra,210823-01,2,8,,
Temperate,Minuartia verna,Hoyo sin tierra,210823-01,3,2,,
Temperate,Minuartia verna,Hoyo sin tierra,210823-01,4,8,,
Temperate,Minuartia verna,Hoyo sin tierra,210823-01,5,5,,
Temperate,Minuartia verna,Hoyo sin tierra,210823-01,6,8,,
Temperate,Minuartia verna,Hoyo sin tierra,210823-01,7,24,,
Temperate,Minuartia verna,Hoyo sin tierra,210823-01,8,28,,
Temperate,Minuartia verna,Hoyo sin tierra,210823-01,9,76,,
Temperate,Minuartia verna,Hoyo sin tierra,210823-01,10,10,,
Temperate,Pedicularis pyrenaica,Los cazadores,310821-04,1,0,,
Temperate,Pedicularis pyrenaica,Los cazadores,310821-04,2,53,,
Temperate,Pedicularis pyrenaica,Los cazadores,310821-04,3,0,,
Temperate,Pedicularis pyrenaica,Los cazadores,310821-04,4,0,,
Temperate,Pedicularis pyrenaica,Los cazadores,310821-04,5,4,,
Temperate,Pedicularis pyrenaica,Los cazadores,310821-04,6,1,,
Temperate,Pedicularis pyrenaica,Los cazadores,310821-04,7,16,,
Temperate,Pedicularis pyrenaica,Los cazadores,310821-04,8,20,,
Temperate,Pedicularis pyrenaica,Los cazadores,310821-04,9,33,,
Temperate,Pedicularis pyrenaica,Los cazadores,310821-04,10,91,,
Temperate,Pedicularis pyrenaica,Los cazadores,300822-02,1,20,,
Temperate,Pedicularis pyrenaica,Los cazadores,300822-02,2,21,,
Temperate,Pedicularis pyrenaica,Los cazadores,300822-02,3,0,,
Temperate,Pedicularis pyrenaica,Los cazadores,300822-02,4,11,,
Temperate,Pedicularis pyrenaica,Los cazadores,300822-02,5,0,,
Temperate,Pedicularis pyrenaica,Los cazadores,300822-02,6,21,,
Temperate,Pedicularis pyrenaica,Los cazadores,300822-02,7,21,,
Temperate,Pedicularis pyrenaica,Los cazadores,300822-02,8,0,,
Temperate,Pedicularis pyrenaica,Los cazadores,300822-02,9,2,,
Temperate,Pedicularis pyrenaica,Los cazadores,300822-02,10,1,,
Temperate,Pedicularis pyrenaica,Hou sin tierri,130921-04,1,5,,
Temperate,Pedicularis pyrenaica,Hou sin tierri,130921-04,2,44,,
Temperate,Pedicularis pyrenaica,Hou sin tierri,130921-04,3,3,,
Temperate,Pedicularis pyrenaica,Hou sin tierri,130921-04,4,51,,
Temperate,Pedicularis pyrenaica,Hou sin tierri,130921-04,5,11,,
Temperate,Pedicularis pyrenaica,Hou sin tierri,130921-04,6,20,,
Temperate,Pedicularis pyrenaica,Hou sin tierri,130921-04,7,7,,
Temperate,Pedicularis pyrenaica,Hou sin tierri,130921-04,8,2,,
Temperate,Pedicularis pyrenaica,Hou sin tierri,130921-04,9,20,,
Temperate,Pedicularis pyrenaica,Hou sin tierri,130921-04,10,0,,
Temperate,Phyteuma orbiculare,Los cazadores,300921-02,1,11,,
Temperate,Phyteuma orbiculare,Los cazadores,300921-02,2,1,,
Temperate,Phyteuma orbiculare,Los cazadores,300921-02,3,33,,
Temperate,Phyteuma orbiculare,Los cazadores,300921-02,4,48,,
Temperate,Phyteuma orbiculare,Los cazadores,300921-02,5,7,,
Temperate,Phyteuma orbiculare,Los cazadores,300921-02,6,12,,
Temperate,Phyteuma orbiculare,Hoyo sin tierra,210823-07,1,40,,
Temperate,Phyteuma orbiculare,Hoyo sin tierra,210823-07,2,22,,
Temperate,Phyteuma orbiculare,Los cazadores,010923-02,1,36,,
Temperate,Phyteuma orbiculare,Los cazadores,010923-02,2,28,,
Temperate,Plantago alpina,Hoyo sin tierra,300821-15,1,20,,
Temperate,Plantago alpina,Hoyo sin tierra,300821-15,2,42,,
Temperate,Plantago alpina,Hoyo sin tierra,300821-15,3,127,,
Temperate,Plantago alpina,Hoyo sin tierra,300821-15,4,16,,
Temperate,Plantago alpina,Hoyo sin tierra,300821-15,5,70,,
Temperate,Plantago alpina,Hoyo sin tierra,300821-15,6,18,,
Temperate,Plantago alpina,Hoyo sin tierra,300821-15,7,46,,
Temperate,Plantago alpina,Hoyo sin tierra,300821-15,8,53,,
Temperate,Plantago alpina,Hoyo sin tierra,300821-15,9,9,,
Temperate,Plantago alpina,Hoyo sin tierra,300821-15,10,6,,
Temperate,Plantago alpina,Hoyo sin tierra,210823-06,1,41,,
Temperate,Plantago alpina,Hoyo sin tierra,210823-06,2,103,,
Temperate,Plantago alpina,Hoyo sin tierra,210823-06,3,21,,
Temperate,Plantago alpina,Hoyo sin tierra,210823-06,4,30,,
Temperate,Plantago alpina,Hoyo sin tierra,210823-06,5,12,,
Temperate,Plantago alpina,Hoyo sin tierra,210823-06,6,10,,
Temperate,Plantago alpina,Hoyo sin tierra,210823-06,7,10,,
Temperate,Plantago alpina,Hoyo sin tierra,210823-06,8,9,,
Temperate,Plantago alpina,Hoyo sin tierra,210823-06,9,15,,
Temperate,Plantago alpina,Hoyo sin tierra,210823-06,10,5,,
Temperate,Plantago alpina,Hoyo sin tierra,210823-06,11,7,,
Temperate,Plantago alpina,Hoyo sin tierra,210823-06,12,13,,
Temperate,Plantago alpina,Hoyo sin tierra,210823-06,13,294,,
Temperate,Saxifraga conifera,Boches,140921-08,1,1,,
Temperate,Saxifraga conifera,Boches,140921-08,2,14,,
Temperate,Saxifraga conifera,Boches,140921-08,3,2,,
Temperate,Saxifraga conifera,Boches,140921-08,4,30,,
Temperate,Saxifraga conifera,Boches,140921-08,5,49,,
Temperate,Saxifraga conifera,Boches,140921-08,6,7,,
Temperate,Saxifraga conifera,Boches,140921-08,7,0,,
Temperate,Saxifraga conifera,Boches,140921-08,8,0,,
Temperate,Saxifraga conifera,Boches,140921-08,9,7,,
Temperate,Saxifraga conifera,Boches,140921-08,10,3,,
Temperate,Saxifraga conifera,Hou sin tierri,130921-09,1,2,,
Temperate,Saxifraga conifera,Hou sin tierri,130921-09,2,6,,
Temperate,Saxifraga conifera,Hou sin tierri,130921-09,3,18,,
Temperate,Saxifraga conifera,Hou sin tierri,130921-09,4,29,,
Temperate,Saxifraga conifera,Hou sin tierri,130921-09,5,0,,
Temperate,Saxifraga conifera,Hou sin tierri,130921-09,6,0,,
Temperate,Saxifraga conifera,Hou sin tierri,130921-09,7,47,,
Temperate,Saxifraga conifera,Hou sin tierri,130921-09,8,0,,
Temperate,Saxifraga conifera,Hou sin tierri,130921-09,9,8,,
Temperate,Saxifraga conifera,Hou sin tierri,130921-09,10,20,,
Temperate,Saxifraga oppositifolia,Hoyo sin tierra,190822-05,1,0,,
Temperate,Saxifraga oppositifolia,Hoyo sin tierra,190822-05,2,15,,
Temperate,Saxifraga oppositifolia,Hoyo sin tierra,190822-05,3,0,,
Temperate,Saxifraga oppositifolia,Boches,310823-06,1,31,,
Temperate,Saxifraga oppositifolia,Boches,310823-06,2,47,,
Temperate,Saxifraga oppositifolia,Boches,310823-06,3,23,,
Temperate,Saxifraga oppositifolia,Boches,310823-06,4,27,,
Temperate,Saxifraga oppositifolia,Boches,310823-06,5,23,,
Temperate,Saxifraga oppositifolia,Boches,310823-06,6,54,,
Temperate,Saxifraga oppositifolia,Boches,310823-06,7,0,,
Temperate,Saxifraga oppositifolia,Hou sin tierri,310823-17,1,37,,
Temperate,Saxifraga oppositifolia,Hou sin tierri,310823-17,2,44,,
Temperate,Saxifraga oppositifolia,Hou sin tierri,310823-17,3,115,,
Temperate,Saxifraga oppositifolia,Hou sin tierri,310823-17,4,681,,
Temperate,Saxifraga oppositifolia,Hou sin tierri,310823-17,5,60,,
Temperate,Saxifraga oppositifolia,Hou sin tierri,310823-17,6,31,,
Temperate,Saxifraga oppositifolia,Hou sin tierri,310823-17,7,65,,
Temperate,Saxifraga oppositifolia,Hou sin tierri,310823-17,8,72,,
Temperate,Saxifraga oppositifolia,Hou sin tierri,310823-17,9,247,,
Temperate,Saxifraga oppositifolia,Hou sin tierri,310823-17,10,181,,
Temperate,Saxifraga paniculata,Los cazadores,310821-14,1,117,,
Temperate,Saxifraga paniculata,Los cazadores,310821-14,2,207,,
Temperate,Saxifraga paniculata,Los cazadores,310821-14,3,385,,
Temperate,Saxifraga paniculata,Los cazadores,310821-14,4,349,,
Temperate,Saxifraga paniculata,Los cazadores,310821-14,5,82,,
Temperate,Saxifraga paniculata,Los cazadores,310821-14,6,295,,
Temperate,Saxifraga paniculata,Los cazadores,310821-14,7,146,,
Temperate,Saxifraga paniculata,Los cazadores,310821-14,8,226,,
Temperate,Saxifraga paniculata,Los cazadores,310821-14,9,51,,
Temperate,Saxifraga paniculata,Los cazadores,310821-14,10,502,,
Temperate,Saxifraga paniculata,Los cazadores,300822-06,1,1,,
Temperate,Saxifraga paniculata,Los cazadores,300822-06,2,2,,
Temperate,Saxifraga paniculata,Los cazadores,300822-06,3,0,,
Temperate,Saxifraga paniculata,Los cazadores,300822-06,4,30,,
Temperate,Saxifraga paniculata,Los cazadores,300822-06,5,0,,
Temperate,Saxifraga paniculata,Los cazadores,300822-06,6,10,,
Temperate,Saxifraga paniculata,Los cazadores,300822-06,7,0,,
Temperate,Saxifraga paniculata,Los cazadores,300822-06,8,40,,
Temperate,Saxifraga paniculata,Los cazadores,300822-06,9,21,,
Temperate,Saxifraga paniculata,Los cazadores,300822-06,10,5,,
Temperate,Scilla verna,Los cazadores,310821-06,1,8,,
Temperate,Scilla verna,Los cazadores,310821-06,2,4,,
Temperate,Scilla verna,Los cazadores,310821-06,3,4,,
Temperate,Scilla verna,Los cazadores,310821-06,4,7,,
Temperate,Scilla verna,Los cazadores,310821-06,5,9,,
Temperate,Scilla verna,Los cazadores,310821-06,6,8,,
Temperate,Scilla verna,Los cazadores,310821-06,7,13,,
Temperate,Scilla verna,Los cazadores,310821-06,8,8,,
Temperate,Scilla verna,Los cazadores,310821-06,9,11,,
Temperate,Scilla verna,Los cazadores,310821-06,10,10,,
Temperate,Scilla verna,Hoyo sin tierra,210823-12,1,10,,
Temperate,Scilla verna,Hoyo sin tierra,210823-12,2,9,,
Temperate,Scilla verna,Hoyo sin tierra,210823-12,3,16,,
Temperate,Sedum album,Hoyo sin tierra,210823-10,1,205,*valores aproximados por peso semilla,
Temperate,Sedum album,Hoyo sin tierra,210823-10,2,187,*valores aproximados por peso semilla,
Temperate,Sedum album,Hoyo sin tierra,210823-10,3,25,*valores aproximados por peso semilla,
Temperate,Sedum album,Hoyo sin tierra,210823-10,4,40,*valores aproximados por peso semilla,
Temperate,Sedum album,Hoyo sin tierra,210823-10,5,74,*valores aproximados por peso semilla,
Temperate,Sedum album,Hoyo sin tierra,210823-10,6,163,*valores aproximados por peso semilla,
Temperate,Sedum album,Hoyo sin tierra,210823-10,7,37,*valores aproximados por peso semilla,
Temperate,Sedum album,Hoyo sin tierra,210823-10,8,105,*valores aproximados por peso semilla,
Temperate,Sedum album,Hoyo sin tierra,210823-10,9,91,*valores aproximados por peso semilla,
Temperate,Sedum album,Hoyo sin tierra,210823-10,10,104,*valores aproximados por peso semilla,
Temperate,Sedum atratum,Hoyo sin tierra,210823-11,1,61.5,*valores aproximados por peso semilla,
Temperate,Sedum atratum,Hoyo sin tierra,210823-11,2,24.5,*valores aproximados por peso semilla,
Temperate,Sedum atratum,Hoyo sin tierra,210823-11,3,219.4,*valores aproximados por peso semilla,
Temperate,Sedum atratum,Hoyo sin tierra,210823-11,4,75.3,*valores aproximados por peso semilla,
Temperate,Sedum atratum,Hoyo sin tierra,210823-11,5,10.4,*valores aproximados por peso semilla,
Temperate,Sedum atratum,Hoyo sin tierra,210823-11,6,803.5,*valores aproximados por peso semilla,
Temperate,Sedum atratum,Hoyo sin tierra,210823-11,7,56.9,*valores aproximados por peso semilla,
Temperate,Sedum atratum,Hoyo sin tierra,210823-11,8,168.6,*valores aproximados por peso semilla,
Temperate,Sedum atratum,Hoyo sin tierra,210823-11,9,223.1,*valores aproximados por peso semilla,
Temperate,Sedum atratum,Hoyo sin tierra,210823-11,10,244.5,*valores aproximados por peso semilla,
Temperate,Sedum atratum,Hoyo sin tierra,210823-11,11,1121.5,*valores aproximados por peso semilla,
Temperate,Sedum atratum,Boches,310823-07,1,61.8,*valores aproximados por peso semilla,
Temperate,Sedum atratum,Boches,310823-07,2,26.9,*valores aproximados por peso semilla,
Temperate,Sempervivum vicentei,Hoyo sin tierra,210823-02,1,41,*valores aproximados por peso semilla,
Temperate,Sempervivum vicentei,Hoyo sin tierra,210823-02,2,97,*valores aproximados por peso semilla,
Temperate,Sempervivum vicentei,Hoyo sin tierra,210823-02,3,75,*valores aproximados por peso semilla,
Temperate,Sempervivum vicentei,Hoyo sin tierra,210823-02,4,217,*valores aproximados por peso semilla,
Temperate,Sempervivum vicentei,Hoyo sin tierra,210823-02,5,66,*valores aproximados por peso semilla,
Temperate,Sempervivum vicentei,Hoyo sin tierra,210823-02,6,80,*valores aproximados por peso semilla,
Temperate,Sempervivum vicentei,Hoyo sin tierra,210823-02,7,13,*valores aproximados por peso semilla,
Temperate,Sempervivum vicentei,Hoyo sin tierra,210823-02,8,40,*valores aproximados por peso semilla,
Temperate,Sempervivum vicentei,Hoyo sin tierra,210823-02,9,19,*valores aproximados por peso semilla,
Temperate,Sempervivum vicentei,Hoyo sin tierra,210823-02,10,71,*valores aproximados por peso semilla,
Temperate,Sempervivum vicentei,Hoyo sin tierra,210823-02,11,378,*valores aproximados por peso semilla,
Temperate,Sempervivum vicentei,Hoyo sin tierra,210823-02,12,45,*valores aproximados por peso semilla,
Temperate,Sempervivum vicentei,Hoyo sin tierra,210823-02,13,38,*valores aproximados por peso semilla,
Temperate,Sempervivum vicentei,Hoyo sin tierra,210823-02,14,81,*valores aproximados por peso semilla,
Temperate,Sempervivum vicentei,Hoyo sin tierra,210823-02,15,12,*valores aproximados por peso semilla,
Temperate,Sempervivum vicentei,Hoyo sin tierra,210823-02,16,35,*valores aproximados por peso semilla,
Temperate,Sempervivum vicentei,Hoyo sin tierra,210823-02,17,175,*valores aproximados por peso semilla,
Temperate,Sempervivum vicentei,Hoyo sin tierra,210823-02,18,111,*valores aproximados por peso semilla,
Temperate,Sempervivum vicentei,Hoyo sin tierra,210823-02,19,93,*valores aproximados por peso semilla,
Temperate,Sempervivum vicentei,Hoyo sin tierra,210823-02,20,268,*valores aproximados por peso semilla,
Temperate,Sesleria caerula,Los cazadores,310821-03,1,1,,
Temperate,Sesleria caerula,Los cazadores,310821-03,2,13,,
Temperate,Sesleria caerula,Los cazadores,310821-03,3,7,,
Temperate,Sesleria caerula,Los cazadores,310821-03,4,1,,
Temperate,Sesleria caerula,Los cazadores,310821-03,5,2,,
Temperate,Sesleria caerula,Los cazadores,310821-03,6,21,,
Temperate,Sesleria caerula,Los cazadores,310821-03,7,3,,
Temperate,Sesleria caerula,Los cazadores,310821-03,8,3,,
Temperate,Sesleria caerula,Los cazadores,310821-03,9,8,,
Temperate,Sesleria caerula,Los cazadores,010923-04,1,5,,
Temperate,Sesleria caerula,Los cazadores,010923-04,2,3,,
Temperate,Sesleria caerula,Los cazadores,010923-04,3,7,,
Temperate,Sesleria caerula,Los cazadores,010923-04,4,6,,
Temperate,Sesleria caerula,Los cazadores,010923-04,5,4,,
Temperate,Sesleria caerula,Los cazadores,010923-04,6,5,,
Temperate,Sesleria caerula,Los cazadores,010923-04,7,10,,
Temperate,Sesleria caerula,Los cazadores,010923-04,8,3,,
Temperate,Sesleria caerula,Los cazadores,010923-04,9,4,,
Temperate,Sesleria caerula,Los cazadores,010923-04,10,5,,
Temperate,Sesleria caerula,Los cazadores,010923-04,11,7,,
Temperate,Silene acaulis,Hou sin tierri,130921-07,1,98,,
Temperate,Silene acaulis,Hou sin tierri,130921-07,2,16,,
Temperate,Silene acaulis,Hou sin tierri,130921-07,3,174,,
Temperate,Silene acaulis,Hou sin tierri,130921-07,4,134,,
Temperate,Silene acaulis,Hou sin tierri,130921-07,5,12,,
Temperate,Silene acaulis,Hou sin tierri,130921-07,6,100,,
Temperate,Silene acaulis,Hou sin tierri,130921-07,7,201,,
Temperate,Silene acaulis,Hou sin tierri,130921-07,8,407,,
Temperate,Silene acaulis,Hou sin tierri,130921-07,9,93,,
Temperate,Silene acaulis,Hou sin tierri,130921-07,10,6,,
Temperate,Silene acaulis,Boches,140921-03,1,198,,
Temperate,Silene acaulis,Boches,140921-03,2,24,,
Temperate,Silene acaulis,Boches,140921-03,3,94,,
Temperate,Silene acaulis,Boches,140921-03,4,37,,
Temperate,Silene acaulis,Boches,140921-03,5,143,,
Temperate,Silene acaulis,Boches,140921-03,6,18,,
Temperate,Silene acaulis,Boches,140921-03,7,342,,
Temperate,Silene acaulis,Boches,140921-03,8,2,,
Temperate,Silene acaulis,Boches,140921-03,9,49,,
Temperate,Silene acaulis,Boches,310823-08,1,23,,
Temperate,Silene ciliata,Boches,140921-09,1,32,,
Temperate,Silene ciliata,Boches,140921-09,2,10,,
Temperate,Silene ciliata,Boches,140921-09,3,16,,
Temperate,Silene ciliata,Boches,140921-09,4,18,,
Temperate,Silene ciliata,Boches,140921-09,6,25,,
Temperate,Silene ciliata,Boches,310823-04,3,40,,
Temperate,Silene ciliata,Boches,310823-04,5,90,,
Temperate,Silene ciliata,Boches,310823-04,6,33,,
Temperate,Silene ciliata,Boches,310823-04,7,28,,
Temperate,Silene ciliata,Boches,310823-04,8,39,,
Temperate,Silene ciliata,Boches,310823-04,10,40,,
Temperate,Silene ciliata,Hoyo sin tierra,300821-11,1,54,,
Temperate,Silene ciliata,Hoyo sin tierra,300821-11,6,71,,
Temperate,Silene ciliata,Hoyo sin tierra,300821-11,8,19,,
Temperate,Thymus praecox,Hoyo sin tierra,300821-07,1,54,,
Temperate,Thymus praecox,Hoyo sin tierra,300821-07,2,9,,
Temperate,Thymus praecox,Hoyo sin tierra,300821-07,3,13,,
Temperate,Thymus praecox,Hoyo sin tierra,300821-07,4,54,,
Temperate,Thymus praecox,Hoyo sin tierra,300821-07,5,152,,
Temperate,Thymus praecox,Hoyo sin tierra,300821-07,6,243,,
Temperate,Thymus praecox,Hoyo sin tierra,300821-07,7,175,,
Temperate,Thymus praecox,Hoyo sin tierra,300821-07,8,226,,
Temperate,Thymus praecox,Hoyo sin tierra,300821-07,9,36,,
Temperate,Thymus praecox,Hoyo sin tierra,300821-07,10,10,,
Temperate,Thymus praecox,Boches,310823-05,1,6,,
Temperate,Thymus praecox,Boches,310823-05,2,17,,
Temperate,Thymus praecox,Boches,310823-05,3,7,,
Temperate,Thymus praecox,Boches,310823-05,4,1,,
Temperate,Thymus praecox,Boches,310823-05,5,0,,
Temperate,Thymus praecox,Boches,310823-05,6,17,,
Temperate,Thymus praecox,Boches,310823-05,7,22,,
Temperate,Thymus praecox,Boches,310823-05,8,12,,
Temperate,Thymus praecox,Boches,310823-05,9,17,,
Temperate,Thymus praecox,Boches,310823-05,10,29,,
Temperate,Veronica nummularia,Hou sin tierri,190822-06,1,10,,
Temperate,Veronica nummularia,Hou sin tierri,190822-06,2,56,,
Temperate,Veronica nummularia,Hou sin tierri,190822-06,3,25,,
Temperate,Veronica nummularia,Hou sin tierri,190822-06,4,36,,
Temperate,Veronica nummularia,Hou sin tierri,190822-06,5,26,,
Temperate,Veronica nummularia,Hou sin tierri,190822-06,6,12,,
Temperate,Veronica nummularia,Hou sin tierri,190822-06,7,54,,
Temperate,Veronica nummularia,Hou sin tierri,190822-06,8,86,,
Temperate,Veronica nummularia,Hou sin tierri,190822-06,9,8,,
Temperate,Veronica nummularia,Hou sin tierri,190822-06,10,27,,
Temperate,Veronica nummularia,Boches,230822-05,1,12,,
Temperate,Veronica nummularia,Boches,230822-05,2,21,,
Temperate,Veronica nummularia,Boches,230822-05,3,17,,
Temperate,Veronica nummularia,Boches,230822-05,4,8,,
Temperate,Veronica nummularia,Boches,230822-05,5,22,,
Temperate,Veronica nummularia,Boches,230822-05,6,28,,
Temperate,Veronica nummularia,Boches,230822-05,7,9,,
Temperate,Veronica nummularia,Boches,230822-05,8,4,,
Temperate,Veronica nummularia,Boches,230822-05,9,2,,
Temperate,Veronica nummularia,Boches,230822-05,10,21,,
