species,community,site,code,weight_50_mg
Agrostis tileni,Mediterranean,Solana,090822-01,4.49
Agrostis tileni,Mediterranean,Solana,090822-01,4.29
Agrostis tileni,Mediterranean,Solana,090822-01,4.24
Agrostis tileni,Mediterranean,Solana,090822-01,4.38
Agrostis tileni,Mediterranean,Solana,090822-01,4.68
Agrostis tileni,Mediterranean,Solana,090822-01,4.39
Agrostis tileni,Mediterranean,Solana,090822-01,4.63
Agrostis tileni,Mediterranean,Solana,090822-01,4.54
Agrostis tileni,Mediterranean,Solana,090822-01,4.27
Agrostis tileni,Mediterranean,Solana,090822-01,4.45
Armeria duriaei,Mediterranean,Rabinalto,240821-01,67.15
Armeria duriaei,Mediterranean,Rabinalto,240821-01,71.78
Armeria duriaei,Mediterranean,Rabinalto,240821-01,73.3
Armeria duriaei,Mediterranean,Rabinalto,240821-01,70.82
Armeria duriaei,Mediterranean,Rabinalto,240821-01,75.93
Armeria duriaei,Mediterranean,Penauta,250821-01,74
Armeria duriaei,Mediterranean,Penauta,250821-01,82
Armeria duriaei,Mediterranean,Penauta,250821-01,83
Armeria duriaei,Mediterranean,Penauta,250821-01,80
Armeria duriaei,Mediterranean,Penauta,250821-01,79
Avenella flexuosa,Mediterranean,Solana,040822-11,49
Avenella flexuosa,Mediterranean,Solana,040822-11,53
Avenella flexuosa,Mediterranean,Solana,040822-11,47
Avenella flexuosa,Mediterranean,Cańada,110822-03,46
Avenella flexuosa,Mediterranean,Cańada,110822-03,49
Avenella flexuosa,Mediterranean,Cańada,110822-03,51
Avenella flexuosa,Mediterranean,Cańada,110822-03,50
Avenella flexuosa,Mediterranean,Penauta,070823-05,21.88
Avenella flexuosa,Mediterranean,Penauta,070823-05,25.43
Avenella flexuosa,Mediterranean,Penauta,070823-05,25.69
Cerastium ramossissimum,Mediterranean,Cańada,150721-05,7.11
Cerastium ramossissimum,Mediterranean,Cańada,150721-05,7.35
Cerastium ramossissimum,Mediterranean,Cańada,150721-05,7.21
Cerastium ramossissimum,Mediterranean,Cańada,150721-05,6.63
Cerastium ramossissimum,Mediterranean,Cańada,150721-05,7.08
Cerastium ramossissimum,Mediterranean,Rabinalto,280721-02,6.08
Cerastium ramossissimum,Mediterranean,Rabinalto,280721-02,6.21
Cerastium ramossissimum,Mediterranean,Rabinalto,280721-02,6.03
Cerastium ramossissimum,Mediterranean,Rabinalto,280721-02,6.02
Cerastium ramossissimum,Mediterranean,Rabinalto,280721-02,5.91
Conopodium majus,Mediterranean,Rabinalto,240821-03,49.95
Conopodium majus,Mediterranean,Rabinalto,240821-03,56.69
Conopodium majus,Mediterranean,Rabinalto,240821-03,52.65
Conopodium majus,Mediterranean,Rabinalto,240821-03,52.32
Conopodium majus,Mediterranean,Rabinalto,240821-03,58.38
Conopodium majus,Mediterranean,Penauta,250821-04,108
Conopodium majus,Mediterranean,Penauta,250821-04,95
Conopodium majus,Mediterranean,Penauta,250821-04,94
Conopodium majus,Mediterranean,Penauta,250821-04,86
Conopodium majus,Mediterranean,Penauta,250821-04,102
Dianthus langeanus,Mediterranean,Penauta,110821-01,46.39
Dianthus langeanus,Mediterranean,Penauta,110821-01,46.52
Dianthus langeanus,Mediterranean,Penauta,110821-01,45.65
Dianthus langeanus,Mediterranean,Penauta,110821-01,48.98
Dianthus langeanus,Mediterranean,Penauta,110821-01,49.45
Dianthus langeanus,Mediterranean,Cańada,120821-02,35.05
Dianthus langeanus,Mediterranean,Cańada,120821-02,36.26
Dianthus langeanus,Mediterranean,Cańada,120821-02,40.92
Dianthus langeanus,Mediterranean,Cańada,120821-02,37.5
Dianthus langeanus,Mediterranean,Cańada,120821-02,38.92
Festuca summilusitana,Mediterranean,Rabinalto,240821-02,81.49
Festuca summilusitana,Mediterranean,Rabinalto,240821-02,88.14
Festuca summilusitana,Mediterranean,Rabinalto,240821-02,87.149
Festuca summilusitana,Mediterranean,Rabinalto,240821-02,91.5
Festuca summilusitana,Mediterranean,Rabinalto,240821-02,87.16
Festuca summilusitana,Mediterranean,Penauta,250821-02,82
Festuca summilusitana,Mediterranean,Penauta,250821-02,72
Festuca summilusitana,Mediterranean,Penauta,250821-02,74
Festuca summilusitana,Mediterranean,Penauta,250821-02,79
Festuca summilusitana,Mediterranean,Penauta,250821-02,81
Helictochloa marginata,Mediterranean,Penauta,040822-10,120
Helictochloa marginata,Mediterranean,Penauta,040822-10,139
Helictochloa marginata,Mediterranean,Penauta,040822-10,134
Helictochloa marginata,Mediterranean,Penauta,040822-10,136
Helictochloa marginata,Mediterranean,Penauta,040822-10,137
Helictochloa marginata,Mediterranean,Penauta,040822-10,152
Helictochloa marginata,Mediterranean,Penauta,040822-10,135
Helictochloa marginata,Mediterranean,Penauta,040822-10,144
Helictochloa marginata,Mediterranean,Penauta,040822-10,139
Helictochloa marginata,Mediterranean,Penauta,040822-10,145
Jasione laevis,Mediterranean,Penauta,040822-08,1.05
Jasione laevis,Mediterranean,Penauta,040822-08,1.45
Jasione laevis,Mediterranean,Penauta,040822-08,1.37
Jasione laevis,Mediterranean,Penauta,040822-08,0.77
Jasione laevis,Mediterranean,Penauta,040822-08,1.18
Jasione laevis,Mediterranean,Penauta,040822-08,1.42
Jasione laevis,Mediterranean,Penauta,040822-08,1.1
Jasione laevis,Mediterranean,Penauta,040822-08,1.53
Jasione laevis,Mediterranean,Penauta,040822-08,1.08
Jasione laevis,Mediterranean,Penauta,040822-08,1.15
Jurinea humilis,Mediterranean,Cańada,120821-03,317
Jurinea humilis,Mediterranean,Cańada,120821-04,329
Jurinea humilis,Mediterranean,Cańada,120821-05,263
Jurinea humilis,Mediterranean,Cańada,110822-01,247
Jurinea humilis,Mediterranean,Cańada,110822-01,280
Jurinea humilis,Mediterranean,Cańada,110822-01,254
Jurinea humilis,Mediterranean,Cańada,110822-01,279
Jurinea humilis,Mediterranean,Cańada,110822-01,233
Jurinea humilis,Mediterranean,Cańada,110822-01,270
Jurinea humilis,Mediterranean,Cańada,110822-01,256
Jurinea humilis,Mediterranean,Cańada,110822-01,280
Jurinea humilis,Mediterranean,Cańada,110822-01,246
Jurinea humilis,Mediterranean,Cańada,110822-01,236
Luzula caespitosa,Mediterranean,Penauta,110821-03,81.77
Luzula caespitosa,Mediterranean,Penauta,110821-03,92.65
Luzula caespitosa,Mediterranean,Penauta,110821-03,101.41
Luzula caespitosa,Mediterranean,Penauta,110821-03,110.71
Luzula caespitosa,Mediterranean,Penauta,110821-03,92.68
Luzula caespitosa,Mediterranean,Rabinalto,120821-04,60.62
Luzula caespitosa,Mediterranean,Rabinalto,120821-04,94.71
Luzula caespitosa,Mediterranean,Rabinalto,120821-04,85.64
Luzula caespitosa,Mediterranean,Rabinalto,120821-04,82.76
Luzula caespitosa,Mediterranean,Penauta,040822-04,112
Luzula caespitosa,Mediterranean,Penauta,040822-04,116
Luzula caespitosa,Mediterranean,Penauta,040822-04,113
Luzula caespitosa,Mediterranean,Penauta,040822-04,110
Luzula caespitosa,Mediterranean,Penauta,040822-04,114
Minuartia recurva,Mediterranean,Solana,110821-07,15.44
Minuartia recurva,Mediterranean,Solana,110821-07,15.14
Minuartia recurva,Mediterranean,Solana,110821-07,15.73
Minuartia recurva,Mediterranean,Solana,110821-07,16.66
Minuartia recurva,Mediterranean,Solana,110821-07,16.19
Minuartia recurva,Mediterranean,Cańada,120821-01,14.27
Minuartia recurva,Mediterranean,Cańada,120821-01,15.87
Minuartia recurva,Mediterranean,Cańada,120821-01,16.26
Minuartia recurva,Mediterranean,Cańada,120821-01,16.14
Minuartia recurva,Mediterranean,Cańada,120821-01,14.62
Neoschischkinia truncatula,Mediterranean,Rabinalto,240821-07,5.14
Neoschischkinia truncatula,Mediterranean,Rabinalto,240821-07,5.25
Neoschischkinia truncatula,Mediterranean,Rabinalto,240821-07,4.8
Neoschischkinia truncatula,Mediterranean,Rabinalto,240821-07,5.11
Neoschischkinia truncatula,Mediterranean,Rabinalto,240821-07,5.44
Neoschischkinia truncatula,Mediterranean,Penauta,250821-03,3.9
Neoschischkinia truncatula,Mediterranean,Penauta,250821-03,4.54
Neoschischkinia truncatula,Mediterranean,Penauta,250821-03,3.92
Neoschischkinia truncatula,Mediterranean,Penauta,250821-03,4.6
Neoschischkinia truncatula,Mediterranean,Penauta,250821-03,4.46
Phalacrocarpum oppositifolium,Mediterranean,Penauta,040822-05,110
Phalacrocarpum oppositifolium,Mediterranean,Penauta,040822-05,106
Phalacrocarpum oppositifolium,Mediterranean,Penauta,040822-05,106
Phalacrocarpum oppositifolium,Mediterranean,Solana,090822-03,114
Phalacrocarpum oppositifolium,Mediterranean,Solana,090822-03,113
Phalacrocarpum oppositifolium,Mediterranean,Solana,090822-03,116
Phalacrocarpum oppositifolium,Mediterranean,Solana,090822-03,115
Phalacrocarpum oppositifolium,Mediterranean,Solana,090822-03,117
Phalacrocarpum oppositifolium,Mediterranean,Solana,090822-03,124
Phalacrocarpum oppositifolium,Mediterranean,Solana,090822-03,110
Phyteuma hemisphaericum,Mediterranean,Cańada,240821-10,3.88
Phyteuma hemisphaericum,Mediterranean,Cańada,240821-10,3.58
Phyteuma hemisphaericum,Mediterranean,Cańada,240821-10,4.07
Phyteuma hemisphaericum,Mediterranean,Cańada,240821-10,3.36
Phyteuma hemisphaericum,Mediterranean,Cańada,240821-10,3.92
Phyteuma hemisphaericum,Mediterranean,Penauta,250821-07,4.72
Phyteuma hemisphaericum,Mediterranean,Penauta,250821-07,5.22
Phyteuma hemisphaericum,Mediterranean,Penauta,250821-07,4.52
Phyteuma hemisphaericum,Mediterranean,Penauta,250821-07,4.43
Phyteuma hemisphaericum,Mediterranean,Penauta,250821-07,4.51
Plantago holosteum,Mediterranean,Rabinalto,240821-04,40.25
Plantago holosteum,Mediterranean,Rabinalto,240821-04,38.12
Plantago holosteum,Mediterranean,Rabinalto,240821-04,41.58
Plantago holosteum,Mediterranean,Rabinalto,240821-04,40.78
Plantago holosteum,Mediterranean,Rabinalto,240821-04,42.72
Plantago holosteum,Mediterranean,Solana,250821-12,43
Plantago holosteum,Mediterranean,Solana,250821-12,44
Plantago holosteum,Mediterranean,Solana,250821-12,49
Plantago holosteum,Mediterranean,Solana,250821-12,51
Plantago holosteum,Mediterranean,Solana,250821-12,50
Scorzoneroides cantabrica,Mediterranean,Penauta,110821-04,46.36
Scorzoneroides cantabrica,Mediterranean,Penauta,110821-04,29.12
Scorzoneroides cantabrica,Mediterranean,Penauta,110821-04,32.66
Scorzoneroides cantabrica,Mediterranean,Penauta,110821-04,38.88
Sedum anglicum,Mediterranean,Penauta,250821-09,1.03
Sedum anglicum,Mediterranean,Penauta,250821-09,0.88
Sedum anglicum,Mediterranean,Penauta,250821-09,1.16
Sedum anglicum,Mediterranean,Penauta,250821-09,1.02
Sedum anglicum,Mediterranean,Penauta,250821-09,1.1
Sedum anglicum,Mediterranean,Cańada,240821-09,0.92
Sedum anglicum,Mediterranean,Cańada,240821-09,1.28
Sedum anglicum,Mediterranean,Cańada,240821-09,1.28
Sedum anglicum,Mediterranean,Cańada,240821-09,1.24
Sedum anglicum,Mediterranean,Cańada,240821-09,1.16
Sedum brevifolium,Mediterranean,Penauta,250821-08,0.51
Sedum brevifolium,Mediterranean,Penauta,250821-08,0.51
Sedum brevifolium,Mediterranean,Penauta,250821-08,0.58
Sedum brevifolium,Mediterranean,Penauta,250821-08,0.54
Sedum brevifolium,Mediterranean,Penauta,250821-08,0.67
Sedum brevifolium,Mediterranean,Cańada,240821-11,0.8
Sedum brevifolium,Mediterranean,Cańada,240821-11,0.69
Sedum brevifolium,Mediterranean,Cańada,240821-11,0.69
Sedum brevifolium,Mediterranean,Cańada,240821-11,0.71
Sedum brevifolium,Mediterranean,Cańada,240821-11,0.69
Sempervivum arachnoideum,Mediterranean,Solana,230921-04,2.63
Sempervivum arachnoideum,Mediterranean,Solana,230921-04,2.5
Sempervivum arachnoideum,Mediterranean,Solana,230921-04,2.77
Sempervivum arachnoideum,Mediterranean,Solana,230921-04,2.5
Sempervivum arachnoideum,Mediterranean,Solana,230921-04,2.27
Sempervivum arachnoideum,Mediterranean,Penauta,230921-02,3.19
Sempervivum arachnoideum,Mediterranean,Penauta,230921-02,2.53
Sempervivum arachnoideum,Mediterranean,Penauta,230921-02,2.3
Sempervivum arachnoideum,Mediterranean,Penauta,230921-02,2.89
Sempervivum arachnoideum,Mediterranean,Penauta,230921-02,2.57
Silene ciliata,Mediterranean,Penauta,040822-07,24
Silene ciliata,Mediterranean,Penauta,040822-07,21
Silene ciliata,Mediterranean,Penauta,040822-07,20
Silene ciliata,Mediterranean,Penauta,040822-07,22
Silene ciliata,Mediterranean,Penauta,040822-07,19
Silene ciliata,Mediterranean,Penauta,040822-07,20
Silene ciliata,Mediterranean,Penauta,040822-07,18
Silene ciliata,Mediterranean,Penauta,040822-07,13
Silene ciliata,Mediterranean,Penauta,040822-07,16
Silene ciliata,Mediterranean,Penauta,040822-07,14
Solidago virgaurea,Mediterranean,Rabinalto,240821-08,36.85
Solidago virgaurea,Mediterranean,Rabinalto,240821-08,39.09
Solidago virgaurea,Mediterranean,Rabinalto,240821-08,39.08
Solidago virgaurea,Mediterranean,Rabinalto,240821-08,39.18
Solidago virgaurea,Mediterranean,Rabinalto,240821-08,40.35
Solidago virgaurea,Mediterranean,Penauta,250821-13,30
Solidago virgaurea,Mediterranean,Penauta,250821-13,30
Solidago virgaurea,Mediterranean,Penauta,250821-13,27
Solidago virgaurea,Mediterranean,Penauta,250821-13,28
Solidago virgaurea,Mediterranean,Penauta,250821-13,25
Spergula morisonii,Mediterranean,Cańada,150721-01,10.35
Spergula morisonii,Mediterranean,Cańada,150721-01,10.09
Spergula morisonii,Mediterranean,Cańada,150721-01,9.5
Spergula morisonii,Mediterranean,Cańada,150721-01,11
Spergula morisonii,Mediterranean,Cańada,150721-01,8.42
Spergula morisonii,Mediterranean,Cańada,300522-01,12
Spergula morisonii,Mediterranean,Cańada,300522-01,9
Spergula morisonii,Mediterranean,Cańada,300522-01,9
Spergula morisonii,Mediterranean,Cańada,300522-01,9
Spergula morisonii,Mediterranean,Cańada,300522-01,9
Teesdalia conferta,Mediterranean,Penauta,040822-12,71
Teesdalia conferta,Mediterranean,Penauta,040822-12,71
Teesdalia conferta,Mediterranean,Penauta,040822-12,72
Teesdalia conferta,Mediterranean,Penauta,040822-12,67
Teesdalia conferta,Mediterranean,Solana,090822-04,122
Teesdalia conferta,Mediterranean,Solana,090822-04,107
Teesdalia conferta,Mediterranean,Solana,090822-04,124
Teesdalia conferta,Mediterranean,Solana,090822-04,98
Teesdalia conferta,Mediterranean,Solana,090822-04,105
Teesdalia conferta,Mediterranean,Solana,090822-04,123
Thymus praecox,Mediterranean,Solana,110821-05,8.77
Thymus praecox,Mediterranean,Solana,110821-05,9.11
Thymus praecox,Mediterranean,Solana,110821-05,9.92
Thymus praecox,Mediterranean,Solana,110821-05,9.7
Thymus praecox,Mediterranean,Solana,110821-05,9.7
Thymus praecox,Mediterranean,Rabinalto,120821-06,7.78
Thymus praecox,Mediterranean,Rabinalto,120821-06,8.23
Thymus praecox,Mediterranean,Rabinalto,120821-06,7.13
Thymus praecox,Mediterranean,Rabinalto,120821-06,7.14
Thymus praecox,Mediterranean,Rabinalto,120821-06,7.8
Androsace villosa,Temperate,Hoyo sin tierra,300821-03,73
Androsace villosa,Temperate,Hoyo sin tierra,300821-03,76
Androsace villosa,Temperate,Hoyo sin tierra,300821-03,76
Androsace villosa,Temperate,Hoyo sin tierra,300821-03,76
Androsace villosa,Temperate,Hoyo sin tierra,300821-03,83
Androsace villosa,Temperate,Los cazadores,310821-11,56
Androsace villosa,Temperate,Los cazadores,310821-11,56
Androsace villosa,Temperate,Los cazadores,310821-11,59
Androsace villosa,Temperate,Los cazadores,310821-11,57
Androsace villosa,Temperate,Los cazadores,310821-11,54
Anthyllis vulneraria,Temperate,Los cazadores,310821-12,195
Anthyllis vulneraria,Temperate,Los cazadores,310821-12,184
Anthyllis vulneraria,Temperate,Los cazadores,310821-12,210
Anthyllis vulneraria,Temperate,Los cazadores,310821-12,164
Anthyllis vulneraria,Temperate,Hoyo sin tierra,120722-02,230
Anthyllis vulneraria,Temperate,Hoyo sin tierra,120722-02,220
Anthyllis vulneraria,Temperate,Hoyo sin tierra,120722-02,229
Anthyllis vulneraria,Temperate,Hoyo sin tierra,120722-02,210
Anthyllis vulneraria,Temperate,Hoyo sin tierra,120722-02,220
Anthyllis vulneraria,Temperate,Hoyo sin tierra,120722-02,219
Anthyllis vulneraria,Temperate,Hoyo sin tierra,120722-02,249
Anthyllis vulneraria,Temperate,Hoyo sin tierra,120722-02,231
Anthyllis vulneraria,Temperate,Hoyo sin tierra,120722-02,226
Anthyllis vulneraria,Temperate,Hoyo sin tierra,120722-02,240
Anthyllis vulneraria,Temperate,Hoyo sin tierra,120722-02,180
Anthyllis vulneraria,Temperate,Hoyo sin tierra,120722-02,220
Anthyllis vulneraria,Temperate,Hoyo sin tierra,120722-02,234
Anthyllis vulneraria,Temperate,Hoyo sin tierra,120722-02,219
Anthyllis vulneraria,Temperate,Hoyo sin tierra,120722-02,223
Arenaria erinacea,Temperate,Hoyo sin tierra,300821-08,15.66
Arenaria erinacea,Temperate,Hoyo sin tierra,300821-08,18.27
Arenaria erinacea,Temperate,Hoyo sin tierra,300821-08,18.32
Arenaria erinacea,Temperate,Hoyo sin tierra,300821-08,18.02
Arenaria erinacea,Temperate,Hoyo sin tierra,300821-08,19.6
Arenaria erinacea,Temperate,Hoyo sin tierra,300821-08,21
Arenaria erinacea,Temperate,Hoyo sin tierra,300821-08,20
Arenaria erinacea,Temperate,Hoyo sin tierra,300821-08,20
Arenaria erinacea,Temperate,Hoyo sin tierra,300821-08,21
Arenaria erinacea,Temperate,Hoyo sin tierra,300821-08,19
Arenaria moehringioides,Temperate,Boches,310823-01,11.54
Arenaria moehringioides,Temperate,Boches,310823-01,10.22
Arenaria moehringioides,Temperate,Boches,310823-01,11.12
Arenaria moehringioides,Temperate,Boches,310823-01,12.39
Arenaria moehringioides,Temperate,Boches,310823-01,12.11
Arenaria moehringioides,Temperate,Boches,310823-01,11.33
Armeria cantabrica,Temperate,Hou sin tierri,130921-15,102
Armeria cantabrica,Temperate,Hou sin tierri,130921-15,104
Armeria cantabrica,Temperate,Hou sin tierri,130921-15,102
Armeria cantabrica,Temperate,Hou sin tierri,130921-15,122
Armeria cantabrica,Temperate,Hou sin tierri,130921-15,116
Armeria cantabrica,Temperate,Hou sin tierri,190822-09,89
Armeria cantabrica,Temperate,Hou sin tierri,190822-09,91
Armeria cantabrica,Temperate,Hou sin tierri,190822-09,93
Armeria cantabrica,Temperate,Hou sin tierri,190822-09,77
Armeria cantabrica,Temperate,Boches,230822-01,73
Armeria cantabrica,Temperate,Boches,230822-01,80
Armeria cantabrica,Temperate,Boches,230822-01,75
Armeria cantabrica,Temperate,Boches,230822-01,76
Armeria cantabrica,Temperate,Boches,230822-01,71
Carex sempervirens,Temperate,Los cazadores,310821-13,46
Carex sempervirens,Temperate,Los cazadores,310821-13,52
Carex sempervirens,Temperate,Los cazadores,310821-13,43
Carex sempervirens,Temperate,Los cazadores,310821-13,48
Carex sempervirens,Temperate,Los cazadores,310821-13,49
Carex sempervirens,Temperate,Hou sin tierri,130921-02,48
Carex sempervirens,Temperate,Hou sin tierri,130921-02,44
Carex sempervirens,Temperate,Hou sin tierri,130921-02,44
Carex sempervirens,Temperate,Hou sin tierri,130921-02,45
Carex sempervirens,Temperate,Hou sin tierri,130921-02,51
Dethawia splendens,Temperate,Los cazadores,300822-04,140
Dethawia splendens,Temperate,Los cazadores,010923-01,120.23
Dethawia splendens,Temperate,Los cazadores,010923-01,106.21
Dethawia splendens,Temperate,Los cazadores,010923-01,126.83
Dethawia splendens,Temperate,Los cazadores,010923-01,111.97
Dethawia splendens,Temperate,Los cazadores,010923-01,104.63
Dethawia splendens,Temperate,Los cazadores,010923-01,129.97
Dethawia splendens,Temperate,Los cazadores,010923-01,134.67
Dethawia splendens,Temperate,Hoyo sin tierra,210823-08,177.73
Dethawia splendens,Temperate,Hoyo sin tierra,210823-08,178.6
Erigeron alpinus,Temperate,Boches,230822-06,8.03
Erigeron alpinus,Temperate,Hou sin tierri,190822-12,6.86
Erigeron alpinus,Temperate,Hou sin tierri,190822-12,6.62
Erigeron alpinus,Temperate,Hou sin tierri,190822-12,6.83
Erigeron alpinus,Temperate,Hou sin tierri,190822-12,6.92
Erigeron alpinus,Temperate,Hou sin tierri,190822-12,6.98
Erigeron alpinus,Temperate,Hou sin tierri,190822-12,6.35
Erigeron alpinus,Temperate,Hoyo sin tierra,210823-05,5.42
Erigeron alpinus,Temperate,Hoyo sin tierra,210823-05,5.47
Erigeron alpinus,Temperate,Hoyo sin tierra,210823-05,5.91
Euphrasia salisburgensis,Temperate,Los cazadores,300921-01,8
Euphrasia salisburgensis,Temperate,Los cazadores,300921-01,8
Euphrasia salisburgensis,Temperate,Los cazadores,300921-01,7
Euphrasia salisburgensis,Temperate,Los cazadores,300921-01,8
Euphrasia salisburgensis,Temperate,Los cazadores,300921-01,5
Euphrasia salisburgensis,Temperate,Hou sin tierri,011021-01,8.45
Euphrasia salisburgensis,Temperate,Hou sin tierri,011021-01,10.13
Euphrasia salisburgensis,Temperate,Hou sin tierri,011021-01,8.45
Euphrasia salisburgensis,Temperate,Hou sin tierri,011021-01,7.96
Euphrasia salisburgensis,Temperate,Hou sin tierri,011021-01,8.37
Festuca glacialis,Temperate,Hou sin tierri,190822-03,31
Festuca glacialis,Temperate,Hou sin tierri,190822-03,32
Festuca glacialis,Temperate,Hou sin tierri,190822-03,39
Festuca glacialis,Temperate,Hou sin tierri,190822-03,30
Festuca glacialis,Temperate,Hou sin tierri,190822-03,35
Festuca glacialis,Temperate,Boches,230822-04,24
Festuca glacialis,Temperate,Boches,230822-04,25
Festuca glacialis,Temperate,Boches,230822-04,25
Festuca glacialis,Temperate,Boches,230822-04,25
Festuca glacialis,Temperate,Boches,230822-04,22
Festuca rubra,Temperate,Los cazadores,310821-02,4.71
Festuca rubra,Temperate,Los cazadores,310821-02,4.23
Festuca rubra,Temperate,Los cazadores,310821-02,4.97
Festuca rubra,Temperate,Los cazadores,310821-02,4.95
Festuca rubra,Temperate,Los cazadores,310821-02,4.96
Festuca rubra,Temperate,Los cazadores,310821-02,8.84
Festuca rubra,Temperate,Los cazadores,310821-02,7.86
Festuca rubra,Temperate,Los cazadores,310821-02,8.92
Festuca rubra,Temperate,Los cazadores,310821-02,10.69
Festuca rubra,Temperate,Los cazadores,310821-02,7.1
Galium pyrenaicum,Temperate,Hou sin tierri,310822-03,41
Galium pyrenaicum,Temperate,Hou sin tierri,310822-03,44
Galium pyrenaicum,Temperate,Hou sin tierri,310822-03,40
Galium pyrenaicum,Temperate,Hou sin tierri,310822-03,38
Galium pyrenaicum,Temperate,Hou sin tierri,310822-03,45
Galium pyrenaicum,Temperate,Hou sin tierri,310822-03,41
Galium pyrenaicum,Temperate,Hou sin tierri,310822-03,37
Galium pyrenaicum,Temperate,Hou sin tierri,310822-03,40
Galium pyrenaicum,Temperate,Hou sin tierri,310822-03,38
Galium pyrenaicum,Temperate,Hou sin tierri,310822-03,40
Gentiana verna,Temperate,Hou sin tierri,130921-06,4.7
Gentiana verna,Temperate,Hou sin tierri,130921-06,3.2
Gentiana verna,Temperate,Hou sin tierri,130921-06,4.83
Gentiana verna,Temperate,Hou sin tierri,130921-06,5.08
Gentiana verna,Temperate,Hou sin tierri,130921-06,6.07
Gentiana verna,Temperate,Los boches,140921-06,4.91
Gentiana verna,Temperate,Los boches,140921-06,5
Gentiana verna,Temperate,Los boches,140921-06,5.1
Gentiana verna,Temperate,Los boches,140921-06,3.86
Gentiana verna,Temperate,Los boches,140921-06,7.11
Gentianella campestris,Temperate,Los cazadores,300921-03,5.11
Gentianella campestris,Temperate,Los cazadores,300921-03,4.51
Gentianella campestris,Temperate,Los cazadores,300921-03,4.98
Gentianella campestris,Temperate,Los cazadores,300921-03,4.65
Gentianella campestris,Temperate,Los cazadores,300921-03,4.72
Gentianella campestris,Temperate,Los cazadores,300921-03,5.25
Gentianella campestris,Temperate,Los cazadores,300921-03,4.61
Gentianella campestris,Temperate,Los cazadores,300921-03,4.35
Gentianella campestris,Temperate,Los cazadores,300921-03,4.56
Gentianella campestris,Temperate,Los cazadores,300921-03,4.31
Gypsophila repens,Temperate,Los cazadores,310821-08,19
Gypsophila repens,Temperate,Los cazadores,310821-08,24
Gypsophila repens,Temperate,Los cazadores,310821-08,19
Gypsophila repens,Temperate,Los cazadores,310821-08,19
Gypsophila repens,Temperate,Los cazadores,310821-08,20
Gypsophila repens,Temperate,Hou sin tierri,190822-10,29
Gypsophila repens,Temperate,Hou sin tierri,190822-10,30
Gypsophila repens,Temperate,Hou sin tierri,190822-10,29
Gypsophila repens,Temperate,Hou sin tierri,190822-10,29
Gypsophila repens,Temperate,Hou sin tierri,190822-10,27
Helianthemum canum,Temperate,Hoyo sin tierra,300821-05,29
Helianthemum canum,Temperate,Hoyo sin tierra,300821-05,32
Helianthemum canum,Temperate,Hoyo sin tierra,300821-05,32
Helianthemum canum,Temperate,Hoyo sin tierra,300821-05,33
Helianthemum canum,Temperate,Hoyo sin tierra,300821-05,33
Helianthemum canum,Temperate,Los cazadores,310821-05,20
Helianthemum canum,Temperate,Los cazadores,310821-05,24
Helianthemum canum,Temperate,Los cazadores,310821-05,22
Helianthemum canum,Temperate,Los cazadores,310821-05,30
Helianthemum canum,Temperate,Los cazadores,310821-05,30
Helianthemum urrielense,Temperate,Hou sin tierri,130921-05,45
Helianthemum urrielense,Temperate,Hou sin tierri,130921-05,47
Helianthemum urrielense,Temperate,Hou sin tierri,130921-05,41
Helianthemum urrielense,Temperate,Hou sin tierri,130921-05,44
Helianthemum urrielense,Temperate,Hou sin tierri,130921-05,42
Helianthemum urrielense,Temperate,Los boches,140921-04,23
Helianthemum urrielense,Temperate,Los boches,140921-04,27
Helianthemum urrielense,Temperate,Los boches,140921-04,22
Helianthemum urrielense,Temperate,Los boches,140921-04,26
Helianthemum urrielense,Temperate,Los boches,140921-04,21
Iberis carnosa,Temperate,Hoyo sin tierra,210823-13,74.45
Iberis carnosa,Temperate,Hoyo sin tierra,210823-13,77.08
Iberis carnosa,Temperate,Hoyo sin tierra,210823-13,74.14
Iberis carnosa,Temperate,Hoyo sin tierra,210823-13,83.17
Iberis carnosa,Temperate,Hoyo sin tierra,210823-13,73.33
Iberis carnosa,Temperate,Hoyo sin tierra,210823-13,73.14
Iberis carnosa,Temperate,Hoyo sin tierra,210823-13,73.11
Iberis carnosa,Temperate,Hoyo sin tierra,210823-13,73.35
Iberis carnosa,Temperate,Hoyo sin tierra,210823-13,73.2
Iberis carnosa,Temperate,Hoyo sin tierra,210823-13,76.57
Jasione cavanillesii,Temperate,Los boches,230822-02,5.83
Jasione cavanillesii,Temperate,Los boches,230822-02,5.64
Jasione cavanillesii,Temperate,Los boches,230822-02,5.47
Jasione cavanillesii,Temperate,Los boches,230822-02,5.46
Jasione cavanillesii,Temperate,Los boches,230822-02,5.68
Jasione cavanillesii,Temperate,Los boches,230822-02,5.46
Jasione cavanillesii,Temperate,Los boches,230822-02,5.53
Jasione cavanillesii,Temperate,Los boches,230822-02,5.45
Jasione cavanillesii,Temperate,Los boches,230822-02,5.71
Jasione cavanillesii,Temperate,Los boches,230822-02,5.8
Jurinea humilis,Temperate,Hoyo sin tierra,210823-09,267.01
Jurinea humilis,Temperate,Hoyo sin tierra,210823-09,254.32
Kobresia myosuroides,Temperate,Hou sin tierri,130921-03,27
Kobresia myosuroides,Temperate,Hou sin tierri,130921-03,34
Kobresia myosuroides,Temperate,Hou sin tierri,130921-03,41
Kobresia myosuroides,Temperate,Hou sin tierri,130921-03,46
Kobresia myosuroides,Temperate,Hou sin tierri,130921-03,36
Kobresia myosuroides,Temperate,Hou sin tierri,130921-03,51
Kobresia myosuroides,Temperate,Hou sin tierri,130921-03,46
Kobresia myosuroides,Temperate,Hou sin tierri,130921-03,36
Kobresia myosuroides,Temperate,Hou sin tierri,130921-03,44
Kobresia myosuroides,Temperate,Hou sin tierri,130921-03,52
Koeleria vallesiana,Temperate,Hoyo sin tierra,300821-02,41
Koeleria vallesiana,Temperate,Hoyo sin tierra,300821-02,44
Koeleria vallesiana,Temperate,Hoyo sin tierra,300821-02,45
Koeleria vallesiana,Temperate,Hoyo sin tierra,300821-02,40
Koeleria vallesiana,Temperate,Hoyo sin tierra,300821-02,40
Koeleria vallesiana,Temperate,Los cazadores,310821-09,21
Koeleria vallesiana,Temperate,Los cazadores,310821-09,24
Koeleria vallesiana,Temperate,Los cazadores,310821-09,25
Koeleria vallesiana,Temperate,Los cazadores,310821-09,24
Koeleria vallesiana,Temperate,Los cazadores,310821-09,24
Linaria alpina,Temperate,Hou sin tierri,190822-01,20
Linaria alpina,Temperate,Hou sin tierri,190822-01,22
Linaria alpina,Temperate,Hou sin tierri,190822-01,22
Linaria alpina,Temperate,Hou sin tierri,190822-01,24
Linaria alpina,Temperate,Hou sin tierri,190822-01,19
Minuartia CF,Temperate,Los cazadores,310821-10,4.07
Minuartia CF,Temperate,Los cazadores,310821-10,4.24
Minuartia CF,Temperate,Los cazadores,310821-10,4.17
Minuartia CF,Temperate,Los cazadores,310821-10,3.78
Minuartia CF,Temperate,Los cazadores,310821-10,4.78
Minuartia CF,Temperate,Los cazadores,310821-10,5.01
Minuartia CF,Temperate,Los cazadores,310821-10,5.04
Minuartia CF,Temperate,Los cazadores,310821-10,4.66
Minuartia CF,Temperate,Los cazadores,310821-10,5.11
Minuartia CF,Temperate,Los cazadores,310821-10,4.91
Minuartia verna,Temperate,Hoyo sin tierra,300821-06,24
Minuartia verna,Temperate,Hoyo sin tierra,300821-06,22
Minuartia verna,Temperate,Hoyo sin tierra,300821-06,23
Minuartia verna,Temperate,Hoyo sin tierra,300821-06,24
Minuartia verna,Temperate,Hoyo sin tierra,300821-06,24
Minuartia verna,Temperate,Hoyo sin tierra,300821-06,26
Minuartia verna,Temperate,Hoyo sin tierra,300821-06,25
Minuartia verna,Temperate,Hoyo sin tierra,300821-06,27
Minuartia verna,Temperate,Hoyo sin tierra,300821-06,26
Minuartia verna,Temperate,Hoyo sin tierra,300821-06,28
Pedicularis pyrenaica,Temperate,Hou sin tierri,130921-04,33
Pedicularis pyrenaica,Temperate,Hou sin tierri,130921-04,36
Pedicularis pyrenaica,Temperate,Hou sin tierri,130921-04,36
Pedicularis pyrenaica,Temperate,Hou sin tierri,130921-04,39
Pedicularis pyrenaica,Temperate,Los cazadores,300822-02,40
Pedicularis pyrenaica,Temperate,Los cazadores,300822-02,36
Pedicularis pyrenaica,Temperate,Los cazadores,300822-02,37
Pedicularis pyrenaica,Temperate,Los cazadores,300822-02,35
Pedicularis pyrenaica,Temperate,Los cazadores,300822-02,35
Pedicularis pyrenaica,Temperate,Los cazadores,300822-02,36
Pedicularis pyrenaica,Temperate,Los cazadores,300822-02,36
Phyteuma orbiculare,Temperate,Hoyo sin tierra,210823-07,7.69
Phyteuma orbiculare,Temperate,Los cazadores,010923-02,5.04
Phyteuma orbiculare,Temperate,Los cazadores,010923-02,6.73
Phyteuma orbiculare,Temperate,Los cazadores,010923-02,4.51
Phyteuma orbiculare,Temperate,Los cazadores,010923-02,5.23
Phyteuma orbiculare,Temperate,Los cazadores,010923-02,5.35
Phyteuma orbiculare,Temperate,Los cazadores,010923-02,5.69
Phyteuma orbiculare,Temperate,Los cazadores,010923-02,6.93
Phyteuma orbiculare,Temperate,Los cazadores,010923-02,5.12
Phyteuma orbiculare,Temperate,Los cazadores,010923-02,4.38
Plantago alpina,Temperate,Hou sin tierri,190822-07,20
Plantago alpina,Temperate,Hou sin tierri,190822-07,20
Plantago alpina,Temperate,Hou sin tierri,190822-07,16
Plantago alpina,Temperate,Hou sin tierri,190822-07,19
Plantago alpina,Temperate,Hou sin tierri,190822-07,21
Plantago alpina,Temperate,Hou sin tierri,190822-07,18
Plantago alpina,Temperate,Hou sin tierri,190822-07,20
Plantago alpina,Temperate,Hou sin tierri,190822-07,19
Plantago alpina,Temperate,Hou sin tierri,190822-07,19
Plantago alpina,Temperate,Hou sin tierri,190822-07,21
Plantago alpina,Temperate,Hou sin tierri,190822-07,20
Plantago alpina,Temperate,Hou sin tierri,190822-07,20
Plantago alpina,Temperate,Hou sin tierri,190822-07,16
Plantago alpina,Temperate,Hou sin tierri,190822-07,19
Plantago alpina,Temperate,Hou sin tierri,190822-07,21
Plantago alpina,Temperate,Hou sin tierri,190822-07,18
Plantago alpina,Temperate,Hou sin tierri,190822-07,20
Plantago alpina,Temperate,Hou sin tierri,190822-07,19
Plantago alpina,Temperate,Hou sin tierri,190822-07,19
Plantago alpina,Temperate,Hou sin tierri,190822-07,21
Salix breviserrata,Temperate,Los boches,140722-01,4.24
Salix breviserrata,Temperate,Los boches,140722-01,3.91
Salix breviserrata,Temperate,Los boches,140722-01,4.31
Salix breviserrata,Temperate,Los boches,140722-01,4.31
Salix breviserrata,Temperate,Los boches,140722-01,4.07
Salix breviserrata,Temperate,Boches,140722-01,4.23
Salix breviserrata,Temperate,Boches,140722-01,4.04
Salix breviserrata,Temperate,Boches,140722-01,4.02
Salix breviserrata,Temperate,Boches,140722-01,4.15
Salix breviserrata,Temperate,Boches,140722-01,4.12
Saxifraga conifera,Temperate,Hoyo sin tierra,120722-01,2.35
Saxifraga conifera,Temperate,Hoyo sin tierra,120722-01,2.02
Saxifraga conifera,Temperate,Hoyo sin tierra,120722-01,2.39
Saxifraga conifera,Temperate,Hoyo sin tierra,120722-01,2.27
Saxifraga conifera,Temperate,Hoyo sin tierra,120722-01,2.13
Saxifraga conifera,Temperate,Hoyo sin tierra,120722-01,2.45
Saxifraga conifera,Temperate,Hoyo sin tierra,120722-01,2.31
Saxifraga conifera,Temperate,Hoyo sin tierra,120722-01,2.47
Saxifraga conifera,Temperate,Hoyo sin tierra,120722-01,2.29
Saxifraga conifera,Temperate,Hoyo sin tierra,120722-01,2.07
Saxifraga oppositifolia,Temperate,Hou sin tierri,190822-05,5.2
Saxifraga oppositifolia,Temperate,Hou sin tierri,190822-05,5.29
Saxifraga oppositifolia,Temperate,Hou sin tierri,190822-05,5.31
Saxifraga oppositifolia,Temperate,Hou sin tierri,190822-05,5.32
Saxifraga oppositifolia,Temperate,Hou sin tierri,190822-05,5.37
Saxifraga oppositifolia,Temperate,Hou sin tierri,190822-05,5.03
Saxifraga oppositifolia,Temperate,Hou sin tierri,190822-05,5.32
Saxifraga oppositifolia,Temperate,Hou sin tierri,190822-05,5.43
Saxifraga oppositifolia,Temperate,Hou sin tierri,190822-05,5.1
Saxifraga oppositifolia,Temperate,Hou sin tierri,190822-05,5.17
Saxifraga paniculata,Temperate,Los cazadores,310821-14,3.27
Saxifraga paniculata,Temperate,Los cazadores,310821-14,3.44
Saxifraga paniculata,Temperate,Los cazadores,310821-14,3.3
Saxifraga paniculata,Temperate,Los cazadores,310821-14,3.48
Saxifraga paniculata,Temperate,Los cazadores,310821-14,3.32
Saxifraga paniculata,Temperate,Los cazadores,310821-14,3.81
Saxifraga paniculata,Temperate,Los cazadores,310821-14,3.73
Saxifraga paniculata,Temperate,Los cazadores,310821-14,3.68
Saxifraga paniculata,Temperate,Los cazadores,310821-14,3.92
Saxifraga paniculata,Temperate,Los cazadores,310821-14,3.91
Saxifraga paniculata,Temperate,Los cazadores,300822-06,3.08
Saxifraga paniculata,Temperate,Los cazadores,300822-06,2.63
Scilla verna,Temperate,Los cazadores,310821-06,64
Scilla verna,Temperate,Los cazadores,310821-06,59
Scilla verna,Temperate,Los cazadores,310821-06,60
Scilla verna,Temperate,Los cazadores,310821-06,62
Sedum album,Temperate,Hoyo sin tierra,300821-14,1.16
Sedum album,Temperate,Hoyo sin tierra,300821-14,1.28
Sedum album,Temperate,Hoyo sin tierra,300821-14,1.59
Sedum album,Temperate,Hoyo sin tierra,300821-14,1.58
Sedum album,Temperate,Hoyo sin tierra,300821-14,1.49
Sedum atratum,Temperate,Los cazadores,300822-07,1.63
Sedum atratum,Temperate,Los cazadores,300822-07,1.58
Sedum atratum,Temperate,Los cazadores,300822-07,1.73
Sedum atratum,Temperate,Los cazadores,300822-07,1.62
Sedum atratum,Temperate,Los cazadores,300822-07,1.86
Sedum atratum,Temperate,Hou sin tierri,310822-05,1.47
Sedum atratum,Temperate,Hou sin tierri,310822-05,1.73
Sedum atratum,Temperate,Hou sin tierri,310822-05,1.42
Sedum atratum,Temperate,Hou sin tierri,310822-05,1.78
Sedum atratum,Temperate,Hou sin tierri,310822-05,1.52
Sempervivum vicentei,Temperate,Los cazadores,300822-08,2.12
Sempervivum vicentei,Temperate,Los cazadores,300822-08,2.24
Sempervivum vicentei,Temperate,Los cazadores,300822-08,2.12
Sempervivum vicentei,Temperate,Los cazadores,300822-08,1.98
Sempervivum vicentei,Temperate,Los cazadores,300822-08,2.19
Sempervivum vicentei,Temperate,Hoyo sin tierra,210823-02,1.63
Sempervivum vicentei,Temperate,Hoyo sin tierra,210823-02,1.96
Sempervivum vicentei,Temperate,Hoyo sin tierra,210823-02,1.78
Sempervivum vicentei,Temperate,Hoyo sin tierra,210823-02,1.81
Sempervivum vicentei,Temperate,Hoyo sin tierra,210823-02,2.12
Sesleria caerula,Temperate,Los cazadores,010923-04,32.44
Sesleria caerula,Temperate,Los cazadores,010923-04,43.46
Sesleria caerula,Temperate,Los cazadores,010923-04,46.86
Silene acaulis,Temperate,Hou sin tierri,130921-07,20
Silene acaulis,Temperate,Hou sin tierri,130921-07,16
Silene acaulis,Temperate,Hou sin tierri,130921-07,20
Silene acaulis,Temperate,Hou sin tierri,130921-07,20
Silene acaulis,Temperate,Hou sin tierri,130921-07,19
Silene acaulis,Temperate,Los boches,140921-03,11
Silene acaulis,Temperate,Los boches,140921-03,9
Silene acaulis,Temperate,Los boches,140921-03,12
Silene acaulis,Temperate,Los boches,140921-03,12
Silene acaulis,Temperate,Los boches,140921-03,11
Silene ciliata,Temperate,Hoyo sin tierra,300821-11,11
Silene ciliata,Temperate,Hoyo sin tierra,300821-11,24
Silene ciliata,Temperate,Hoyo sin tierra,300821-11,18
Silene ciliata,Temperate,Hoyo sin tierra,300821-11,18
Silene ciliata,Temperate,Hoyo sin tierra,300821-11,17
Silene ciliata,Temperate,Hoyo sin tierra,300821-11,18
Silene ciliata,Temperate,Hoyo sin tierra,300821-11,21
Silene ciliata,Temperate,Hoyo sin tierra,300821-11,18
Silene ciliata,Temperate,Hoyo sin tierra,300821-11,18
Silene ciliata,Temperate,Hoyo sin tierra,300821-11,16
Thymus praecox,Temperate,Hoyo sin tierra,300821-07,7.35
Thymus praecox,Temperate,Hoyo sin tierra,300821-07,7.8
Thymus praecox,Temperate,Hoyo sin tierra,300821-07,6.65
Thymus praecox,Temperate,Hoyo sin tierra,300821-07,7.38
Thymus praecox,Temperate,Hoyo sin tierra,300821-07,4.94
Thymus praecox,Temperate,Hou sin tierri,130921-10,4.98
Thymus praecox,Temperate,Hou sin tierri,130921-10,5.33
Thymus praecox,Temperate,Hou sin tierri,130921-10,4.05
Thymus praecox,Temperate,Hou sin tierri,130921-10,5.55
Thymus praecox,Temperate,Hou sin tierri,130921-10,4.37
Veronica nummularia,Temperate,Hou sin tierri,190822-06,9
Veronica nummularia,Temperate,Hou sin tierri,190822-06,11
Veronica nummularia,Temperate,Hou sin tierri,190822-06,11
Veronica nummularia,Temperate,Hou sin tierri,190822-06,10
Veronica nummularia,Temperate,Hou sin tierri,190822-06,10
Veronica nummularia,Temperate,Hou sin tierri,190822-06,10
Veronica nummularia,Temperate,Hou sin tierri,190822-06,9
Veronica nummularia,Temperate,Hou sin tierri,190822-06,10
Veronica nummularia,Temperate,Boches,230822-05,11
Veronica nummularia,Temperate,Boches,230822-05,11
