species;treatment;temp;petri;sow_date;initial;cold_strat;D7;D14;D21;D28;D35;D42;empty;fungus
Agrostis tileni;A_alternate_light;15_5;1;21/04/2023;25;0;5;11;1;2;1;0;0;1
Agrostis tileni;A_alternate_light;15_5;2;21/04/2023;25;0;5;6;5;1;0;0;0;1
Agrostis tileni;A_alternate_light;15_5;3;21/04/2023;25;2;5;4;2;1;1;1;1;0
Agrostis tileni;A_alternate_light;15_5;4;21/04/2023;25;0;4;7;1;4;0;1;1;0
Agrostis tileni;B_alternate_dark;15_5;1;21/04/2023;25;;;;;;;10;1;0
Agrostis tileni;B_alternate_dark;15_5;2;21/04/2023;25;;;;;;;11;0;1
Agrostis tileni;B_alternate_dark;15_5;3;21/04/2023;25;;;;;;;13;0;1
Agrostis tileni;B_alternate_dark;15_5;4;21/04/2023;25;;;;;;;8;1;1
Agrostis tileni;C_alternate_WP;15_5;2;21/04/2023;24;0;0;0;2;1;2;1;0;0
Agrostis tileni;C_alternate_WP;15_5;3;21/04/2023;25;0;0;0;1;1;3;1;0;3
Agrostis tileni;C_alternate_WP;15_5;4;21/04/2023;25;0;0;0;1;0;2;0;0;2
Agrostis tileni;C_alternate_WP;15_5;1;21/04/2023;25;1;1;1;1;0;1;1;0;2
Agrostis tileni;D_constant_light;10;1;21/04/2023;25;0;1;12;5;2;1;0;0;0
Agrostis tileni;D_constant_light;10;2;21/04/2023;25;0;2;13;2;3;0;2;0;0
Agrostis tileni;D_constant_light;10;3;21/04/2023;25;1;1;15;4;0;1;0;1;0
Agrostis tileni;D_constant_light;10;4;21/04/2023;25;0;2;17;2;0;0;2;0;0
Androsace villosa;A_alternate_light;22_12;1;10/04/2023;25;0;0;0;2;1;0;0;1;0
Androsace villosa;A_alternate_light;22_12;2;10/04/2023;25;0;0;1;1;0;0;1;0;0
Androsace villosa;A_alternate_light;22_12;3;10/04/2023;25;0;0;0;2;2;0;0;0;0
Androsace villosa;A_alternate_light;22_12;4;10/04/2023;25;0;1;1;1;0;0;0;0;0
Androsace villosa;B_alternate_dark;22_12;1;10/04/2023;25;;;;;;;18;0;0
Androsace villosa;B_alternate_dark;22_12;2;10/04/2023;25;;;;;;;18;0;0
Androsace villosa;B_alternate_dark;22_12;3;10/04/2023;25;;;;;;;14;1;0
Androsace villosa;B_alternate_dark;22_12;4;10/04/2023;25;;;;;;;13;1;1
Androsace villosa;C_alternate_WP;22_12;1;10/04/2023;25;1;0;0;0;0;0;0;1;0
Androsace villosa;C_alternate_WP;22_12;2;10/04/2023;25;0;0;0;0;0;0;0;0;0
Androsace villosa;C_alternate_WP;22_12;3;10/04/2023;25;0;0;0;0;0;0;0;0;0
Androsace villosa;C_alternate_WP;22_12;4;10/04/2023;25;0;0;0;0;0;0;0;0;1
Androsace villosa;D_constant_light;17;1;10/04/2023;25;0;2;3;3;0;0;0;0;0
Androsace villosa;D_constant_light;17;2;10/04/2023;25;0;6;3;0;0;0;0;0;1
Androsace villosa;D_constant_light;17;3;10/04/2023;25;0;6;1;0;0;0;0;0;0
Androsace villosa;D_constant_light;17;4;10/04/2023;25;0;6;4;0;0;0;0;0;1
Anthyllis vulneraria;A_alternate_light;15_5;1;10/04/2023;24;18;0;1;1;0;1;0;0;0
Anthyllis vulneraria;A_alternate_light;15_5;2;10/04/2023;25;11;1;1;2;0;0;0;0;4
Anthyllis vulneraria;A_alternate_light;15_5;3;10/04/2023;25;17;0;0;0;0;0;0;0;1
Anthyllis vulneraria;A_alternate_light;15_5;4;10/04/2023;25;12;2;0;0;0;0;0;2;1
Anthyllis vulneraria;B_alternate_dark;15_5;1;10/04/2023;25;;;;;;;16;0;0
Anthyllis vulneraria;B_alternate_dark;15_5;2;10/04/2023;25;;;;;;;12;0;3
Anthyllis vulneraria;B_alternate_dark;15_5;3;10/04/2023;25;;;;;;;16;0;0
Anthyllis vulneraria;B_alternate_dark;15_5;4;10/04/2023;25;;;;;;;11;0;0
Anthyllis vulneraria;C_alternate_WP;15_5;1;10/04/2023;25;10;0;0;1;0;0;1;2;0
Anthyllis vulneraria;C_alternate_WP;15_5;2;10/04/2023;24;19;1;1;0;0;1;0;2;0
Anthyllis vulneraria;C_alternate_WP;15_5;3;10/04/2023;25;14;0;0;0;0;0;0;0;0
Anthyllis vulneraria;C_alternate_WP;15_5;4;10/04/2023;24;13;0;1;1;1;0;0;2;0
Anthyllis vulneraria;D_constant_light;10;1;10/04/2023;25;15;0;1;0;0;0;1;0;0
Anthyllis vulneraria;D_constant_light;10;2;10/04/2023;25;17;1;0;0;1;0;0;0;0
Anthyllis vulneraria;D_constant_light;10;3;10/04/2023;25;17;0;1;0;0;0;0;0;0
Anthyllis vulneraria;D_constant_light;10;4;10/04/2023;25;14;1;0;0;0;1;0;0;1
Arenaria erinacea;A_alternate_light;22_12;1;11/04/2023;24;0;0;0;0;0;1;0;0;1
Arenaria erinacea;A_alternate_light;22_12;2;11/04/2023;24;0;0;0;0;1;0;0;0;2
Arenaria erinacea;A_alternate_light;22_12;3;11/04/2023;25;0;0;0;0;1;1;2;0;0
Arenaria erinacea;A_alternate_light;22_12;4;11/04/2023;25;0;0;1;1;0;2;0;0;0
Arenaria erinacea;B_alternate_dark;22_12;1;11/04/2023;25;;;;;;;2;2;5
Arenaria erinacea;B_alternate_dark;22_12;2;11/04/2023;25;;;;;;;6;0;0
Arenaria erinacea;B_alternate_dark;22_12;3;11/04/2023;25;;;;;;;8;3;0
Arenaria erinacea;B_alternate_dark;22_12;4;11/04/2023;25;;;;;;;7;1;1
Arenaria erinacea;C_alternate_WP;22_12;1;11/04/2023;25;0;0;0;0;0;0;0;0;2
Arenaria erinacea;C_alternate_WP;22_12;2;11/04/2023;25;0;0;0;0;0;0;0;1;1
Arenaria erinacea;C_alternate_WP;22_12;3;11/04/2023;24;0;0;0;0;0;0;0;1;0
Arenaria erinacea;C_alternate_WP;22_12;4;11/04/2023;25;0;0;0;0;0;0;0;1;1
Arenaria erinacea;D_constant_light;17;1;11/04/2023;24;1;0;0;0;0;0;0;0;1
Arenaria erinacea;D_constant_light;17;2;11/04/2023;25;0;0;0;0;0;0;0;1;0
Arenaria erinacea;D_constant_light;17;3;11/04/2023;25;2;0;2;0;0;0;0;1;0
Arenaria erinacea;D_constant_light;17;4;11/04/2023;25;0;0;2;1;0;0;0;2;1
Armeria cantabrica;A_alternate_light;22_12;1;13/04/2023;25;0;4;4;3;1;0;1;5;1
Armeria cantabrica;A_alternate_light;22_12;2;13/04/2023;25;0;6;7;1;1;0;0;4;2
Armeria cantabrica;A_alternate_light;22_12;3;13/04/2023;23;0;5;9;2;1;0;0;0;0
Armeria cantabrica;A_alternate_light;22_12;4;13/04/2023;25;0;0;9;3;0;1;2;4;2
Armeria cantabrica;B_alternate_dark;22_12;1;13/04/2023;25;;;;;;;13;4;2
Armeria cantabrica;B_alternate_dark;22_12;2;13/04/2023;25;;;;;;;14;3;1
Armeria cantabrica;B_alternate_dark;22_12;3;13/04/2023;25;;;;;;;15;8;0
Armeria cantabrica;B_alternate_dark;22_12;4;13/04/2023;25;;;;;;;16;3;0
Armeria cantabrica;C_alternate_WP;22_12;1;13/04/2023;25;0;0;0;0;0;1;0;6;2
Armeria cantabrica;C_alternate_WP;22_12;2;13/04/2023;25;0;0;0;0;0;0;0;10;0
Armeria cantabrica;C_alternate_WP;22_12;3;13/04/2023;25;0;0;0;0;0;0;0;8;4
Armeria cantabrica;C_alternate_WP;22_12;4;13/04/2023;25;0;0;1;0;0;0;0;6;1
Armeria cantabrica;D_constant_light;17;1;13/04/2023;25;0;4;11;1;0;1;0;3;2
Armeria cantabrica;D_constant_light;17;2;13/04/2023;24;0;8;4;1;0;1;0;4;2
Armeria cantabrica;D_constant_light;17;3;13/04/2023;25;0;9;6;1;2;0;0;2;3
Armeria cantabrica;D_constant_light;17;4;13/04/2023;25;0;16;4;0;0;0;0;4;0
Armeria duriaei;A_alternate_light;22_12;1;13/04/2023;25;0;0;0;0;0;0;1;0;1
Armeria duriaei;A_alternate_light;22_12;2;13/04/2023;25;0;0;0;0;0;0;2;0;0
Armeria duriaei;A_alternate_light;22_12;3;13/04/2023;25;0;0;0;0;0;0;1;0;1
Armeria duriaei;A_alternate_light;22_12;4;13/04/2023;25;0;0;0;0;2;0;1;0;0
Armeria duriaei;B_alternate_dark;22_12;1;13/04/2023;25;;;;;;;0;0;0
Armeria duriaei;B_alternate_dark;22_12;2;13/04/2023;25;;;;;;;0;0;0
Armeria duriaei;B_alternate_dark;22_12;3;13/04/2023;25;;;;;;;0;2;0
Armeria duriaei;B_alternate_dark;22_12;4;13/04/2023;25;;;;;;;0;0;1
Armeria duriaei;C_alternate_WP;22_12;1;13/04/2023;25;0;0;0;0;0;0;0;0;0
Armeria duriaei;C_alternate_WP;22_12;2;13/04/2023;25;0;0;0;0;0;0;0;0;0
Armeria duriaei;C_alternate_WP;22_12;3;13/04/2023;25;0;0;0;0;0;0;0;0;0
Armeria duriaei;C_alternate_WP;22_12;4;13/04/2023;25;0;0;0;0;0;0;0;0;1
Armeria duriaei;D_constant_light;17;1;13/04/2023;25;0;3;0;0;2;6;2;1;0
Armeria duriaei;D_constant_light;17;2;13/04/2023;25;0;1;0;1;0;3;7;0;0
Armeria duriaei;D_constant_light;17;3;13/04/2023;25;0;5;1;3;1;2;4;0;0
Armeria duriaei;D_constant_light;17;4;13/04/2023;25;0;2;1;1;1;4;9;1;0
Avenella flexuosa;A_alternate_light;22_12;1;21/04/2023;20;11;0;0;0;0;0;0;0;9
Avenella flexuosa;A_alternate_light;22_12;2;21/04/2023;20;17;0;0;0;0;0;0;0;2
Avenella flexuosa;A_alternate_light;22_12;3;21/04/2023;20;16;0;0;0;0;0;0;0;1
Avenella flexuosa;B_alternate_dark;22_12;1;21/04/2023;20;;;;;;;13;0;4
Avenella flexuosa;B_alternate_dark;22_12;2;21/04/2023;20;;;;;;;15;0;4
Avenella flexuosa;B_alternate_dark;22_12;3;21/04/2023;20;;;;;;;14;3;2
Avenella flexuosa;C_alternate_WP;22_12;1;21/04/2023;20;17;0;0;0;0;0;0;0;0
Avenella flexuosa;C_alternate_WP;22_12;2;21/04/2023;20;20;;;;;;;0;0
Avenella flexuosa;C_alternate_WP;22_12;3;21/04/2023;20;15;0;0;0;0;0;0;0;5
Avenella flexuosa;D_constant_light;17;1;21/04/2023;20;13;0;0;0;0;0;0;3;3
Avenella flexuosa;D_constant_light;17;2;21/04/2023;20;14;0;0;0;0;0;0;1;4
Avenella flexuosa;D_constant_light;17;3;21/04/2023;18;14;0;0;0;0;0;0;0;4
Carex sempervirens;A_alternate_light;22_12;1;13/04/2023;25;0;0;7;11;3;1;0;1;0
Carex sempervirens;A_alternate_light;22_12;2;13/04/2023;25;0;0;14;5;1;1;0;0;0
Carex sempervirens;A_alternate_light;22_12;3;13/04/2023;25;0;0;13;4;3;1;0;0;1
Carex sempervirens;A_alternate_light;22_12;4;13/04/2023;25;0;0;8;13;0;0;0;0;1
Carex sempervirens;B_alternate_dark;22_12;1;13/04/2023;25;;;;;;;2;1;0
Carex sempervirens;B_alternate_dark;22_12;2;13/04/2023;25;;;;;;;5;0;1
Carex sempervirens;B_alternate_dark;22_12;3;13/04/2023;25;;;;;;;10;2;0
Carex sempervirens;B_alternate_dark;22_12;4;13/04/2023;25;;;;;;;8;0;1
Carex sempervirens;C_alternate_WP;22_12;1;13/04/2023;25;0;0;0;0;0;0;0;1;2
Carex sempervirens;C_alternate_WP;22_12;2;13/04/2023;25;0;0;0;0;0;0;0;2;1
Carex sempervirens;C_alternate_WP;22_12;3;13/04/2023;25;0;0;0;0;0;0;1;2;4
Carex sempervirens;C_alternate_WP;22_12;4;13/04/2023;25;0;0;0;0;1;0;0;2;1
Carex sempervirens;D_constant_light;17;1;13/04/2023;25;0;0;12;4;1;0;0;3;1
Carex sempervirens;D_constant_light;17;2;13/04/2023;25;0;0;10;8;2;0;0;0;2
Carex sempervirens;D_constant_light;17;3;13/04/2023;25;0;0;12;3;3;0;0;2;1
Carex sempervirens;D_constant_light;17;4;13/04/2023;25;0;0;8;4;2;4;0;0;2
Cerastium ramosissimum;A_alternate_light;22_12;1;13/04/2023;24;4;0;0;0;0;0;0;1;0
Cerastium ramosissimum;A_alternate_light;22_12;2;13/04/2023;25;4;0;0;0;0;0;0;1;0
Cerastium ramosissimum;A_alternate_light;22_12;3;13/04/2023;24;6;0;0;0;0;0;0;1;0
Cerastium ramosissimum;A_alternate_light;22_12;4;13/04/2023;23;4;0;0;0;0;0;0;4;0
Cerastium ramosissimum;B_alternate_dark;22_12;1;13/04/2023;25;;;;;;;3;3;2
Cerastium ramosissimum;B_alternate_dark;22_12;2;13/04/2023;25;;;;;;;7;3;0
Cerastium ramosissimum;B_alternate_dark;22_12;3;13/04/2023;25;;;;;;;2;7;0
Cerastium ramosissimum;B_alternate_dark;22_12;4;13/04/2023;25;;;;;;;3;3;1
Cerastium ramosissimum;C_alternate_WP;22_12;1;13/04/2023;24;3;0;0;0;0;0;0;3;0
Cerastium ramosissimum;C_alternate_WP;22_12;2;13/04/2023;25;4;0;0;0;0;0;0;3;1
Cerastium ramosissimum;C_alternate_WP;22_12;3;13/04/2023;24;6;0;0;0;0;0;0;1;2
Cerastium ramosissimum;C_alternate_WP;22_12;4;13/04/2023;25;3;0;0;0;0;0;0;2;1
Cerastium ramosissimum;D_constant_light;17;1;13/04/2023;24;7;0;0;0;0;0;0;1;0
Cerastium ramosissimum;D_constant_light;17;2;13/04/2023;24;5;0;0;0;0;0;0;2;0
Cerastium ramosissimum;D_constant_light;17;3;13/04/2023;25;2;0;0;0;0;0;0;4;0
Cerastium ramosissimum;D_constant_light;17;4;13/04/2023;25;5;0;0;0;0;0;0;1;0
Conopodium majus;A_alternate_light;15_5;1;10/04/2023;25;13;0;0;0;0;0;0;3;3
Conopodium majus;A_alternate_light;15_5;2;10/04/2023;25;14;1;0;0;0;0;0;1;0
Conopodium majus;A_alternate_light;15_5;3;10/04/2023;25;13;0;0;0;0;0;0;1;2
Conopodium majus;A_alternate_light;15_5;4;10/04/2023;25;12;0;0;0;0;0;0;3;4
Conopodium majus;B_alternate_dark;15_5;1;10/04/2023;25;;;;;;;14;0;1
Conopodium majus;B_alternate_dark;15_5;2;10/04/2023;25;;;;;;;10;1;0
Conopodium majus;B_alternate_dark;15_5;3;10/04/2023;25;;;;;;;8;0;1
Conopodium majus;B_alternate_dark;15_5;4;10/04/2023;25;;;;;;;13;0;0
Conopodium majus;C_alternate_WP;15_5;1;10/04/2023;24;15;0;0;0;0;0;0;2;0
Conopodium majus;C_alternate_WP;15_5;2;10/04/2023;25;17;0;0;0;0;0;0;2;2
Conopodium majus;C_alternate_WP;15_5;3;10/04/2023;24;15;0;0;0;0;0;0;0;1
Conopodium majus;C_alternate_WP;15_5;4;10/04/2023;25;11;0;0;0;0;0;0;2;0
Conopodium majus;D_constant_light;10;1;10/04/2023;25;18;1;0;1;0;0;0;2;0
Conopodium majus;D_constant_light;10;2;10/04/2023;25;20;1;1;0;0;0;0;0;1
Conopodium majus;D_constant_light;10;3;10/04/2023;25;13;0;0;0;0;0;0;3;3
Conopodium majus;D_constant_light;10;4;10/04/2023;25;14;1;0;0;0;1;0;1;1
Dianthus langeanus;A_alternate_light;22_12;1;12/04/2023;25;8;17;;;;;;0;0
Dianthus langeanus;A_alternate_light;22_12;2;12/04/2023;25;4;21;;;;;;0;0
Dianthus langeanus;A_alternate_light;22_12;3;12/04/2023;25;7;18;;;;;;0;0
Dianthus langeanus;A_alternate_light;22_12;4;12/04/2023;25;6;19;;;;;;0;0
Dianthus langeanus;B_alternate_dark;22_12;1;12/04/2023;25;;;;;;;25;0;0
Dianthus langeanus;B_alternate_dark;22_12;2;12/04/2023;25;;;;;;;24;0;0
Dianthus langeanus;B_alternate_dark;22_12;3;12/04/2023;25;;;;;;;23;0;0
Dianthus langeanus;B_alternate_dark;22_12;4;12/04/2023;25;;;;;;;24;0;0
Dianthus langeanus;C_alternate_WP;22_12;1;12/04/2023;25;7;8;3;0;1;0;0;0;0
Dianthus langeanus;C_alternate_WP;22_12;2;12/04/2023;25;9;10;0;0;0;0;0;0;0
Dianthus langeanus;C_alternate_WP;22_12;3;12/04/2023;25;9;14;0;0;0;0;0;0;0
Dianthus langeanus;C_alternate_WP;22_12;4;12/04/2023;25;4;18;1;0;0;0;0;0;1
Dianthus langeanus;D_constant_light;17;1;12/04/2023;25;8;17;;;;;;0;0
Dianthus langeanus;D_constant_light;17;2;12/04/2023;25;9;15;0;0;0;0;0;0;0
Dianthus langeanus;D_constant_light;17;3;12/04/2023;25;3;20;0;0;1;0;0;0;0
Dianthus langeanus;D_constant_light;17;4;12/04/2023;25;5;20;;;;;;0;0
Erigeron alpinus;A_alternate_light;15_5;1;21/04/2023;25;0;17;2;0;0;1;0;0;3
Erigeron alpinus;A_alternate_light;15_5;2;21/04/2023;25;0;16;5;1;1;0;1;0;0
Erigeron alpinus;A_alternate_light;15_5;3;21/04/2023;22;0;9;4;2;2;0;0;0;4
Erigeron alpinus;B_alternate_dark;15_5;1;21/04/2023;25;;;;;;;16;0;2
Erigeron alpinus;B_alternate_dark;15_5;2;21/04/2023;25;;;;;;;20;0;0
Erigeron alpinus;B_alternate_dark;15_5;3;21/04/2023;25;;;;;;;21;0;1
Erigeron alpinus;C_alternate_WP;15_5;1;21/04/2023;25;0;5;6;0;1;1;0;0;5
Erigeron alpinus;C_alternate_WP;15_5;2;21/04/2023;25;0;0;4;2;2;0;3;0;2
Erigeron alpinus;C_alternate_WP;15_5;3;21/04/2023;25;0;1;2;0;2;0;0;0;2
Erigeron alpinus;D_constant_light;10;1;21/04/2023;25;0;11;6;0;0;0;0;0;2
Erigeron alpinus;D_constant_light;10;2;21/04/2023;23;0;14;4;0;0;1;1;0;2
Erigeron alpinus;D_constant_light;10;3;21/04/2023;25;0;16;2;1;0;0;0;2;2
Euphrasia salisburgensis;A_alternate_light;15_5;1;13/04/2023;25;0;0;0;0;0;0;0;0;1
Euphrasia salisburgensis;A_alternate_light;15_5;2;13/04/2023;25;0;0;0;0;0;0;0;0;1
Euphrasia salisburgensis;A_alternate_light;15_5;3;13/04/2023;25;0;0;0;0;0;0;0;0;3
Euphrasia salisburgensis;A_alternate_light;15_5;4;13/04/2023;25;0;0;0;0;0;0;0;0;8
Euphrasia salisburgensis;B_alternate_dark;15_5;1;13/04/2023;25;;;;;;;0;0;0
Euphrasia salisburgensis;B_alternate_dark;15_5;2;13/04/2023;25;;;;;;;0;0;0
Euphrasia salisburgensis;B_alternate_dark;15_5;3;13/04/2023;25;;;;;;;0;0;0
Euphrasia salisburgensis;B_alternate_dark;15_5;4;13/04/2023;25;;;;;;;0;0;5
Euphrasia salisburgensis;C_alternate_WP;15_5;1;13/04/2023;25;0;0;0;0;0;0;0;0;1
Euphrasia salisburgensis;C_alternate_WP;15_5;2;13/04/2023;25;0;0;0;0;0;0;0;1;1
Euphrasia salisburgensis;C_alternate_WP;15_5;3;13/04/2023;25;0;0;0;0;0;0;0;0;2
Euphrasia salisburgensis;C_alternate_WP;15_5;4;13/04/2023;25;0;0;0;0;0;0;0;0;0
Euphrasia salisburgensis;D_constant_light;10;1;13/04/2023;25;0;0;0;0;0;0;0;0;0
Euphrasia salisburgensis;D_constant_light;10;2;13/04/2023;25;0;0;0;0;0;0;0;0;0
Euphrasia salisburgensis;D_constant_light;10;3;13/04/2023;25;0;0;0;0;0;0;0;1;0
Euphrasia salisburgensis;D_constant_light;10;4;13/04/2023;25;0;0;0;0;0;0;0;0;0
Festuca glacialis;A_alternate_light;22_12;1;11/04/2023;25;0;0;15;4;2;1;1;0;0
Festuca glacialis;A_alternate_light;22_12;2;11/04/2023;25;0;0;13;3;4;2;1;0;0
Festuca glacialis;A_alternate_light;22_12;3;11/04/2023;25;0;0;15;0;5;1;0;1;0
Festuca glacialis;A_alternate_light;22_12;4;11/04/2023;25;0;2;21;1;0;0;0;0;1
Festuca glacialis;B_alternate_dark;22_12;1;11/04/2023;25;;;;;;;25;0;0
Festuca glacialis;B_alternate_dark;22_12;2;11/04/2023;25;;;;;;;25;0;0
Festuca glacialis;B_alternate_dark;22_12;3;11/04/2023;25;;;;;;;25;0;0
Festuca glacialis;B_alternate_dark;22_12;4;11/04/2023;25;;;;;;;24;1;0
Festuca glacialis;C_alternate_WP;22_12;1;11/04/2023;25;0;0;0;0;0;0;0;0;2
Festuca glacialis;C_alternate_WP;22_12;2;11/04/2023;25;0;0;0;0;0;0;0;1;1
Festuca glacialis;C_alternate_WP;22_12;3;11/04/2023;25;0;0;0;0;0;0;0;1;3
Festuca glacialis;C_alternate_WP;22_12;4;11/04/2023;25;0;0;0;0;0;0;0;1;16
Festuca glacialis;D_constant_light;17;1;11/04/2023;23;0;2;19;2;;;;0;0
Festuca glacialis;D_constant_light;17;2;11/04/2023;25;0;7;13;4;0;0;0;1;0
Festuca glacialis;D_constant_light;17;3;11/04/2023;25;0;6;18;1;;;;0;0
Festuca glacialis;D_constant_light;17;4;11/04/2023;25;0;3;18;1;1;1;0;0;0
Festuca rubra;A_alternate_light;22_12;1;13/04/2023;23;0;7;14;0;0;0;0;0;0
Festuca rubra;A_alternate_light;22_12;2;13/04/2023;23;0;12;9;0;0;0;0;0;0
Festuca rubra;B_alternate_dark;22_12;1;13/04/2023;25;;;;;;;22;2;0
Festuca rubra;B_alternate_dark;22_12;2;13/04/2023;25;;;;;;;20;4;0
Festuca rubra;C_alternate_WP;22_12;1;13/04/2023;24;0;0;0;0;0;0;0;0;0
Festuca rubra;C_alternate_WP;22_12;2;13/04/2023;25;0;0;0;0;0;0;0;0;2
Festuca rubra;D_constant_light;17;1;13/04/2023;24;0;22;1;0;0;0;0;0;0
Festuca rubra;D_constant_light;17;2;13/04/2023;21;0;19;1;0;0;0;0;0;0
Festuca summilusitana;A_alternate_light;22_12;1;11/04/2023;25;15;0;0;0;0;0;0;4;6
Festuca summilusitana;A_alternate_light;22_12;2;11/04/2023;23;10;0;0;0;0;0;0;4;5
Festuca summilusitana;A_alternate_light;22_12;3;11/04/2023;25;16;1;0;0;1;0;0;2;4
Festuca summilusitana;A_alternate_light;22_12;4;11/04/2023;24;14;1;0;0;0;1;0;4;2
Festuca summilusitana;B_alternate_dark;22_12;1;11/04/2023;25;;;;;;;13;5;3
Festuca summilusitana;B_alternate_dark;22_12;2;11/04/2023;25;;;;;;;9;8;0
Festuca summilusitana;B_alternate_dark;22_12;3;11/04/2023;25;;;;;;;9;10;0
Festuca summilusitana;B_alternate_dark;22_12;4;11/04/2023;25;;;;;;;10;9;0
Festuca summilusitana;C_alternate_WP;22_12;1;11/04/2023;23;9;0;0;0;0;0;0;4;5
Festuca summilusitana;C_alternate_WP;22_12;2;11/04/2023;24;8;0;0;0;0;0;0;4;4
Festuca summilusitana;C_alternate_WP;22_12;3;11/04/2023;25;13;0;0;1;0;0;0;4;3
Festuca summilusitana;C_alternate_WP;22_12;4;11/04/2023;24;12;0;0;0;0;0;0;3;5
Festuca summilusitana;D_constant_light;17;1;11/04/2023;24;16;0;1;0;0;1;0;4;2
Festuca summilusitana;D_constant_light;17;2;11/04/2023;24;15;0;0;0;0;0;0;4;4
Festuca summilusitana;D_constant_light;17;3;11/04/2023;25;11;0;0;2;0;0;0;5;2
Festuca summilusitana;D_constant_light;17;4;11/04/2023;25;18;0;1;0;0;0;0;2;2
Galium pyrenaicum;A_alternate_light;15_5;1;21/04/2023;25;0;0;0;0;0;0;0;3;1
Galium pyrenaicum;A_alternate_light;15_5;2;21/04/2023;25;0;0;0;0;0;0;0;1;0
Galium pyrenaicum;A_alternate_light;15_5;3;21/04/2023;25;0;0;0;0;0;0;0;1;1
Galium pyrenaicum;A_alternate_light;15_5;4;21/04/2023;25;0;0;0;0;0;0;0;0;1
Galium pyrenaicum;B_alternate_dark;15_5;1;21/04/2023;25;;;;;;;0;3;0
Galium pyrenaicum;B_alternate_dark;15_5;2;21/04/2023;25;;;;;;;0;4;0
Galium pyrenaicum;B_alternate_dark;15_5;3;21/04/2023;25;;;;;;;0;3;0
Galium pyrenaicum;B_alternate_dark;15_5;4;21/04/2023;25;;;;;;;0;2;3
Galium pyrenaicum;C_alternate_WP;15_5;1;21/04/2023;25;0;0;0;0;0;0;0;0;0
Galium pyrenaicum;C_alternate_WP;15_5;2;21/04/2023;25;0;0;0;0;0;0;0;2;0
Galium pyrenaicum;C_alternate_WP;15_5;3;21/04/2023;25;0;0;0;0;0;0;0;0;0
Galium pyrenaicum;C_alternate_WP;15_5;4;21/04/2023;25;0;0;0;0;0;0;0;2;0
Galium pyrenaicum;D_constant_light;10;1;21/04/2023;25;0;0;0;0;1;0;0;0;2
Galium pyrenaicum;D_constant_light;10;2;21/04/2023;25;0;0;0;0;0;0;0;0;0
Galium pyrenaicum;D_constant_light;10;3;21/04/2023;25;0;0;0;0;0;0;0;0;2
Galium pyrenaicum;D_constant_light;10;4;21/04/2023;25;0;0;1;0;0;0;0;1;0
Gentiana verna;A_alternate_light;15_5;1;11/04/2023;25;0;0;0;0;0;0;0;1;0
Gentiana verna;A_alternate_light;15_5;2;11/04/2023;25;0;0;0;0;0;0;0;1;0
Gentiana verna;A_alternate_light;15_5;3;11/04/2023;25;0;0;0;0;0;0;0;1;2
Gentiana verna;A_alternate_light;15_5;4;11/04/2023;25;0;0;0;0;0;0;0;0;2
Gentiana verna;B_alternate_dark;15_5;1;11/04/2023;25;;;;;;;0;2;1
Gentiana verna;B_alternate_dark;15_5;2;11/04/2023;25;;;;;;;0;2;0
Gentiana verna;B_alternate_dark;15_5;3;11/04/2023;25;;;;;;;0;2;0
Gentiana verna;B_alternate_dark;15_5;4;11/04/2023;25;;;;;;;0;3;0
Gentiana verna;C_alternate_WP;15_5;1;11/04/2023;25;0;0;0;0;0;0;0;2;0
Gentiana verna;C_alternate_WP;15_5;2;11/04/2023;25;0;0;0;0;0;0;0;1;0
Gentiana verna;C_alternate_WP;15_5;3;11/04/2023;25;0;0;0;0;0;0;0;0;3
Gentiana verna;C_alternate_WP;15_5;4;11/04/2023;25;0;0;0;0;0;0;0;3;2
Gentiana verna;D_constant_light;10;1;11/04/2023;25;0;0;0;0;0;0;0;2;0
Gentiana verna;D_constant_light;10;2;11/04/2023;25;0;0;0;0;0;0;0;2;2
Gentiana verna;D_constant_light;10;3;11/04/2023;25;0;0;0;0;0;0;0;1;7
Gentiana verna;D_constant_light;10;4;11/04/2023;25;0;0;0;0;0;0;0;1;0
Gentianella campestris;A_alternate_light;15_5;1;13/04/2023;25;0;0;0;0;0;0;0;0;0
Gentianella campestris;A_alternate_light;15_5;2;13/04/2023;25;0;0;0;0;0;0;0;0;0
Gentianella campestris;A_alternate_light;15_5;3;13/04/2023;25;0;0;0;0;0;0;0;0;0
Gentianella campestris;A_alternate_light;15_5;4;13/04/2023;24;0;0;0;0;0;0;0;0;0
Gentianella campestris;B_alternate_dark;15_5;1;13/04/2023;25;;;;;;;0;0;0
Gentianella campestris;B_alternate_dark;15_5;2;13/04/2023;25;;;;;;;0;0;0
Gentianella campestris;B_alternate_dark;15_5;3;13/04/2023;25;;;;;;;0;0;0
Gentianella campestris;B_alternate_dark;15_5;4;13/04/2023;25;;;;;;;0;0;0
Gentianella campestris;C_alternate_WP;15_5;1;13/04/2023;25;0;0;0;0;0;0;0;0;0
Gentianella campestris;C_alternate_WP;15_5;2;13/04/2023;25;0;0;0;0;0;0;0;0;0
Gentianella campestris;C_alternate_WP;15_5;3;13/04/2023;25;0;0;0;0;0;0;0;0;0
Gentianella campestris;C_alternate_WP;15_5;4;13/04/2023;25;0;0;0;0;0;0;0;0;0
Gentianella campestris;D_constant_light;10;1;13/04/2023;24;0;0;0;0;0;0;0;0;0
Gentianella campestris;D_constant_light;10;2;13/04/2023;25;0;0;0;0;0;0;0;0;0
Gentianella campestris;D_constant_light;10;3;13/04/2023;25;0;0;0;0;0;0;0;0;0
Gentianella campestris;D_constant_light;10;4;13/04/2023;25;0;0;0;0;0;0;0;0;0
Gypsophila repens;A_alternate_light;22_12;1;11/04/2023;25;0;25;;;;;;0;0
Gypsophila repens;A_alternate_light;22_12;2;11/04/2023;25;0;23;2;;;;;0;0
Gypsophila repens;A_alternate_light;22_12;3;11/04/2023;25;0;24;1;;;;;0;0
Gypsophila repens;A_alternate_light;22_12;4;11/04/2023;25;0;25;;;;;;0;0
Gypsophila repens;B_alternate_dark;22_12;1;11/04/2023;25;;;;;;;25;0;0
Gypsophila repens;B_alternate_dark;22_12;2;11/04/2023;25;;;;;;;25;0;0
Gypsophila repens;B_alternate_dark;22_12;3;11/04/2023;25;;;;;;;25;0;0
Gypsophila repens;B_alternate_dark;22_12;4;11/04/2023;25;;;;;;;25;0;0
Gypsophila repens;C_alternate_WP;22_12;1;11/04/2023;25;0;0;2;0;0;0;0;0;0
Gypsophila repens;C_alternate_WP;22_12;2;11/04/2023;25;0;0;1;1;0;0;0;0;0
Gypsophila repens;C_alternate_WP;22_12;3;11/04/2023;25;0;0;1;3;0;0;0;0;0
Gypsophila repens;C_alternate_WP;22_12;4;11/04/2023;25;0;0;1;1;0;0;0;0;0
Gypsophila repens;D_constant_light;17;1;11/04/2023;25;0;24;1;;;;;0;0
Gypsophila repens;D_constant_light;17;2;11/04/2023;25;1;22;0;0;0;1;0;0;0
Gypsophila repens;D_constant_light;17;3;11/04/2023;25;0;24;0;0;0;0;0;0;0
Gypsophila repens;D_constant_light;17;4;11/04/2023;25;0;23;2;;;;;0;0
Helianthemum canum;A_alternate_light;15_5;1;12/04/2023;25;15;6;0;0;0;0;0;0;0
Helianthemum canum;A_alternate_light;15_5;2;12/04/2023;25;16;2;0;0;0;0;0;2;1
Helianthemum canum;A_alternate_light;15_5;3;12/04/2023;25;18;0;0;0;0;1;0;0;0
Helianthemum canum;A_alternate_light;15_5;4;12/04/2023;25;15;3;0;0;0;0;0;0;0
Helianthemum canum;B_alternate_dark;15_5;1;12/04/2023;25;;;;;;;20;1;0
Helianthemum canum;B_alternate_dark;15_5;2;12/04/2023;25;;;;;;;21;1;0
Helianthemum canum;B_alternate_dark;15_5;3;12/04/2023;25;;;;;;;19;2;0
Helianthemum canum;B_alternate_dark;15_5;4;12/04/2023;25;;;;;;;21;0;0
Helianthemum canum;C_alternate_WP;15_5;1;12/04/2023;25;14;1;0;0;0;0;0;2;2
Helianthemum canum;C_alternate_WP;15_5;2;12/04/2023;25;9;3;0;0;0;0;0;1;0
Helianthemum canum;C_alternate_WP;15_5;3;12/04/2023;25;8;6;1;0;0;0;0;1;4
Helianthemum canum;C_alternate_WP;15_5;4;12/04/2023;25;14;1;1;0;0;0;0;2;1
Helianthemum canum;D_constant_light;10;1;12/04/2023;25;13;8;0;0;0;0;0;1;1
Helianthemum canum;D_constant_light;10;2;12/04/2023;25;17;5;0;0;0;0;0;0;0
Helianthemum canum;D_constant_light;10;3;12/04/2023;25;16;7;0;0;0;0;0;1;0
Helianthemum canum;D_constant_light;10;4;12/04/2023;25;15;6;0;0;0;0;0;0;0
Helianthemum urrielense;A_alternate_light;22_12;1;12/04/2023;25;0;0;0;0;0;0;0;10;3
Helianthemum urrielense;A_alternate_light;22_12;2;12/04/2023;25;2;0;0;0;0;0;0;5;11
Helianthemum urrielense;A_alternate_light;22_12;3;12/04/2023;25;1;0;0;0;0;0;0;6;2
Helianthemum urrielense;A_alternate_light;22_12;4;12/04/2023;25;2;1;0;0;0;0;0;10;0
Helianthemum urrielense;B_alternate_dark;22_12;1;12/04/2023;25;;;;;;;0;4;4
Helianthemum urrielense;B_alternate_dark;22_12;2;12/04/2023;25;;;;;;;3;1;0
Helianthemum urrielense;B_alternate_dark;22_12;3;12/04/2023;25;;;;;;;3;3;2
Helianthemum urrielense;B_alternate_dark;22_12;4;12/04/2023;25;;;;;;;1;4;1
Helianthemum urrielense;C_alternate_WP;22_12;1;12/04/2023;24;1;0;0;0;0;0;0;4;3
Helianthemum urrielense;C_alternate_WP;22_12;2;12/04/2023;25;0;0;0;0;0;0;0;10;6
Helianthemum urrielense;C_alternate_WP;22_12;3;12/04/2023;25;1;0;0;0;0;0;0;8;0
Helianthemum urrielense;C_alternate_WP;22_12;4;12/04/2023;24;1;0;0;0;0;0;0;7;0
Helianthemum urrielense;D_constant_light;17;1;12/04/2023;25;0;0;0;0;0;0;0;5;5
Helianthemum urrielense;D_constant_light;17;2;12/04/2023;25;0;0;0;0;0;0;0;10;2
Helianthemum urrielense;D_constant_light;17;3;12/04/2023;25;1;0;0;0;0;0;0;4;4
Helianthemum urrielense;D_constant_light;17;4;12/04/2023;25;0;0;0;0;0;0;0;5;8
Helictochloa marginata;A_alternate_light;22_12;1;13/04/2023;20;6;0;0;1;1;0;0;9;1
Helictochloa marginata;A_alternate_light;22_12;2;13/04/2023;20;2;0;0;0;0;0;0;3;1
Helictochloa marginata;A_alternate_light;22_12;3;13/04/2023;20;6;0;0;1;0;0;0;6;0
Helictochloa marginata;A_alternate_light;22_12;4;13/04/2023;20;7;0;0;0;0;0;0;13;0
Helictochloa marginata;B_alternate_dark;22_12;1;13/04/2023;20;;;;;;;6;6;0
Helictochloa marginata;B_alternate_dark;22_12;2;13/04/2023;20;;;;;;;7;10;0
Helictochloa marginata;B_alternate_dark;22_12;3;13/04/2023;20;;;;;;;8;5;1
Helictochloa marginata;B_alternate_dark;22_12;4;13/04/2023;20;;;;;;;8;5;2
Helictochloa marginata;C_alternate_WP;22_12;1;13/04/2023;20;7;0;0;0;0;0;0;9;0
Helictochloa marginata;C_alternate_WP;22_12;2;13/04/2023;18;7;0;0;0;0;0;0;9;4
Helictochloa marginata;C_alternate_WP;22_12;3;13/04/2023;19;8;0;0;0;0;0;0;10;2
Helictochloa marginata;C_alternate_WP;22_12;4;13/04/2023;20;3;0;0;0;0;0;0;8;5
Helictochloa marginata;D_constant_light;17;1;13/04/2023;20;12;0;0;0;0;0;0;4;2
Helictochloa marginata;D_constant_light;17;2;13/04/2023;18;7;0;0;0;0;0;0;5;3
Helictochloa marginata;D_constant_light;17;3;13/04/2023;20;8;0;0;0;0;0;0;6;1
Helictochloa marginata;D_constant_light;17;4;13/04/2023;20;3;0;0;0;0;0;0;9;2
Jasione cavanillesii;A_alternate_light;22_12;1;12/04/2023;25;0;0;0;0;0;0;0;0;0
Jasione cavanillesii;A_alternate_light;22_12;2;12/04/2023;25;0;0;0;0;0;0;0;0;0
Jasione cavanillesii;A_alternate_light;22_12;3;12/04/2023;25;0;0;0;0;0;0;0;0;0
Jasione cavanillesii;A_alternate_light;22_12;4;12/04/2023;25;0;0;0;0;0;0;0;0;0
Jasione cavanillesii;B_alternate_dark;22_12;1;12/04/2023;25;;;;;;;0;0;0
Jasione cavanillesii;B_alternate_dark;22_12;2;12/04/2023;25;;;;;;;0;0;1
Jasione cavanillesii;B_alternate_dark;22_12;3;12/04/2023;25;;;;;;;2;0;0
Jasione cavanillesii;B_alternate_dark;22_12;4;12/04/2023;25;;;;;;;0;0;1
Jasione cavanillesii;C_alternate_WP;22_12;1;12/04/2023;25;0;0;0;0;0;0;0;0;0
Jasione cavanillesii;C_alternate_WP;22_12;2;12/04/2023;25;0;0;0;0;0;0;0;0;0
Jasione cavanillesii;C_alternate_WP;22_12;3;12/04/2023;25;0;0;0;0;0;0;0;0;1
Jasione cavanillesii;C_alternate_WP;22_12;4;12/04/2023;25;0;0;0;0;0;0;0;0;0
Jasione cavanillesii;D_constant_light;17;1;12/04/2023;25;0;0;0;0;0;0;0;0;0
Jasione cavanillesii;D_constant_light;17;2;12/04/2023;25;0;0;0;0;0;0;0;0;0
Jasione cavanillesii;D_constant_light;17;3;12/04/2023;25;0;0;1;0;0;0;0;0;2
Jasione cavanillesii;D_constant_light;17;4;12/04/2023;25;0;0;0;0;0;0;0;0;0
Jasione laevis;A_alternate_light;15_5;1;13/04/2023;25;0;6;2;1;0;0;0;4;2
Jasione laevis;A_alternate_light;15_5;2;13/04/2023;25;0;4;4;1;0;0;0;4;3
Jasione laevis;A_alternate_light;15_5;3;13/04/2023;25;0;1;5;0;0;0;0;7;0
Jasione laevis;A_alternate_light;15_5;4;13/04/2023;25;0;1;4;0;0;0;0;6;2
Jasione laevis;B_alternate_dark;15_5;1;13/04/2023;25;;;;;;;4;7;0
Jasione laevis;B_alternate_dark;15_5;2;13/04/2023;25;;;;;;;3;9;0
Jasione laevis;B_alternate_dark;15_5;3;13/04/2023;25;;;;;;;6;3;3
Jasione laevis;B_alternate_dark;15_5;4;13/04/2023;25;;;;;;;8;2;0
Jasione laevis;C_alternate_WP;15_5;1;13/04/2023;25;0;0;0;2;0;0;0;12;0
Jasione laevis;C_alternate_WP;15_5;2;13/04/2023;25;0;1;0;0;1;0;0;9;1
Jasione laevis;C_alternate_WP;15_5;3;13/04/2023;25;0;0;1;0;1;0;1;10;1
Jasione laevis;C_alternate_WP;15_5;4;13/04/2023;25;0;1;2;0;0;0;0;10;0
Jasione laevis;D_constant_light;10;1;13/04/2023;25;0;0;5;2;0;0;0;10;0
Jasione laevis;D_constant_light;10;2;13/04/2023;25;0;1;1;1;0;0;0;7;0
Jasione laevis;D_constant_light;10;3;13/04/2023;25;0;3;2;0;0;0;0;10;2
Jasione laevis;D_constant_light;10;4;13/04/2023;25;0;0;2;3;0;0;0;6;3
Jurinea humilis;A_alternate_light;15_5;1;10/04/2023;25;17;0;1;0;0;0;0;2;1
Jurinea humilis;A_alternate_light;15_5;2;10/04/2023;25;13;2;0;0;0;0;0;5;3
Jurinea humilis;B_alternate_dark;15_5;1;10/04/2023;25;;;;;;;24;0;0
Jurinea humilis;B_alternate_dark;15_5;2;10/04/2023;25;;;;;;;20;2;3
Jurinea humilis;C_alternate_WP;15_5;1;10/04/2023;25;20;1;1;0;0;0;0;0;0
Jurinea humilis;C_alternate_WP;15_5;2;10/04/2023;25;18;0;0;0;0;0;0;2;2
Jurinea humilis;D_constant_light;10;1;10/04/2023;25;16;5;0;0;0;0;0;2;2
Jurinea humilis;D_constant_light;10;2;10/04/2023;25;18;2;0;0;0;0;0;0;5
Kobresia myosuroides;A_alternate_light;22_12;1;11/04/2023;25;0;0;0;0;0;0;0;1;0
Kobresia myosuroides;A_alternate_light;22_12;2;11/04/2023;25;0;0;0;0;0;0;0;0;0
Kobresia myosuroides;A_alternate_light;22_12;3;11/04/2023;25;0;0;0;0;0;0;0;1;0
Kobresia myosuroides;A_alternate_light;22_12;4;11/04/2023;25;0;0;0;0;0;0;0;0;0
Kobresia myosuroides;B_alternate_dark;22_12;1;11/04/2023;25;;;;;;;0;0;0
Kobresia myosuroides;B_alternate_dark;22_12;2;11/04/2023;25;;;;;;;0;0;0
Kobresia myosuroides;B_alternate_dark;22_12;3;11/04/2023;25;;;;;;;0;1;0
Kobresia myosuroides;B_alternate_dark;22_12;4;11/04/2023;25;;;;;;;0;0;0
Kobresia myosuroides;C_alternate_WP;22_12;1;11/04/2023;25;0;0;0;0;0;0;0;1;0
Kobresia myosuroides;C_alternate_WP;22_12;2;11/04/2023;25;0;0;0;0;0;0;0;0;0
Kobresia myosuroides;C_alternate_WP;22_12;3;11/04/2023;25;0;0;0;0;0;0;0;0;0
Kobresia myosuroides;C_alternate_WP;22_12;4;11/04/2023;25;0;0;0;0;0;0;0;2;0
Kobresia myosuroides;D_constant_light;17;1;11/04/2023;25;0;0;0;0;0;0;0;0;0
Kobresia myosuroides;D_constant_light;17;2;11/04/2023;25;0;0;0;0;0;0;0;2;0
Kobresia myosuroides;D_constant_light;17;3;11/04/2023;25;0;0;0;0;0;0;0;0;0
Kobresia myosuroides;D_constant_light;17;4;11/04/2023;25;0;0;0;0;0;0;0;1;0
Koeleria vallesiana;A_alternate_light;22_12;1;11/04/2023;23;10;6;2;1;2;0;0;1;0
Koeleria vallesiana;A_alternate_light;22_12;2;11/04/2023;25;16;2;4;0;0;1;0;0;0
Koeleria vallesiana;A_alternate_light;22_12;3;11/04/2023;25;18;4;0;0;0;1;0;0;0
Koeleria vallesiana;A_alternate_light;22_12;4;11/04/2023;25;16;3;1;0;0;2;1;0;0
Koeleria vallesiana;B_alternate_dark;22_12;1;11/04/2023;25;;;;;;;24;0;0
Koeleria vallesiana;B_alternate_dark;22_12;2;11/04/2023;25;;;;;;;23;1;0
Koeleria vallesiana;B_alternate_dark;22_12;3;11/04/2023;25;;;;;;;21;3;0
Koeleria vallesiana;B_alternate_dark;22_12;4;11/04/2023;25;;;;;;;23;0;0
Koeleria vallesiana;C_alternate_WP;22_12;1;11/04/2023;21;13;1;0;0;0;0;0;0;2
Koeleria vallesiana;C_alternate_WP;22_12;2;11/04/2023;25;10;0;0;0;0;0;0;3;0
Koeleria vallesiana;C_alternate_WP;22_12;3;11/04/2023;25;12;0;2;0;0;0;0;3;0
Koeleria vallesiana;C_alternate_WP;22_12;4;11/04/2023;23;9;0;0;1;0;0;0;4;0
Koeleria vallesiana;D_constant_light;17;1;11/04/2023;25;13;7;2;0;0;0;0;1;1
Koeleria vallesiana;D_constant_light;17;2;11/04/2023;24;17;2;2;0;0;0;0;1;1
Koeleria vallesiana;D_constant_light;17;3;11/04/2023;25;10;9;2;0;0;0;0;1;0
Koeleria vallesiana;D_constant_light;17;4;11/04/2023;24;14;8;2;;;;;0;0
Linaria alpina;A_alternate_light;22_12;1;21/04/2023;25;0;0;1;1;1;0;0;1;2
Linaria alpina;A_alternate_light;22_12;2;21/04/2023;25;0;0;1;1;0;1;0;3;1
Linaria alpina;A_alternate_light;22_12;3;21/04/2023;25;0;0;0;1;0;0;0;2;1
Linaria alpina;B_alternate_dark;22_12;1;21/04/2023;25;;;;;;;0;0;1
Linaria alpina;B_alternate_dark;22_12;2;21/04/2023;25;;;;;;;0;0;0
Linaria alpina;B_alternate_dark;22_12;3;21/04/2023;25;;;;;;;0;0;4
Linaria alpina;C_alternate_WP;22_12;1;21/04/2023;25;0;0;0;0;0;0;0;1;0
Linaria alpina;C_alternate_WP;22_12;2;21/04/2023;25;0;0;0;0;0;0;0;0;0
Linaria alpina;C_alternate_WP;22_12;3;21/04/2023;25;0;0;0;0;0;0;0;0;2
Linaria alpina;D_constant_light;17;1;21/04/2023;25;0;0;0;0;0;0;0;2;1
Linaria alpina;D_constant_light;17;2;21/04/2023;25;0;0;0;0;0;0;0;2;3
Linaria alpina;D_constant_light;17;3;21/04/2023;25;0;0;0;0;0;0;0;3;1
Luzula caespitosa;A_alternate_light;15_5;1;11/04/2023;25;23;0;0;0;0;0;0;0;0
Luzula caespitosa;A_alternate_light;15_5;2;11/04/2023;25;24;1;;;;;;0;0
Luzula caespitosa;A_alternate_light;15_5;3;11/04/2023;25;23;0;0;0;0;0;0;0;0
Luzula caespitosa;A_alternate_light;15_5;4;11/04/2023;25;25;;;;;;;0;0
Luzula caespitosa;B_alternate_dark;15_5;1;11/04/2023;25;;;;;;;21;0;2
Luzula caespitosa;B_alternate_dark;15_5;2;11/04/2023;25;;;;;;;24;0;0
Luzula caespitosa;B_alternate_dark;15_5;3;11/04/2023;25;;;;;;;23;0;0
Luzula caespitosa;B_alternate_dark;15_5;4;11/04/2023;25;;;;;;;23;0;0
Luzula caespitosa;C_alternate_WP;15_5;1;11/04/2023;25;23;0;0;0;0;0;0;0;0
Luzula caespitosa;C_alternate_WP;15_5;2;11/04/2023;25;24;0;0;0;0;0;0;0;2
Luzula caespitosa;C_alternate_WP;15_5;3;11/04/2023;25;22;0;0;0;0;0;0;0;2
Luzula caespitosa;C_alternate_WP;15_5;4;11/04/2023;25;25;;;;;;;0;0
Luzula caespitosa;D_constant_light;10;1;11/04/2023;25;23;0;0;0;0;0;0;0;0
Luzula caespitosa;D_constant_light;10;2;11/04/2023;25;21;0;0;0;0;0;0;0;0
Luzula caespitosa;D_constant_light;10;3;11/04/2023;25;21;0;0;0;0;0;0;0;1
Luzula caespitosa;D_constant_light;10;4;11/04/2023;25;23;0;0;0;0;0;0;0;1
Minuartia CF;A_alternate_light;15_5;1;11/04/2023;25;0;0;0;1;0;0;0;0;1
Minuartia CF;A_alternate_light;15_5;2;11/04/2023;25;0;0;1;0;1;0;0;2;0
Minuartia CF;A_alternate_light;15_5;3;11/04/2023;25;1;0;0;0;1;2;0;0;0
Minuartia CF;A_alternate_light;15_5;4;11/04/2023;25;1;0;1;1;1;1;0;0;0
Minuartia CF;B_alternate_dark;15_5;1;11/04/2023;25;;;;;;;6;1;1
Minuartia CF;B_alternate_dark;15_5;2;11/04/2023;25;;;;;;;2;1;0
Minuartia CF;B_alternate_dark;15_5;3;11/04/2023;25;;;;;;;1;0;1
Minuartia CF;B_alternate_dark;15_5;4;11/04/2023;25;;;;;;;3;0;0
Minuartia CF;C_alternate_WP;15_5;1;11/04/2023;24;0;0;0;0;0;0;0;0;0
Minuartia CF;C_alternate_WP;15_5;2;11/04/2023;25;0;0;0;0;0;0;0;2;2
Minuartia CF;C_alternate_WP;15_5;3;11/04/2023;25;0;0;0;0;0;0;0;5;0
Minuartia CF;C_alternate_WP;15_5;4;11/04/2023;25;0;0;0;0;0;0;0;5;0
Minuartia CF;D_constant_light;10;1;11/04/2023;25;1;0;2;0;0;0;0;2;2
Minuartia CF;D_constant_light;10;2;11/04/2023;25;2;0;2;1;0;1;0;3;0
Minuartia CF;D_constant_light;10;3;11/04/2023;24;0;1;3;0;0;0;0;4;3
Minuartia CF;D_constant_light;10;4;11/04/2023;25;1;0;0;1;0;0;0;2;0
Minuartia recurva;A_alternate_light;22_12;1;13/04/2023;25;0;14;0;0;0;0;0;3;0
Minuartia recurva;A_alternate_light;22_12;2;13/04/2023;25;1;11;0;1;0;0;0;0;0
Minuartia recurva;A_alternate_light;22_12;3;13/04/2023;25;0;14;0;0;0;0;0;1;3
Minuartia recurva;A_alternate_light;22_12;4;13/04/2023;25;0;9;1;0;0;0;0;4;0
Minuartia recurva;B_alternate_dark;22_12;1;13/04/2023;25;;;;;;;19;1;0
Minuartia recurva;B_alternate_dark;22_12;2;13/04/2023;25;;;;;;;14;1;0
Minuartia recurva;B_alternate_dark;22_12;3;13/04/2023;25;;;;;;;13;0;4
Minuartia recurva;B_alternate_dark;22_12;4;13/04/2023;25;;;;;;;16;1;0
Minuartia recurva;C_alternate_WP;22_12;1;13/04/2023;25;3;1;2;0;0;1;0;10;1
Minuartia recurva;C_alternate_WP;22_12;2;13/04/2023;25;1;2;0;0;0;0;0;6;0
Minuartia recurva;C_alternate_WP;22_12;3;13/04/2023;25;0;2;0;0;0;0;0;3;1
Minuartia recurva;C_alternate_WP;22_12;4;13/04/2023;25;1;1;0;0;0;0;0;5;1
Minuartia recurva;D_constant_light;17;1;13/04/2023;25;0;17;0;0;0;0;0;3;0
Minuartia recurva;D_constant_light;17;2;13/04/2023;25;1;13;0;0;0;0;0;2;1
Minuartia recurva;D_constant_light;17;3;13/04/2023;25;1;12;0;0;0;0;0;5;0
Minuartia recurva;D_constant_light;17;4;13/04/2023;25;0;18;0;0;0;0;0;0;0
Minuartia verna;A_alternate_light;15_5;1;11/04/2023;25;0;0;1;0;0;1;0;0;0
Minuartia verna;A_alternate_light;15_5;2;11/04/2023;25;0;0;0;1;1;1;0;0;0
Minuartia verna;A_alternate_light;15_5;3;11/04/2023;25;0;0;0;2;0;1;2;0;0
Minuartia verna;B_alternate_dark;15_5;1;11/04/2023;25;;;;;;;2;0;0
Minuartia verna;B_alternate_dark;15_5;2;11/04/2023;25;;;;;;;2;0;0
Minuartia verna;B_alternate_dark;15_5;3;11/04/2023;25;;;;;;;3;0;0
Minuartia verna;C_alternate_WP;15_5;1;11/04/2023;25;0;0;0;0;0;0;0;0;0
Minuartia verna;C_alternate_WP;15_5;2;11/04/2023;25;0;0;0;0;0;0;0;0;0
Minuartia verna;C_alternate_WP;15_5;3;11/04/2023;25;0;0;0;0;0;0;0;0;0
Minuartia verna;D_constant_light;10;1;11/04/2023;25;0;0;0;1;1;0;0;0;0
Minuartia verna;D_constant_light;10;2;11/04/2023;25;0;1;1;1;0;2;1;0;0
Minuartia verna;D_constant_light;10;3;11/04/2023;25;0;0;0;2;1;1;0;0;0
Neoschischkinia truncatula;A_alternate_light;22_12;1;13/04/2023;25;0;0;0;0;0;0;3;1;0
Neoschischkinia truncatula;A_alternate_light;22_12;2;13/04/2023;24;0;0;0;0;0;1;3;0;0
Neoschischkinia truncatula;A_alternate_light;22_12;3;13/04/2023;25;2;0;0;0;2;1;1;1;0
Neoschischkinia truncatula;A_alternate_light;22_12;4;13/04/2023;25;1;0;0;0;1;0;1;1;1
Neoschischkinia truncatula;B_alternate_dark;22_12;1;13/04/2023;25;;;;;;;0;2;3
Neoschischkinia truncatula;B_alternate_dark;22_12;2;13/04/2023;25;;;;;;;1;0;3
Neoschischkinia truncatula;B_alternate_dark;22_12;3;13/04/2023;25;;;;;;;2;0;0
Neoschischkinia truncatula;B_alternate_dark;22_12;4;13/04/2023;25;;;;;;;2;0;0
Neoschischkinia truncatula;C_alternate_WP;22_12;1;13/04/2023;25;2;0;0;0;0;0;0;1;1
Neoschischkinia truncatula;C_alternate_WP;22_12;2;13/04/2023;25;2;0;0;0;0;0;0;1;2
Neoschischkinia truncatula;C_alternate_WP;22_12;3;13/04/2023;25;1;1;0;0;0;0;0;1;1
Neoschischkinia truncatula;C_alternate_WP;22_12;4;13/04/2023;25;2;0;0;0;0;0;0;0;4
Neoschischkinia truncatula;D_constant_light;17;1;13/04/2023;25;0;0;0;0;0;2;0;2;1
Neoschischkinia truncatula;D_constant_light;17;2;13/04/2023;25;4;0;0;0;1;1;0;1;0
Neoschischkinia truncatula;D_constant_light;17;3;13/04/2023;25;2;0;0;0;0;0;0;4;1
Neoschischkinia truncatula;D_constant_light;17;4;13/04/2023;25;2;0;0;0;0;0;0;0;0
Pedicularis pyrenaica;A_alternate_light;15_5;1;21/04/2023;25;2;0;3;5;0;0;0;2;0
Pedicularis pyrenaica;A_alternate_light;15_5;2;21/04/2023;25;1;0;4;6;1;0;0;0;0
Pedicularis pyrenaica;A_alternate_light;15_5;3;21/04/2023;25;0;0;5;3;3;0;0;0;0
Pedicularis pyrenaica;B_alternate_dark;15_5;1;21/04/2023;25;;;;;;;3;0;1
Pedicularis pyrenaica;B_alternate_dark;15_5;2;21/04/2023;25;;;;;;;5;0;0
Pedicularis pyrenaica;B_alternate_dark;15_5;3;21/04/2023;25;;;;;;;3;0;1
Pedicularis pyrenaica;C_alternate_WP;15_5;1;21/04/2023;25;0;0;0;2;0;0;0;0;0
Pedicularis pyrenaica;C_alternate_WP;15_5;2;21/04/2023;25;0;0;0;2;3;1;0;0;2
Pedicularis pyrenaica;C_alternate_WP;15_5;3;21/04/2023;25;1;0;0;0;1;1;1;0;1
Pedicularis pyrenaica;D_constant_light;10;1;21/04/2023;25;1;0;2;1;0;0;0;0;0
Pedicularis pyrenaica;D_constant_light;10;2;21/04/2023;25;0;0;0;0;0;0;0;0;2
Pedicularis pyrenaica;D_constant_light;10;3;21/04/2023;25;1;0;1;0;0;0;0;0;0
Phalacrocarpum oppositifolium;A_alternate_light;22_12;1;11/04/2023;25;18;0;0;0;0;0;0;5;2
Phalacrocarpum oppositifolium;A_alternate_light;22_12;2;11/04/2023;25;22;0;0;0;0;0;0;0;2
Phalacrocarpum oppositifolium;A_alternate_light;22_12;3;11/04/2023;25;22;0;0;0;0;0;0;0;3
Phalacrocarpum oppositifolium;B_alternate_dark;22_12;1;11/04/2023;25;;;;;;;18;3;2
Phalacrocarpum oppositifolium;B_alternate_dark;22_12;2;11/04/2023;25;;;;;;;22;0;3
Phalacrocarpum oppositifolium;B_alternate_dark;22_12;3;11/04/2023;25;;;;;;;14;4;6
Phalacrocarpum oppositifolium;C_alternate_WP;22_12;1;11/04/2023;25;24;0;0;0;0;0;0;0;1
Phalacrocarpum oppositifolium;C_alternate_WP;22_12;2;11/04/2023;25;24;0;0;0;0;0;0;1;0
Phalacrocarpum oppositifolium;C_alternate_WP;22_12;3;11/04/2023;25;21;0;0;0;0;0;0;0;2
Phalacrocarpum oppositifolium;D_constant_light;17;1;11/04/2023;25;23;0;0;0;0;0;0;1;1
Phalacrocarpum oppositifolium;D_constant_light;17;2;11/04/2023;25;24;0;0;0;0;0;0;0;0
Phalacrocarpum oppositifolium;D_constant_light;17;3;11/04/2023;25;24;0;0;0;0;0;0;1;0
Phyteuma hemisphaericum;A_alternate_light;15_5;1;11/04/2023;25;1;7;6;0;0;1;0;0;0
Phyteuma hemisphaericum;A_alternate_light;15_5;2;11/04/2023;25;0;4;4;0;0;1;0;0;0
Phyteuma hemisphaericum;A_alternate_light;15_5;3;11/04/2023;25;0;10;3;0;0;0;0;1;0
Phyteuma hemisphaericum;A_alternate_light;15_5;4;11/04/2023;25;0;6;5;1;0;1;0;1;1
Phyteuma hemisphaericum;B_alternate_dark;15_5;1;11/04/2023;25;;;;;;;13;0;0
Phyteuma hemisphaericum;B_alternate_dark;15_5;2;11/04/2023;25;;;;;;;11;0;1
Phyteuma hemisphaericum;B_alternate_dark;15_5;3;11/04/2023;25;;;;;;;15;2;1
Phyteuma hemisphaericum;B_alternate_dark;15_5;4;11/04/2023;25;;;;;;;11;1;1
Phyteuma hemisphaericum;C_alternate_WP;15_5;1;11/04/2023;25;0;0;0;1;2;0;0;0;1
Phyteuma hemisphaericum;C_alternate_WP;15_5;2;11/04/2023;25;0;0;3;1;0;0;0;2;1
Phyteuma hemisphaericum;C_alternate_WP;15_5;3;11/04/2023;25;0;0;3;0;0;0;0;2;0
Phyteuma hemisphaericum;C_alternate_WP;15_5;4;11/04/2023;25;0;0;0;2;0;0;0;1;3
Phyteuma hemisphaericum;D_constant_light;10;1;11/04/2023;25;0;2;10;0;0;0;0;1;0
Phyteuma hemisphaericum;D_constant_light;10;2;11/04/2023;25;0;2;9;0;0;1;0;1;1
Phyteuma hemisphaericum;D_constant_light;10;3;11/04/2023;25;0;4;11;0;0;0;0;1;1
Phyteuma hemisphaericum;D_constant_light;10;4;11/04/2023;25;0;2;10;0;0;0;0;2;0
Plantago alpina;A_alternate_light;15_5;1;12/04/2023;25;1;23;0;0;0;0;0;0;1
Plantago alpina;A_alternate_light;15_5;2;12/04/2023;22;1;19;1;0;0;0;0;0;0
Plantago alpina;A_alternate_light;15_5;3;12/04/2023;25;1;21;0;0;0;0;0;0;1
Plantago alpina;A_alternate_light;15_5;4;12/04/2023;25;1;23;1;;;;;0;0
Plantago alpina;B_alternate_dark;15_5;1;12/04/2023;25;;;;;;;20;4;1
Plantago alpina;B_alternate_dark;15_5;2;12/04/2023;25;;;;;;;23;2;0
Plantago alpina;B_alternate_dark;15_5;3;12/04/2023;25;;;;;;;24;0;1
Plantago alpina;B_alternate_dark;15_5;4;12/04/2023;25;;;;;;;24;0;1
Plantago alpina;C_alternate_WP;15_5;1;12/04/2023;25;0;20;2;0;1;0;0;2;0
Plantago alpina;C_alternate_WP;15_5;2;12/04/2023;23;2;17;1;1;0;0;0;1;0
Plantago alpina;C_alternate_WP;15_5;3;12/04/2023;25;0;22;0;0;0;0;0;1;0
Plantago alpina;C_alternate_WP;15_5;4;12/04/2023;25;0;19;1;0;1;0;0;0;1
Plantago alpina;D_constant_light;10;1;12/04/2023;24;2;18;0;0;0;0;0;1;2
Plantago alpina;D_constant_light;10;2;12/04/2023;24;2;15;0;0;0;0;0;3;3
Plantago alpina;D_constant_light;10;3;12/04/2023;23;1;16;0;0;0;0;0;1;4
Plantago alpina;D_constant_light;10;4;12/04/2023;25;2;23;;;;;;0;0
Plantago holosteum;A_alternate_light;22_12;1;13/04/2023;25;4;20;0;0;0;0;0;0;0
Plantago holosteum;A_alternate_light;22_12;2;13/04/2023;25;2;22;0;0;0;0;0;0;0
Plantago holosteum;A_alternate_light;22_12;3;13/04/2023;25;3;22;;;;;;0;0
Plantago holosteum;A_alternate_light;22_12;4;13/04/2023;25;5;18;0;0;0;0;0;0;1
Plantago holosteum;B_alternate_dark;22_12;1;13/04/2023;25;;;;;;;25;0;0
Plantago holosteum;B_alternate_dark;22_12;2;13/04/2023;25;;;;;;;25;0;0
Plantago holosteum;B_alternate_dark;22_12;3;13/04/2023;25;;;;;;;25;0;0
Plantago holosteum;B_alternate_dark;22_12;4;13/04/2023;25;;;;;;;24;0;0
Plantago holosteum;C_alternate_WP;22_12;1;13/04/2023;25;2;19;0;0;0;0;0;0;2
Plantago holosteum;C_alternate_WP;22_12;2;13/04/2023;25;0;24;0;0;0;0;0;0;0
Plantago holosteum;C_alternate_WP;22_12;3;13/04/2023;25;0;25;;;;;;0;0
Plantago holosteum;C_alternate_WP;22_12;4;13/04/2023;25;5;19;0;0;0;0;0;0;0
Plantago holosteum;D_constant_light;17;1;13/04/2023;24;3;20;0;0;0;0;0;0;1
Plantago holosteum;D_constant_light;17;2;13/04/2023;25;1;22;0;0;0;0;0;0;1
Plantago holosteum;D_constant_light;17;3;13/04/2023;25;5;19;0;0;0;0;0;0;1
Plantago holosteum;D_constant_light;17;4;13/04/2023;25;1;24;;;;;;0;0
Salix breviserrata;A_alternate_light;15_5;1;11/04/2023;25;0;0;0;0;0;0;0;3;4
Salix breviserrata;A_alternate_light;15_5;2;11/04/2023;25;0;0;0;0;0;0;0;4;8
Salix breviserrata;A_alternate_light;15_5;3;11/04/2023;25;0;0;0;0;0;0;0;0;14
Salix breviserrata;A_alternate_light;15_5;4;11/04/2023;25;0;0;0;0;0;0;0;5;3
Salix breviserrata;B_alternate_dark;15_5;1;11/04/2023;25;;;;;;;0;2;0
Salix breviserrata;B_alternate_dark;15_5;2;11/04/2023;25;;;;;;;0;0;20
Salix breviserrata;B_alternate_dark;15_5;3;11/04/2023;25;;;;;;;0;2;15
Salix breviserrata;B_alternate_dark;15_5;4;11/04/2023;25;;;;;;;0;2;20
Salix breviserrata;C_alternate_WP;15_5;1;11/04/2023;25;0;0;0;0;0;0;0;0;21
Salix breviserrata;C_alternate_WP;15_5;2;11/04/2023;25;0;0;0;0;0;0;0;0;25
Salix breviserrata;C_alternate_WP;15_5;3;11/04/2023;24;0;0;0;0;0;0;0;0;20
Salix breviserrata;C_alternate_WP;15_5;4;11/04/2023;25;0;0;0;0;0;0;0;0;23
Salix breviserrata;D_constant_light;10;1;11/04/2023;25;0;0;0;0;0;0;0;0;17
Salix breviserrata;D_constant_light;10;2;11/04/2023;25;0;0;0;0;0;0;0;1;5
Salix breviserrata;D_constant_light;10;3;11/04/2023;25;0;0;0;0;0;0;0;0;9
Salix breviserrata;D_constant_light;10;4;11/04/2023;25;0;0;0;0;0;0;0;0;20
Saxifraga conifera;A_alternate_light;22_12;1;12/04/2023;25;0;0;0;0;0;0;0;8;1
Saxifraga conifera;A_alternate_light;22_12;2;12/04/2023;25;0;0;0;0;0;0;0;7;0
Saxifraga conifera;A_alternate_light;22_12;3;12/04/2023;25;0;0;0;0;0;0;1;6;4
Saxifraga conifera;A_alternate_light;22_12;4;12/04/2023;25;0;0;0;1;3;0;0;4;1
Saxifraga conifera;B_alternate_dark;22_12;1;12/04/2023;25;;;;;;;0;4;0
Saxifraga conifera;B_alternate_dark;22_12;2;12/04/2023;25;;;;;;;0;5;0
Saxifraga conifera;B_alternate_dark;22_12;3;12/04/2023;25;;;;;;;1;5;0
Saxifraga conifera;B_alternate_dark;22_12;4;12/04/2023;25;;;;;;;0;6;0
Saxifraga conifera;C_alternate_WP;22_12;1;12/04/2023;25;0;0;0;0;0;0;0;5;3
Saxifraga conifera;C_alternate_WP;22_12;2;12/04/2023;25;0;0;0;0;0;0;0;5;5
Saxifraga conifera;C_alternate_WP;22_12;3;12/04/2023;24;0;0;0;0;0;0;0;3;2
Saxifraga conifera;C_alternate_WP;22_12;4;12/04/2023;25;0;0;0;0;0;0;0;4;5
Saxifraga conifera;D_constant_light;17;1;12/04/2023;25;0;0;0;0;0;0;0;6;0
Saxifraga conifera;D_constant_light;17;2;12/04/2023;25;0;0;0;0;0;4;2;3;0
Saxifraga conifera;D_constant_light;17;3;12/04/2023;25;0;0;0;0;4;4;2;2;0
Saxifraga conifera;D_constant_light;17;4;12/04/2023;25;0;0;0;0;0;3;3;3;0
Saxifraga oppositifolia;A_alternate_light;22_12;1;12/04/2023;25;0;0;3;1;0;0;0;4;1
Saxifraga oppositifolia;A_alternate_light;22_12;2;12/04/2023;25;0;0;5;0;0;0;0;1;0
Saxifraga oppositifolia;A_alternate_light;22_12;3;12/04/2023;25;0;0;3;0;0;0;0;0;0
Saxifraga oppositifolia;A_alternate_light;22_12;4;12/04/2023;25;0;0;6;1;0;0;0;2;1
Saxifraga oppositifolia;B_alternate_dark;22_12;1;12/04/2023;25;;;;;;;0;3;0
Saxifraga oppositifolia;B_alternate_dark;22_12;2;12/04/2023;25;;;;;;;0;4;0
Saxifraga oppositifolia;B_alternate_dark;22_12;3;12/04/2023;25;;;;;;;0;2;0
Saxifraga oppositifolia;B_alternate_dark;22_12;4;12/04/2023;25;;;;;;;0;2;0
Saxifraga oppositifolia;C_alternate_WP;22_12;1;12/04/2023;25;0;0;0;0;0;0;0;1;2
Saxifraga oppositifolia;C_alternate_WP;22_12;2;12/04/2023;25;0;0;0;0;0;0;0;0;3
Saxifraga oppositifolia;C_alternate_WP;22_12;3;12/04/2023;25;0;0;0;0;0;0;0;1;2
Saxifraga oppositifolia;C_alternate_WP;22_12;4;12/04/2023;25;0;0;0;0;0;0;0;2;2
Saxifraga oppositifolia;D_constant_light;17;1;12/04/2023;25;0;0;19;3;0;0;0;0;0
Saxifraga oppositifolia;D_constant_light;17;2;12/04/2023;25;0;0;15;5;0;0;0;1;0
Saxifraga oppositifolia;D_constant_light;17;3;12/04/2023;25;0;0;8;4;0;0;0;1;0
Saxifraga oppositifolia;D_constant_light;17;4;12/04/2023;25;0;0;13;2;0;0;0;1;0
Saxifraga paniculata;A_alternate_light;22_12;1;12/04/2023;25;0;0;0;0;0;0;0;10;0
Saxifraga paniculata;A_alternate_light;22_12;2;12/04/2023;25;0;0;0;0;0;0;0;8;0
Saxifraga paniculata;A_alternate_light;22_12;3;12/04/2023;25;0;0;0;0;0;0;0;4;0
Saxifraga paniculata;A_alternate_light;22_12;4;12/04/2023;25;0;0;0;0;0;0;0;6;0
Saxifraga paniculata;B_alternate_dark;22_12;1;12/04/2023;25;;;;;;;0;8;1
Saxifraga paniculata;B_alternate_dark;22_12;2;12/04/2023;25;;;;;;;0;8;0
Saxifraga paniculata;B_alternate_dark;22_12;3;12/04/2023;25;;;;;;;0;4;0
Saxifraga paniculata;B_alternate_dark;22_12;4;12/04/2023;25;;;;;;;0;7;0
Saxifraga paniculata;C_alternate_WP;22_12;1;12/04/2023;25;0;0;0;0;0;0;0;12;0
Saxifraga paniculata;C_alternate_WP;22_12;2;12/04/2023;25;0;0;0;0;0;0;0;10;1
Saxifraga paniculata;C_alternate_WP;22_12;3;12/04/2023;25;0;0;0;0;0;0;0;7;0
Saxifraga paniculata;C_alternate_WP;22_12;4;12/04/2023;25;0;0;0;0;0;0;0;8;0
Saxifraga paniculata;D_constant_light;17;1;12/04/2023;25;0;0;0;0;0;0;0;4;0
Saxifraga paniculata;D_constant_light;17;2;12/04/2023;25;0;0;0;1;0;0;0;3;0
Saxifraga paniculata;D_constant_light;17;3;12/04/2023;25;0;0;0;0;0;1;0;8;0
Saxifraga paniculata;D_constant_light;17;4;12/04/2023;25;0;0;1;1;0;0;0;5;0
Scilla verna;A_alternate_light;22_12;1;13/04/2023;25;0;0;0;0;0;0;0;0;0
Scilla verna;A_alternate_light;22_12;2;13/04/2023;25;0;0;0;0;0;0;0;0;8
Scilla verna;B_alternate_dark;22_12;1;13/04/2023;25;;;;;;;0;0;0
Scilla verna;B_alternate_dark;22_12;2;13/04/2023;25;;;;;;;1;0;0
Scilla verna;C_alternate_WP;22_12;1;13/04/2023;24;0;0;0;0;0;0;0;0;0
Scilla verna;C_alternate_WP;22_12;2;13/04/2023;25;0;0;0;0;0;0;0;0;0
Scilla verna;D_constant_light;17;1;13/04/2023;20;0;0;1;0;0;0;0;1;0
Scilla verna;D_constant_light;17;2;13/04/2023;25;0;0;0;0;0;0;0;0;0
Sedum album;A_alternate_light;22_12;1;12/04/2023;25;0;0;0;0;0;0;0;1;5
Sedum album;A_alternate_light;22_12;2;12/04/2023;25;0;0;0;0;0;0;0;0;9
Sedum album;A_alternate_light;22_12;3;12/04/2023;25;0;0;0;0;0;0;0;0;6
Sedum album;B_alternate_dark;22_12;1;12/04/2023;25;;;;;;;0;0;3
Sedum album;B_alternate_dark;22_12;2;12/04/2023;25;;;;;;;0;2;0
Sedum album;B_alternate_dark;22_12;3;12/04/2023;25;;;;;;;0;1;0
Sedum album;C_alternate_WP;22_12;1;12/04/2023;25;0;0;0;0;0;0;0;3;4
Sedum album;C_alternate_WP;22_12;2;12/04/2023;25;0;0;0;0;0;0;0;1;9
Sedum album;C_alternate_WP;22_12;3;12/04/2023;25;0;0;0;0;0;0;0;0;10
Sedum album;D_constant_light;17;1;12/04/2023;25;0;0;0;0;0;0;0;2;3
Sedum album;D_constant_light;17;2;12/04/2023;25;0;0;0;0;0;0;0;3;0
Sedum album;D_constant_light;17;3;12/04/2023;25;0;0;0;0;0;0;0;1;1
Sedum anglicum;A_alternate_light;22_12;1;12/04/2023;25;0;15;1;1;0;0;0;2;0
Sedum anglicum;A_alternate_light;22_12;2;12/04/2023;25;0;16;2;0;0;0;0;1;2
Sedum anglicum;A_alternate_light;22_12;3;12/04/2023;25;0;16;0;0;0;0;0;1;0
Sedum anglicum;A_alternate_light;22_12;4;12/04/2023;25;0;13;0;0;0;0;0;3;0
Sedum anglicum;B_alternate_dark;22_12;1;12/04/2023;25;;;;;;;2;1;4
Sedum anglicum;B_alternate_dark;22_12;2;12/04/2023;25;;;;;;;4;3;0
Sedum anglicum;B_alternate_dark;22_12;3;12/04/2023;25;;;;;;;2;4;1
Sedum anglicum;B_alternate_dark;22_12;4;12/04/2023;25;;;;;;;7;1;0
Sedum anglicum;C_alternate_WP;22_12;1;12/04/2023;25;0;4;0;0;0;0;0;4;0
Sedum anglicum;C_alternate_WP;22_12;2;12/04/2023;24;0;5;0;0;0;0;0;3;0
Sedum anglicum;C_alternate_WP;22_12;3;12/04/2023;25;0;2;0;0;0;0;0;2;0
Sedum anglicum;C_alternate_WP;22_12;4;12/04/2023;25;0;0;1;0;0;0;0;3;0
Sedum anglicum;D_constant_light;17;1;12/04/2023;25;0;17;0;0;0;1;0;0;0
Sedum anglicum;D_constant_light;17;2;12/04/2023;25;0;18;0;0;0;0;0;2;0
Sedum anglicum;D_constant_light;17;3;12/04/2023;25;0;17;2;1;0;0;0;1;0
Sedum anglicum;D_constant_light;17;4;12/04/2023;25;0;15;1;0;0;0;0;2;2
Sedum atratum;A_alternate_light;22_12;1;12/04/2023;25;0;0;0;0;0;0;0;0;7
Sedum atratum;A_alternate_light;22_12;2;12/04/2023;25;0;0;0;0;0;0;0;0;2
Sedum atratum;A_alternate_light;22_12;3;12/04/2023;25;0;0;0;0;0;0;0;1;4
Sedum atratum;B_alternate_dark;22_12;1;12/04/2023;25;;;;;;;0;2;0
Sedum atratum;B_alternate_dark;22_12;2;12/04/2023;25;;;;;;;0;2;0
Sedum atratum;B_alternate_dark;22_12;3;12/04/2023;25;;;;;;;0;0;3
Sedum atratum;C_alternate_WP;22_12;1;12/04/2023;25;0;0;0;0;0;0;0;1;1
Sedum atratum;C_alternate_WP;22_12;2;12/04/2023;25;0;0;0;0;0;0;0;0;1
Sedum atratum;C_alternate_WP;22_12;3;12/04/2023;25;0;0;0;0;0;0;0;1;4
Sedum atratum;D_constant_light;17;1;12/04/2023;24;0;0;0;0;0;0;0;2;5
Sedum atratum;D_constant_light;17;2;12/04/2023;23;0;0;0;0;0;0;0;3;2
Sedum atratum;D_constant_light;17;3;12/04/2023;25;0;0;0;0;0;0;0;2;2
Sedum brevifolium;A_alternate_light;15_5;1;12/04/2023;25;0;0;4;1;0;0;1;3;0
Sedum brevifolium;A_alternate_light;15_5;2;12/04/2023;25;0;0;5;0;0;0;0;2;5
Sedum brevifolium;A_alternate_light;15_5;3;12/04/2023;24;0;0;8;1;0;0;0;4;0
Sedum brevifolium;A_alternate_light;15_5;4;12/04/2023;25;0;0;6;1;0;0;0;3;1
Sedum brevifolium;B_alternate_dark;15_5;1;12/04/2023;25;;;;;;;1;2;1
Sedum brevifolium;B_alternate_dark;15_5;2;12/04/2023;25;;;;;;;1;5;2
Sedum brevifolium;B_alternate_dark;15_5;3;12/04/2023;25;;;;;;;3;4;0
Sedum brevifolium;B_alternate_dark;15_5;4;12/04/2023;25;;;;;;;7;6;0
Sedum brevifolium;C_alternate_WP;15_5;1;12/04/2023;25;0;0;0;0;0;0;0;3;0
Sedum brevifolium;C_alternate_WP;15_5;2;12/04/2023;25;0;0;0;0;0;0;0;2;6
Sedum brevifolium;C_alternate_WP;15_5;3;12/04/2023;25;0;0;0;0;0;0;0;4;0
Sedum brevifolium;C_alternate_WP;15_5;4;12/04/2023;25;0;0;0;0;0;0;0;1;2
Sedum brevifolium;D_constant_light;10;1;12/04/2023;25;0;0;3;2;2;0;0;3;0
Sedum brevifolium;D_constant_light;10;2;12/04/2023;25;0;0;3;2;0;0;0;2;1
Sedum brevifolium;D_constant_light;10;3;12/04/2023;25;0;0;5;1;0;1;0;3;1
Sedum brevifolium;D_constant_light;10;4;12/04/2023;25;0;0;9;4;2;1;0;3;0
Sempervivum arachnoideum;A_alternate_light;22_12;1;12/04/2023;25;1;1;0;0;0;0;0;3;0
Sempervivum arachnoideum;A_alternate_light;22_12;2;12/04/2023;25;0;2;0;0;0;0;0;5;1
Sempervivum arachnoideum;A_alternate_light;22_12;3;12/04/2023;25;0;2;0;0;0;0;0;7;0
Sempervivum arachnoideum;A_alternate_light;22_12;4;12/04/2023;25;0;3;0;0;0;0;0;5;3
Sempervivum arachnoideum;B_alternate_dark;22_12;1;12/04/2023;25;;;;;;;0;7;0
Sempervivum arachnoideum;B_alternate_dark;22_12;2;12/04/2023;25;;;;;;;0;5;0
Sempervivum arachnoideum;B_alternate_dark;22_12;3;12/04/2023;25;;;;;;;0;3;0
Sempervivum arachnoideum;B_alternate_dark;22_12;4;12/04/2023;25;;;;;;;1;6;0
Sempervivum arachnoideum;C_alternate_WP;22_12;1;12/04/2023;25;0;0;0;0;0;0;0;8;1
Sempervivum arachnoideum;C_alternate_WP;22_12;2;12/04/2023;25;0;0;2;0;0;0;0;12;0
Sempervivum arachnoideum;C_alternate_WP;22_12;3;12/04/2023;25;0;0;0;0;0;0;0;8;4
Sempervivum arachnoideum;C_alternate_WP;22_12;4;12/04/2023;25;0;0;1;0;0;0;0;9;0
Sempervivum arachnoideum;D_constant_light;17;1;12/04/2023;25;0;6;0;0;0;0;0;5;4
Sempervivum arachnoideum;D_constant_light;17;2;12/04/2023;25;0;5;0;0;0;0;0;6;0
Sempervivum arachnoideum;D_constant_light;17;3;12/04/2023;25;0;5;0;0;0;0;0;7;0
Sempervivum arachnoideum;D_constant_light;17;4;12/04/2023;23;0;5;0;0;0;0;0;7;2
Sempervivum vicentei;A_alternate_light;22_12;1;21/04/2023;25;0;16;0;0;0;0;0;1;1
Sempervivum vicentei;A_alternate_light;22_12;2;21/04/2023;24;0;12;0;0;0;0;0;1;1
Sempervivum vicentei;B_alternate_dark;22_12;1;21/04/2023;25;;;;;;;0;0;2
Sempervivum vicentei;B_alternate_dark;22_12;2;21/04/2023;25;;;;;;;1;0;4
Sempervivum vicentei;C_alternate_WP;22_12;1;21/04/2023;25;0;3;9;0;0;0;1;2;0
Sempervivum vicentei;C_alternate_WP;22_12;2;21/04/2023;25;0;4;5;0;0;0;0;0;4
Sempervivum vicentei;D_constant_light;17;1;21/04/2023;25;0;12;1;0;0;0;0;0;5
Sempervivum vicentei;D_constant_light;17;2;21/04/2023;25;0;5;0;0;0;0;0;1;0
Silene acaulis;A_alternate_light;22_12;1;13/04/2023;25;0;19;1;0;0;0;0;0;0
Silene acaulis;A_alternate_light;22_12;2;13/04/2023;25;1;15;4;0;0;0;0;1;0
Silene acaulis;A_alternate_light;22_12;3;13/04/2023;25;3;15;1;1;0;0;0;2;0
Silene acaulis;A_alternate_light;22_12;4;13/04/2023;24;1;18;0;0;0;0;0;3;2
Silene acaulis;B_alternate_dark;22_12;1;13/04/2023;25;;;;;;;24;0;0
Silene acaulis;B_alternate_dark;22_12;2;13/04/2023;25;;;;;;;15;1;1
Silene acaulis;B_alternate_dark;22_12;3;13/04/2023;25;;;;;;;19;1;0
Silene acaulis;B_alternate_dark;22_12;4;13/04/2023;25;;;;;;;19;0;4
Silene acaulis;C_alternate_WP;22_12;1;13/04/2023;25;2;0;0;0;0;0;1;1;2
Silene acaulis;C_alternate_WP;22_12;2;13/04/2023;25;4;1;0;0;0;0;0;2;0
Silene acaulis;C_alternate_WP;22_12;3;13/04/2023;25;0;0;0;0;0;0;0;1;0
Silene acaulis;C_alternate_WP;22_12;4;13/04/2023;25;0;0;0;0;0;0;0;3;0
Silene acaulis;D_constant_light;17;1;13/04/2023;25;0;17;0;0;0;0;0;0;2
Silene acaulis;D_constant_light;17;2;13/04/2023;25;0;23;0;0;0;0;0;0;0
Silene acaulis;D_constant_light;17;3;13/04/2023;24;1;21;0;0;0;0;0;2;0
Silene acaulis;D_constant_light;17;4;13/04/2023;25;2;15;1;0;0;0;0;2;0
Silene ciliata;A_alternate_light;15_5;1;11/04/2023;25;0;14;6;0;0;0;0;1;0
Silene ciliata;A_alternate_light;15_5;2;11/04/2023;25;0;19;3;1;0;0;0;1;1
Silene ciliata;A_alternate_light;15_5;3;11/04/2023;25;0;17;3;0;0;0;0;1;2
Silene ciliata;A_alternate_light;15_5;4;11/04/2023;25;0;16;8;0;0;0;0;0;0
Silene ciliata;B_alternate_dark;15_5;1;11/04/2023;25;;;;;;;22;2;0
Silene ciliata;B_alternate_dark;15_5;2;11/04/2023;25;;;;;;;21;2;2
Silene ciliata;B_alternate_dark;15_5;3;11/04/2023;25;;;;;;;23;0;0
Silene ciliata;B_alternate_dark;15_5;4;11/04/2023;25;;;;;;;23;1;0
Silene ciliata;C_alternate_WP;15_5;1;11/04/2023;25;0;1;6;2;0;0;0;0;1
Silene ciliata;C_alternate_WP;15_5;2;11/04/2023;25;0;0;1;2;0;0;0;1;1
Silene ciliata;C_alternate_WP;15_5;3;11/04/2023;25;1;3;3;0;1;1;0;0;0
Silene ciliata;C_alternate_WP;15_5;4;11/04/2023;24;1;0;4;3;0;0;0;2;0
Silene ciliata;D_constant_light;10;1;11/04/2023;25;1;13;9;0;0;0;0;1;0
Silene ciliata;D_constant_light;10;2;11/04/2023;25;0;15;4;1;0;0;0;2;1
Silene ciliata;D_constant_light;10;3;11/04/2023;25;0;14;5;1;0;0;0;1;0
Silene ciliata;D_constant_light;10;4;11/04/2023;25;1;14;5;1;0;0;0;1;1
Solidago virgaurea;A_alternate_light;15_5;1;12/04/2023;25;0;0;0;0;0;0;0;0;18
Solidago virgaurea;A_alternate_light;15_5;2;12/04/2023;25;0;0;0;0;0;0;0;2;4
Solidago virgaurea;A_alternate_light;15_5;3;12/04/2023;25;0;0;0;0;0;0;0;1;8
Solidago virgaurea;A_alternate_light;15_5;4;12/04/2023;24;0;0;0;0;0;0;0;1;6
Solidago virgaurea;B_alternate_dark;15_5;1;12/04/2023;25;;;;;;;0;0;0
Solidago virgaurea;B_alternate_dark;15_5;2;12/04/2023;25;;;;;;;0;1;2
Solidago virgaurea;B_alternate_dark;15_5;3;12/04/2023;25;;;;;;;0;3;0
Solidago virgaurea;B_alternate_dark;15_5;4;12/04/2023;25;;;;;;;0;0;1
Solidago virgaurea;C_alternate_WP;15_5;1;12/04/2023;25;0;0;0;0;0;0;0;7;2
Solidago virgaurea;C_alternate_WP;15_5;2;12/04/2023;25;0;0;0;0;0;0;0;4;13
Solidago virgaurea;C_alternate_WP;15_5;3;12/04/2023;25;0;0;0;0;0;0;0;1;20
Solidago virgaurea;C_alternate_WP;15_5;4;12/04/2023;16;0;0;0;0;0;0;0;0;16
Solidago virgaurea;D_constant_light;10;1;12/04/2023;22;1;0;0;0;0;0;0;2;5
Solidago virgaurea;D_constant_light;10;2;12/04/2023;25;0;0;0;0;0;0;0;3;5
Solidago virgaurea;D_constant_light;10;3;12/04/2023;25;1;0;0;0;0;0;0;3;2
Solidago virgaurea;D_constant_light;10;4;12/04/2023;25;0;0;0;0;0;0;0;3;8
Spergula morisonii;A_alternate_light;22_12;1;12/04/2023;25;0;0;0;0;0;1;0;0;0
Spergula morisonii;A_alternate_light;22_12;2;12/04/2023;25;0;0;0;0;0;0;0;0;1
Spergula morisonii;A_alternate_light;22_12;3;12/04/2023;25;0;0;0;0;1;0;0;0;0
Spergula morisonii;A_alternate_light;22_12;4;12/04/2023;25;0;0;0;0;0;0;0;1;0
Spergula morisonii;B_alternate_dark;22_12;1;12/04/2023;25;;;;;;;0;0;0
Spergula morisonii;B_alternate_dark;22_12;2;12/04/2023;25;;;;;;;0;1;0
Spergula morisonii;B_alternate_dark;22_12;3;12/04/2023;25;;;;;;;0;1;1
Spergula morisonii;B_alternate_dark;22_12;4;12/04/2023;25;;;;;;;0;2;1
Spergula morisonii;C_alternate_WP;22_12;1;12/04/2023;25;0;0;0;0;0;0;0;0;0
Spergula morisonii;C_alternate_WP;22_12;2;12/04/2023;25;0;0;0;0;0;0;0;0;0
Spergula morisonii;C_alternate_WP;22_12;3;12/04/2023;25;0;0;0;0;0;0;0;0;2
Spergula morisonii;C_alternate_WP;22_12;4;12/04/2023;25;0;0;0;0;0;0;0;0;0
Spergula morisonii;D_constant_light;17;1;12/04/2023;25;0;0;0;0;0;0;0;0;1
Spergula morisonii;D_constant_light;17;2;12/04/2023;25;0;1;0;0;0;0;0;1;0
Spergula morisonii;D_constant_light;17;3;12/04/2023;25;0;1;0;0;2;0;0;0;0
Spergula morisonii;D_constant_light;17;4;12/04/2023;25;0;3;0;0;0;0;0;0;0
Teesdalia conferta;A_alternate_light;22_12;1;13/04/2023;25;25;;;;;;;0;0
Teesdalia conferta;A_alternate_light;22_12;2;13/04/2023;24;24;;;;;;;0;0
Teesdalia conferta;A_alternate_light;22_12;3;13/04/2023;25;25;;;;;;;0;0
Teesdalia conferta;A_alternate_light;22_12;4;13/04/2023;25;25;;;;;;;0;0
Teesdalia conferta;B_alternate_dark;22_12;1;13/04/2023;25;;;;;;;24;0;1
Teesdalia conferta;B_alternate_dark;22_12;2;13/04/2023;25;;;;;;;24;0;1
Teesdalia conferta;B_alternate_dark;22_12;3;13/04/2023;25;;;;;;;25;0;0
Teesdalia conferta;B_alternate_dark;22_12;4;13/04/2023;25;;;;;;;25;0;0
Teesdalia conferta;C_alternate_WP;22_12;1;13/04/2023;25;25;;;;;;;0;0
Teesdalia conferta;C_alternate_WP;22_12;2;13/04/2023;25;25;;;;;;;0;0
Teesdalia conferta;C_alternate_WP;22_12;3;13/04/2023;25;25;;;;;;;0;0
Teesdalia conferta;C_alternate_WP;22_12;4;13/04/2023;25;25;;;;;;;0;0
Teesdalia conferta;D_constant_light;17;1;13/04/2023;25;25;;;;;;;0;0
Teesdalia conferta;D_constant_light;17;2;13/04/2023;25;25;;;;;;;0;0
Teesdalia conferta;D_constant_light;17;3;13/04/2023;25;25;;;;;;;0;0
Teesdalia conferta;D_constant_light;17;4;13/04/2023;25;25;;;;;;;0;0
Thymus praecox;A_alternate_light;22_12;1;12/04/2023;25;0;9;0;0;0;0;0;3;3
Thymus praecox;A_alternate_light;22_12;2;12/04/2023;25;0;6;1;0;0;0;0;7;0
Thymus praecox;A_alternate_light;22_12;1;12/04/2023;25;0;5;0;0;0;0;0;10;0
Thymus praecox;A_alternate_light;22_12;2;12/04/2023;25;0;0;0;0;0;0;0;9;0
Thymus praecox;B_alternate_dark;22_12;1;12/04/2023;25;;;;;;;5;2;0
Thymus praecox;B_alternate_dark;22_12;2;12/04/2023;25;;;;;;;15;0;1
Thymus praecox;B_alternate_dark;22_12;1;12/04/2023;25;;;;;;;4;4;0
Thymus praecox;B_alternate_dark;22_12;2;12/04/2023;25;;;;;;;8;2;2
Thymus praecox;C_alternate_WP;22_12;1;12/04/2023;25;0;1;1;0;1;0;0;4;0
Thymus praecox;C_alternate_WP;22_12;2;12/04/2023;25;0;3;0;0;0;0;0;5;0
Thymus praecox;C_alternate_WP;22_12;1;12/04/2023;25;0;0;0;0;0;0;0;13;0
Thymus praecox;C_alternate_WP;22_12;2;12/04/2023;25;0;0;0;0;0;0;0;12;0
Thymus praecox;D_constant_light;17;1;12/04/2023;25;0;10;2;0;0;0;0;1;3
Thymus praecox;D_constant_light;17;2;12/04/2023;25;0;11;0;0;1;0;0;4;0
Thymus praecox;D_constant_light;17;1;12/04/2023;25;0;9;0;0;0;0;0;2;0
Thymus praecox;D_constant_light;17;2;12/04/2023;25;0;6;2;0;0;0;0;7;0
Veronica nummularia;A_alternate_light;22_12;1;11/04/2023;25;1;0;0;0;0;0;0;0;0
Veronica nummularia;A_alternate_light;22_12;2;11/04/2023;25;0;0;0;0;0;0;0;0;0
Veronica nummularia;A_alternate_light;22_12;3;11/04/2023;25;0;0;0;0;0;0;0;0;0
Veronica nummularia;A_alternate_light;22_12;4;11/04/2023;25;0;0;0;0;0;0;0;0;0
Veronica nummularia;B_alternate_dark;22_12;1;11/04/2023;25;;;;;;;1;0;0
Veronica nummularia;B_alternate_dark;22_12;2;11/04/2023;25;;;;;;;0;0;0
Veronica nummularia;B_alternate_dark;22_12;3;11/04/2023;25;;;;;;;0;0;0
Veronica nummularia;B_alternate_dark;22_12;4;11/04/2023;25;;;;;;;0;0;0
Veronica nummularia;C_alternate_WP;22_12;1;11/04/2023;25;0;0;0;0;0;0;0;0;0
Veronica nummularia;C_alternate_WP;22_12;2;11/04/2023;25;0;0;0;0;0;0;0;0;0
Veronica nummularia;C_alternate_WP;22_12;3;11/04/2023;25;0;0;0;0;0;0;0;0;0
Veronica nummularia;C_alternate_WP;22_12;4;11/04/2023;25;0;0;0;0;0;0;0;0;0
Veronica nummularia;D_constant_light;17;1;11/04/2023;25;0;0;0;0;0;0;0;1;0
Veronica nummularia;D_constant_light;17;2;11/04/2023;25;0;0;0;0;0;0;0;1;0
Veronica nummularia;D_constant_light;17;3;11/04/2023;25;0;0;0;0;0;0;0;2;0
Veronica nummularia;D_constant_light;17;4;11/04/2023;25;0;0;0;0;0;0;0;0;0
